{"type":"FeatureCollection","features":[{"type":"Feature","id":"way/153200430","properties":{"building":"yes","source":"bing","id":"way/153200430"},"geometry":{"type":"Polygon","coordinates":[[[121.6360574,38.9371969],[121.6356361,38.9378566],[121.6367767,38.9382974],[121.6362774,38.9390791],[121.6317151,38.937316],[121.6326476,38.9358562],[121.6342508,38.9364758],[121.6343943,38.9362511],[121.6347319,38.9363816],[121.6345766,38.9366246],[121.6360574,38.9371969]]]}},{"type":"Feature","id":"way/153200476","properties":{"building":"yes","source":"bing","id":"way/153200476"},"geometry":{"type":"Polygon","coordinates":[[[121.6389854,38.9389306],[121.6395134,38.9386119],[121.6423681,38.9414726],[121.6418402,38.9417913],[121.6389854,38.9389306]]]}},{"type":"Feature","id":"way/153200487","properties":{"building":"yes","source":"bing","id":"way/153200487"},"geometry":{"type":"Polygon","coordinates":[[[121.6394938,38.9384798],[121.6388867,38.9388421],[121.6377736,38.9377135],[121.6383807,38.9373513],[121.6394938,38.9384798]]]}},{"type":"Feature","id":"way/200399465","properties":{"building":"yes","id":"way/200399465"},"geometry":{"type":"Polygon","coordinates":[[[121.6505313,38.9177896],[121.650489,38.9175364],[121.6508972,38.9174951],[121.6509284,38.9176901],[121.6509395,38.9177483],[121.6505313,38.9177896]]]}},{"type":"Feature","id":"way/200399466","properties":{"building":"yes","id":"way/200399466"},"geometry":{"type":"Polygon","coordinates":[[[121.6510999,38.9169588],[121.651074,38.916792],[121.6515451,38.9167572],[121.651571,38.9169111],[121.6510999,38.9169588]]]}},{"type":"Feature","id":"way/200399467","properties":{"building":"yes","id":"way/200399467"},"geometry":{"type":"Polygon","coordinates":[[[121.6510505,38.91669],[121.6510047,38.9162784],[121.6513343,38.9162563],[121.65138,38.9166678],[121.6510505,38.91669]]]}},{"type":"Feature","id":"way/200399468","properties":{"building":"yes","id":"way/200399468"},"geometry":{"type":"Polygon","coordinates":[[[121.6526843,38.9166916],[121.6528442,38.9165439],[121.6530507,38.9166423],[121.6532273,38.9164557],[121.6535171,38.916575],[121.6533805,38.9167564],[121.6529774,38.9168082],[121.6526843,38.9166916]]]}},{"type":"Feature","id":"way/207888214","properties":{"amenity":"conference_centre","building":"yes","name":"大连国际会议中心","name:ru":"Конференц-центр","name:zh":"大连国际会议中心","website":"https://www.dl-icc.com/","wikidata":"Q62030442","id":"way/207888214"},"geometry":{"type":"Polygon","coordinates":[[[121.6683907,38.9296096],[121.6681208,38.9295034],[121.6680347,38.9295256],[121.667911,38.9295062],[121.6677281,38.9294505],[121.6673634,38.9293091],[121.6673233,38.9293116],[121.6671787,38.9291914],[121.6670299,38.9290246],[121.6667681,38.9289418],[121.6666338,38.9288181],[121.6665049,38.9286653],[121.6667498,38.9284592],[121.666941,38.9282197],[121.6669456,38.9281359],[121.6669938,38.9280696],[121.6671332,38.9279638],[121.6673315,38.9278355],[121.6674223,38.9277834],[121.667655,38.9276868],[121.6677724,38.927632],[121.6679541,38.9276911],[121.6681385,38.9275894],[121.6684892,38.9275075],[121.6686868,38.9276572],[121.668753,38.9277881],[121.6688756,38.928006],[121.6689194,38.9281866],[121.6689738,38.9284507],[121.6689873,38.9286575],[121.6689981,38.9288665],[121.6690091,38.9292093],[121.6689945,38.9293288],[121.6689586,38.9294233],[121.6688948,38.9295062],[121.6687934,38.9295724],[121.6686873,38.9296131],[121.6685447,38.9296276],[121.6683907,38.9296096]]]}},{"type":"Feature","id":"way/208644082","properties":{"building":"commercial","id":"way/208644082"},"geometry":{"type":"Polygon","coordinates":[[[121.6578232,38.9222407],[121.657099,38.9223241],[121.6570292,38.922224],[121.6572205,38.9218283],[121.6574799,38.9214268],[121.6578983,38.9213767],[121.6579358,38.9213893],[121.6580163,38.9222198],[121.6578232,38.9222407]]]}},{"type":"Feature","id":"way/208644083","properties":{"building":"commercial","id":"way/208644083"},"geometry":{"type":"Polygon","coordinates":[[[121.6562831,38.9217683],[121.6564092,38.9213059],[121.656607,38.9213267],[121.6567642,38.921404],[121.6568121,38.9214853],[121.6568334,38.9216092],[121.6567288,38.9217941],[121.6566591,38.9217732],[121.6565045,38.9218604],[121.6563479,38.921837],[121.6562831,38.9217683]]]}},{"type":"Feature","id":"way/208644192","properties":{"building":"commercial","name":"远洋洲际大厦","id":"way/208644192"},"geometry":{"type":"Polygon","coordinates":[[[121.6360234,38.9189596],[121.636182,38.9191531],[121.6361628,38.91923],[121.6359034,38.9193646],[121.635802,38.919349],[121.635641,38.9191484],[121.6356578,38.9190767],[121.6359169,38.9189468],[121.6360234,38.9189596]]]}},{"type":"Feature","id":"way/208644193","properties":{"building":"yes","name":"友好大厦","id":"way/208644193"},"geometry":{"type":"Polygon","coordinates":[[[121.6349951,38.9185997],[121.6350407,38.9184345],[121.6351047,38.9184433],[121.635212,38.9180292],[121.6353397,38.9180542],[121.6355993,38.9183612],[121.6354019,38.9184472],[121.6352646,38.9184257],[121.6352034,38.9186392],[121.6349951,38.9185997]]]}},{"type":"Feature","id":"way/219032813","properties":{"building":"yes","id":"way/219032813"},"geometry":{"type":"Polygon","coordinates":[[[121.6284167,38.926621],[121.6285278,38.9263527],[121.6288737,38.9264393],[121.6288267,38.9265529],[121.6286399,38.9265061],[121.6285758,38.9266609],[121.6284167,38.926621]]]}},{"type":"Feature","id":"way/219032869","properties":{"building":"yes","id":"way/219032869"},"geometry":{"type":"Polygon","coordinates":[[[121.630583,38.9271562],[121.6309468,38.9270246],[121.6310493,38.927196],[121.6312173,38.9271352],[121.6313786,38.927405],[121.6311766,38.9274781],[121.6310872,38.9273287],[121.6307575,38.927448],[121.630583,38.9271562]]]}},{"type":"Feature","id":"way/219032919","properties":{"building":"yes","id":"way/219032919"},"geometry":{"type":"Polygon","coordinates":[[[121.62839,38.9258162],[121.6284211,38.9257331],[121.6288719,38.9258351],[121.6288408,38.9259183],[121.62839,38.9258162]]]}},{"type":"Feature","id":"way/219032925","properties":{"building":"yes","id":"way/219032925"},"geometry":{"type":"Polygon","coordinates":[[[121.6286321,38.9253036],[121.6286638,38.9252206],[121.6290833,38.9253176],[121.6290516,38.9254007],[121.6286321,38.9253036]]]}},{"type":"Feature","id":"way/219032928","properties":{"building":"yes","id":"way/219032928"},"geometry":{"type":"Polygon","coordinates":[[[121.6287324,38.9250702],[121.6287641,38.9249872],[121.6291837,38.9250842],[121.629152,38.9251672],[121.6287324,38.9250702]]]}},{"type":"Feature","id":"way/219032929","properties":{"building":"yes","id":"way/219032929"},"geometry":{"type":"Polygon","coordinates":[[[121.6288366,38.9246359],[121.6288781,38.9245555],[121.6292506,38.9246722],[121.6292091,38.9247525],[121.6288366,38.9246359]]]}},{"type":"Feature","id":"way/219032930","properties":{"building":"yes","id":"way/219032930"},"geometry":{"type":"Polygon","coordinates":[[[121.628481,38.9255576],[121.6285121,38.9254744],[121.6289629,38.9255765],[121.6289318,38.9256596],[121.628481,38.9255576]]]}},{"type":"Feature","id":"way/219136044","properties":{"building":"yes","id":"way/219136044"},"geometry":{"type":"Polygon","coordinates":[[[121.6343737,38.9202564],[121.6343335,38.9207292],[121.634104,38.9207263],[121.6340175,38.920659],[121.6340212,38.9205595],[121.6341266,38.9205624],[121.6341303,38.9204102],[121.6339573,38.9204073],[121.6339498,38.9203517],[121.6340251,38.920244],[121.6343737,38.9202564]]]}},{"type":"Feature","id":"way/219136054","properties":{"building":"yes","id":"way/219136054"},"geometry":{"type":"Polygon","coordinates":[[[121.6361079,38.9232152],[121.6360201,38.9231655],[121.6359962,38.9231883],[121.6359111,38.9231303],[121.6360574,38.9229689],[121.6358153,38.9229047],[121.6358685,38.9227599],[121.6362755,38.9228737],[121.6363154,38.9228964],[121.6363393,38.9229358],[121.6363287,38.9229792],[121.6361079,38.9232152]]]}},{"type":"Feature","id":"way/219136064","properties":{"building":"yes","id":"way/219136064"},"geometry":{"type":"Polygon","coordinates":[[[121.6447273,38.9167025],[121.6448849,38.9168124],[121.6451294,38.9166001],[121.6449638,38.9164847],[121.6450643,38.9163974],[121.6454845,38.9166904],[121.6453858,38.9167761],[121.645251,38.9166821],[121.6450012,38.916899],[121.645147,38.9170006],[121.6450431,38.9170908],[121.6446199,38.9167958],[121.6447273,38.9167025]]]}},{"type":"Feature","id":"way/219136069","properties":{"addr:city":"大连市","addr:district":"中山区","addr:housenumber":"19","addr:postcode":"116001","addr:province":"辽宁省","addr:street":"解放路","air_conditioning":"yes","building":"yes","name":"百年城","name:en":"Mid Town shopping mall","opening_hours":"Mo-Su 10:00-21:00","operator":"大连百年城商业管理有限公司","payment:app":"yes","payment:cash":"yes","payment:credit_cards":"yes","payment:debit_cards":"yes","phone":"+86 411 8210 1885","shop":"mall","start_date":"2002-8-1","toilets":"yes","id":"way/219136069"},"geometry":{"type":"Polygon","coordinates":[[[121.6314223,38.9163465],[121.6309941,38.9162255],[121.6310022,38.9162028],[121.6308944,38.9161712],[121.6308931,38.9161362],[121.6307745,38.9161347],[121.6307719,38.9160326],[121.6307785,38.91596],[121.630789,38.9159022],[121.6308132,38.9158277],[121.6308432,38.9157562],[121.6308753,38.9156863],[121.6309227,38.9156123],[121.6309764,38.9155459],[121.6310194,38.9155],[121.6310933,38.9154334],[121.631166,38.9153827],[121.6312446,38.915335],[121.6313241,38.9152918],[121.631406,38.9152567],[121.6314949,38.9152236],[121.6315871,38.9151946],[121.6316614,38.9151767],[121.6317159,38.9151666],[121.6317802,38.9151588],[121.6318571,38.9151556],[121.6318223,38.9153849],[121.6318675,38.9153954],[121.6316975,38.9157442],[121.6315716,38.9160275],[121.6314223,38.9163465]]]}},{"type":"Feature","id":"way/219136071","properties":{"building":"yes","id":"way/219136071"},"geometry":{"type":"Polygon","coordinates":[[[121.6387138,38.9245549],[121.6387377,38.9244328],[121.6388255,38.924408],[121.6388548,38.9244162],[121.638892,38.9244142],[121.6389266,38.9243914],[121.6389346,38.9243459],[121.6389904,38.9242962],[121.6397938,38.9244017],[121.6398337,38.9243893],[121.6398869,38.9243935],[121.6399215,38.9244307],[121.6399161,38.9246935],[121.6398071,38.9246791],[121.6398071,38.9245383],[121.6390463,38.924439],[121.6389931,38.924588],[121.6387138,38.9245549]]]}},{"type":"Feature","id":"way/219136072","properties":{"building":"retail","name":"东北亚·堡兰国际","shop":"wholesale","id":"way/219136072"},"geometry":{"type":"Polygon","coordinates":[[[121.6582765,38.9180466],[121.6585478,38.9180777],[121.6587207,38.9181046],[121.6588564,38.9181439],[121.6590027,38.9181957],[121.6591277,38.9182702],[121.6592421,38.9183654],[121.6593379,38.9184544],[121.6594097,38.9185454],[121.6594602,38.9186303],[121.6594815,38.9187648],[121.6595134,38.9188952],[121.6585957,38.9190028],[121.6585372,38.9189345],[121.6584574,38.9188683],[121.6583722,38.9188207],[121.6582711,38.9187793],[121.6581541,38.9187586],[121.6582765,38.9180466]]]}},{"type":"Feature","id":"way/219136073","properties":{"building":"yes","id":"way/219136073"},"geometry":{"type":"Polygon","coordinates":[[[121.6345507,38.923249],[121.6347475,38.9230545],[121.6348672,38.9225164],[121.6349896,38.9225578],[121.6350189,38.9225909],[121.6350641,38.9226219],[121.6351386,38.9226406],[121.6352263,38.9226344],[121.6353727,38.9226406],[121.6351066,38.9230565],[121.6350428,38.9230441],[121.6350428,38.9230876],[121.6350295,38.9231124],[121.634971,38.9231331],[121.6350641,38.9232014],[121.6352343,38.9230255],[121.6354658,38.9226695],[121.6358089,38.9227461],[121.6356812,38.9230731],[121.6351306,38.9236008],[121.6345507,38.923249]]]}},{"type":"Feature","id":"way/219136074","properties":{"building":"yes","id":"way/219136074"},"geometry":{"type":"Polygon","coordinates":[[[121.6363511,38.9234065],[121.6365693,38.9231929],[121.6366483,38.9232397],[121.6367424,38.9231519],[121.638029,38.9239217],[121.6379951,38.9239714],[121.6380026,38.9240563],[121.6381644,38.9240563],[121.6381682,38.924147],[121.6381832,38.9242056],[121.638266,38.9242758],[121.6382434,38.9246182],[121.6369192,38.9245685],[121.6374308,38.9240739],[121.6376001,38.9241792],[121.6373255,38.9244485],[121.6376001,38.9244573],[121.6377732,38.9243402],[121.6377656,38.9241178],[121.6376264,38.9240826],[121.6375324,38.9240124],[121.6372578,38.923986],[121.6363511,38.9234065]]]}},{"type":"Feature","id":"way/219136076","properties":{"building":"hospital","name":"外科住院部","id":"way/219136076"},"geometry":{"type":"Polygon","coordinates":[[[121.6420278,38.9169477],[121.6422466,38.9167619],[121.6420394,38.916614],[121.6421785,38.9164959],[121.6423775,38.9166378],[121.6425253,38.9165123],[121.642149,38.9162439],[121.642241,38.9161657],[121.6425987,38.9164208],[121.6427402,38.9163006],[121.6423725,38.9160384],[121.6424573,38.9159664],[121.642905,38.9162858],[121.642808,38.9163682],[121.6427815,38.9163493],[121.6426765,38.9164384],[121.643101,38.9167412],[121.6432061,38.916652],[121.643179,38.9166326],[121.6432784,38.9165484],[121.6437122,38.9168578],[121.6436197,38.9169363],[121.6432595,38.9166794],[121.643115,38.9168021],[121.6434812,38.9170632],[121.6433897,38.9171409],[121.6430226,38.9168792],[121.6428736,38.9170056],[121.6430568,38.9171363],[121.6429255,38.9172477],[121.6427192,38.9171005],[121.6425045,38.9172828],[121.6423757,38.917191],[121.6426159,38.9169871],[121.6423843,38.9168219],[121.642141,38.9170284],[121.6420278,38.9169477]]]}},{"type":"Feature","id":"way/219136087","properties":{"building":"yes","id":"way/219136087"},"geometry":{"type":"Polygon","coordinates":[[[121.6423814,38.9186824],[121.6427219,38.9186368],[121.6427578,38.9187995],[121.6424173,38.918845],[121.6423814,38.9186824]]]}},{"type":"Feature","id":"way/219136103","properties":{"building":"yes","id":"way/219136103"},"geometry":{"type":"Polygon","coordinates":[[[121.6287855,38.9167655],[121.6289916,38.9168256],[121.6288773,38.9170628],[121.6286712,38.9170026],[121.6287855,38.9167655]]]}},{"type":"Feature","id":"way/219136112","properties":{"building":"yes","id":"way/219136112"},"geometry":{"type":"Polygon","coordinates":[[[121.636854,38.921774],[121.6372947,38.9220811],[121.6371053,38.9222456],[121.6366645,38.9219385],[121.636854,38.921774]]]}},{"type":"Feature","id":"way/219136149","properties":{"building":"yes","id":"way/219136149"},"geometry":{"type":"Polygon","coordinates":[[[121.6412236,38.9231051],[121.6414145,38.9233285],[121.6409845,38.923551],[121.6407935,38.9233276],[121.6412236,38.9231051]]]}},{"type":"Feature","id":"way/219136169","properties":{"building":"yes","name":"中山大酒店","tourism":"hotel","id":"way/219136169"},"geometry":{"type":"Polygon","coordinates":[[[121.6306843,38.9165678],[121.6309649,38.916649],[121.6310349,38.9166677],[121.6310609,38.9166125],[121.6311094,38.9165096],[121.6312108,38.9165386],[121.63129,38.9165611],[121.6312523,38.9166408],[121.6312378,38.9166714],[121.631216,38.9167179],[121.6311531,38.9168521],[121.6309137,38.9167839],[121.6306218,38.9167007],[121.6306282,38.9166872],[121.6306843,38.9165678]]]}},{"type":"Feature","id":"way/219136175","properties":{"building":"yes","id":"way/219136175"},"geometry":{"type":"Polygon","coordinates":[[[121.6375355,38.9228282],[121.6379336,38.9230748],[121.6376732,38.9233292],[121.6372752,38.9230827],[121.6375355,38.9228282]]]}},{"type":"Feature","id":"way/219136193","properties":{"building":"yes","id":"way/219136193"},"geometry":{"type":"Polygon","coordinates":[[[121.6438594,38.9242969],[121.6441303,38.9237613],[121.6443364,38.9238244],[121.6440655,38.92436],[121.6438594,38.9242969]]]}},{"type":"Feature","id":"way/219136205","properties":{"addr:city":"大连市","addr:district":"中山区","addr:postcode":"116001","addr:province":"辽宁省","addr:street":"青泥街","building":"yes","name":"大连商场","name:en":"Dalian Shopping Mall","operator":"大商集团","shop":"department_store","id":"way/219136205"},"geometry":{"type":"Polygon","coordinates":[[[121.6294582,38.9155664],[121.6295004,38.915579],[121.6303183,38.915829],[121.6303607,38.9158417],[121.6303412,38.9158791],[121.6301644,38.9162203],[121.6300777,38.9163871],[121.6301062,38.916442],[121.6298682,38.9169219],[121.6298472,38.9169376],[121.6298222,38.9169454],[121.629789,38.9169469],[121.6288631,38.9166758],[121.6288814,38.9166393],[121.6294582,38.9155664]]]}},{"type":"Feature","id":"way/219136218","properties":{"addr:city":"大连市","addr:district":"中山区","addr:housenumber":"15","addr:postcode":"116001","addr:province":"辽宁省","addr:street":"人民路","building":"commercial","name":"国际金融大厦","id":"way/219136218"},"geometry":{"type":"Polygon","coordinates":[[[121.6425295,38.9212725],[121.6430542,38.921435],[121.6428933,38.9217493],[121.6423687,38.9215868],[121.6425295,38.9212725]]]}},{"type":"Feature","id":"way/219136229","properties":{"building":"yes","id":"way/219136229"},"geometry":{"type":"Polygon","coordinates":[[[121.6407935,38.9233276],[121.6405717,38.9230681],[121.6410018,38.9228456],[121.6412236,38.9231051],[121.6407935,38.9233276]]]}},{"type":"Feature","id":"way/219136238","properties":{"addr:city":"大连市","addr:district":"中山区","addr:housenumber":"19","addr:postcode":"116001","addr:province":"辽宁省","addr:street":"人民路","building":"commercial","name":"北方大厦","id":"way/219136238"},"geometry":{"type":"Polygon","coordinates":[[[121.6432544,38.9216621],[121.6433471,38.9216929],[121.6435488,38.9217563],[121.6435992,38.9217452],[121.6438867,38.9218343],[121.643801,38.9219953],[121.6437762,38.921988],[121.6437504,38.9219421],[121.6434259,38.9218439],[121.6433926,38.9218563],[121.6431456,38.9217771],[121.6431746,38.9217226],[121.643146,38.9217147],[121.6431671,38.9216735],[121.6431899,38.92168],[121.6432047,38.9216487],[121.6432128,38.9216431],[121.6432222,38.9216412],[121.6432331,38.9216416],[121.643243,38.9216444],[121.6432511,38.921649],[121.6432545,38.9216556],[121.6432544,38.9216621]]]}},{"type":"Feature","id":"way/219136243","properties":{"building":"yes","id":"way/219136243"},"geometry":{"type":"Polygon","coordinates":[[[121.6355482,38.9240955],[121.6358105,38.9242538],[121.6355525,38.9245125],[121.6352902,38.9243541],[121.6355482,38.9240955]]]}},{"type":"Feature","id":"way/219136254","properties":{"addr:city":"大连","addr:housenumber":"10","addr:postcode":"116001","addr:street":"隆盛巷","building":"yes","name":"修竹大厦","name:en":"Xiuzhu Mansion","id":"way/219136254"},"geometry":{"type":"Polygon","coordinates":[[[121.6389931,38.924588],[121.6390463,38.924439],[121.6398071,38.9245383],[121.6398071,38.9246791],[121.6389931,38.924588]]]}},{"type":"Feature","id":"way/219136263","properties":{"building":"yes","id":"way/219136263"},"geometry":{"type":"Polygon","coordinates":[[[121.6365255,38.921573],[121.6367382,38.9217036],[121.636456,38.9219816],[121.6362434,38.921851],[121.6365255,38.921573]]]}},{"type":"Feature","id":"way/219136270","properties":{"building":"yes","id":"way/219136270"},"geometry":{"type":"Polygon","coordinates":[[[121.6366839,38.919489],[121.6366017,38.9196573],[121.6361469,38.9195228],[121.636229,38.9193545],[121.6366839,38.919489]]]}},{"type":"Feature","id":"way/219136278","properties":{"building":"yes","id":"way/219136278"},"geometry":{"type":"Polygon","coordinates":[[[121.635487,38.9247308],[121.6356261,38.9249805],[121.6351473,38.9251419],[121.6350082,38.9248922],[121.635487,38.9247308]]]}},{"type":"Feature","id":"way/219136279","properties":{"building":"yes","id":"way/219136279"},"geometry":{"type":"Polygon","coordinates":[[[121.634732,38.9206062],[121.6351318,38.9206241],[121.6351017,38.9210309],[121.6347019,38.921013],[121.634732,38.9206062]]]}},{"type":"Feature","id":"way/219136289","properties":{"building":"yes","id":"way/219136289"},"geometry":{"type":"Polygon","coordinates":[[[121.63573,38.923117],[121.6359407,38.9232522],[121.6354533,38.9237119],[121.6352426,38.9235767],[121.63573,38.923117]]]}},{"type":"Feature","id":"way/219136318","properties":{"building":"yes","id":"way/219136318"},"geometry":{"type":"Polygon","coordinates":[[[121.6286243,38.9170636],[121.6289398,38.9171505],[121.6288492,38.9173497],[121.6285337,38.9172627],[121.6286243,38.9170636]]]}},{"type":"Feature","id":"way/219136328","properties":{"building":"yes","id":"way/219136328"},"geometry":{"type":"Polygon","coordinates":[[[121.6366703,38.9203252],[121.6371344,38.9204544],[121.6369689,38.9208144],[121.6365047,38.9206852],[121.6366703,38.9203252]]]}},{"type":"Feature","id":"way/219136330","properties":{"building":"yes","id":"way/219136330"},"geometry":{"type":"Polygon","coordinates":[[[121.6371709,38.9226024],[121.6375355,38.9228282],[121.6372752,38.9230827],[121.6369106,38.9228568],[121.6371709,38.9226024]]]}},{"type":"Feature","id":"way/219136359","properties":{"building":"yes","id":"way/219136359"},"geometry":{"type":"Polygon","coordinates":[[[121.6379336,38.9230748],[121.6384479,38.9233934],[121.6381875,38.9236478],[121.6376732,38.9233292],[121.6379336,38.9230748]]]}},{"type":"Feature","id":"way/219136360","properties":{"addr:city":"大连市","addr:district":"中山区","addr:housenumber":"10","addr:postcode":"116001","addr:province":"辽宁省","addr:street":"同兴街","building":"commercial","name":"东亚银行大厦","id":"way/219136360"},"geometry":{"type":"Polygon","coordinates":[[[121.6412986,38.9208327],[121.64159,38.9209207],[121.6414077,38.9212858],[121.6411163,38.9211977],[121.6412849,38.9208546],[121.6412986,38.9208327]]]}},{"type":"Feature","id":"way/219136364","properties":{"building":"yes","id":"way/219136364"},"geometry":{"type":"Polygon","coordinates":[[[121.6352128,38.9252348],[121.6358611,38.9252435],[121.6358585,38.9253615],[121.6352102,38.9253528],[121.6352128,38.9252348]]]}},{"type":"Feature","id":"way/219136406","properties":{"building":"yes","id":"way/219136406"},"geometry":{"type":"Polygon","coordinates":[[[121.6392352,38.9250309],[121.6386127,38.9249874],[121.6386419,38.9246418],[121.6392591,38.9246832],[121.6392352,38.9250309]]]}},{"type":"Feature","id":"way/219136408","properties":{"building":"yes","id":"way/219136408"},"geometry":{"type":"Polygon","coordinates":[[[121.6418705,38.9182051],[121.641852,38.9180842],[121.6419797,38.9180718],[121.641998,38.9181952],[121.6418705,38.9182051]]]}},{"type":"Feature","id":"way/219136434","properties":{"building":"apartments","name":"曼哈顿大厦2座","id":"way/219136434"},"geometry":{"type":"Polygon","coordinates":[[[121.6340607,38.9215318],[121.634185,38.9218784],[121.6341618,38.9218853],[121.6341688,38.9219091],[121.6341635,38.9219298],[121.6341476,38.9219528],[121.6341284,38.9219694],[121.6340976,38.9219905],[121.634051,38.922006],[121.63399,38.92202],[121.6339323,38.9220256],[121.6338911,38.9220178],[121.6338523,38.9220025],[121.6338241,38.9219836],[121.633809,38.9219558],[121.6337771,38.9219626],[121.6336561,38.9216177],[121.6340607,38.9215318]]]}},{"type":"Feature","id":"way/219136456","properties":{"building":"yes","id":"way/219136456"},"geometry":{"type":"Polygon","coordinates":[[[121.6312449,38.921859],[121.6317528,38.9226112],[121.6312634,38.9228112],[121.6307555,38.922059],[121.6312449,38.921859]]]}},{"type":"Feature","id":"way/219136469","properties":{"building":"yes","id":"way/219136469"},"geometry":{"type":"Polygon","coordinates":[[[121.6513895,38.9191184],[121.6514393,38.9192995],[121.6509464,38.9193815],[121.6508967,38.9192003],[121.6513895,38.9191184]]]}},{"type":"Feature","id":"way/219136479","properties":{"building":"yes","id":"way/219136479"},"geometry":{"type":"Polygon","coordinates":[[[121.6510573,38.9185198],[121.651122,38.918753],[121.6504809,38.9188606],[121.6504163,38.9186275],[121.6510573,38.9185198]]]}},{"type":"Feature","id":"way/219136487","properties":{"building":"yes","id":"way/219136487"},"geometry":{"type":"Polygon","coordinates":[[[121.6289398,38.9171505],[121.6296386,38.9173431],[121.6295479,38.9175422],[121.6288492,38.9173497],[121.6289398,38.9171505]]]}},{"type":"Feature","id":"way/219136500","properties":{"building":"yes","id":"way/219136500"},"geometry":{"type":"Polygon","coordinates":[[[121.6394526,38.9181203],[121.639634,38.9181495],[121.639662,38.9180552],[121.6401636,38.9181462],[121.6401519,38.9181796],[121.6401303,38.9181873],[121.6400626,38.9184428],[121.6400358,38.9185333],[121.6399215,38.9189748],[121.6392581,38.9188683],[121.6392788,38.9187903],[121.6391831,38.9187749],[121.6392997,38.9183356],[121.63931,38.918297],[121.6394018,38.9183118],[121.6394526,38.9181203]]]}},{"type":"Feature","id":"way/219136505","properties":{"addr:city":"大连市","addr:district":"中山区","addr:housenumber":"23","addr:postcode":"116001","addr:province":"辽宁省","addr:street":"人民路","building":"commercial","name":"虹源大厦","id":"way/219136505"},"geometry":{"type":"Polygon","coordinates":[[[121.6441154,38.9217205],[121.6441981,38.9217465],[121.6442162,38.9217117],[121.6445158,38.9218061],[121.6444945,38.9218472],[121.6445661,38.9218698],[121.6444838,38.9220279],[121.6443312,38.9220922],[121.644017,38.9219934],[121.6440543,38.9219215],[121.644017,38.9219097],[121.6441154,38.9217205]]]}},{"type":"Feature","id":"way/219136506","properties":{"building":"commercial","name":"天安国际大厦","id":"way/219136506"},"geometry":{"type":"Polygon","coordinates":[[[121.6314315,38.9177425],[121.6314902,38.9177434],[121.6314907,38.9177296],[121.6315644,38.9177291],[121.631568,38.9177222],[121.6315709,38.9177168],[121.631882,38.917836],[121.6318751,38.9178474],[121.6319175,38.9178897],[121.6319051,38.9178965],[121.6319434,38.9179385],[121.63161,38.9181095],[121.6315666,38.9180945],[121.6315622,38.9181019],[121.6315096,38.9180839],[121.6315138,38.918077],[121.6314627,38.9180586],[121.6314592,38.9180232],[121.6314354,38.9177919],[121.6314315,38.9177425]]]}},{"type":"Feature","id":"way/219136509","properties":{"building":"yes","id":"way/219136509"},"geometry":{"type":"Polygon","coordinates":[[[121.6416652,38.9225283],[121.6415801,38.9227208],[121.6413886,38.9228201],[121.6411837,38.9225904],[121.6412609,38.9224042],[121.6416652,38.9225283]]]}},{"type":"Feature","id":"way/219136510","properties":{"addr:city":"大连市","addr:district":"中山区","addr:housenumber":"1","addr:postcode":"116001","addr:province":"辽宁省","addr:street":"解放街","building":"commercial","name":"大连国际博览中心","id":"way/219136510"},"geometry":{"type":"Polygon","coordinates":[[[121.6405508,38.9182669],[121.640546,38.9182857],[121.6405117,38.9183004],[121.6405316,38.9183244],[121.640138,38.9185064],[121.6401218,38.9184843],[121.6400895,38.9184818],[121.6400693,38.9184665],[121.6400626,38.9184428],[121.6401303,38.9181873],[121.6401519,38.9181796],[121.6401733,38.918172],[121.6404647,38.9182229],[121.640508,38.9182304],[121.6405172,38.9182469],[121.6405397,38.9182345],[121.6405472,38.9182448],[121.6405508,38.9182669]]]}},{"type":"Feature","id":"way/219136511","properties":{"building":"yes","id":"way/219136511"},"geometry":{"type":"Polygon","coordinates":[[[121.6524052,38.9195194],[121.6524843,38.9197301],[121.6524513,38.919786],[121.6522406,38.9198328],[121.6521457,38.9195779],[121.6524052,38.9195194]]]}},{"type":"Feature","id":"way/219136512","properties":{"building":"yes","building:levels":"28","name":"万达大厦","office":"yes","start_date":"1994","id":"way/219136512"},"geometry":{"type":"Polygon","coordinates":[[[121.6414083,38.9169443],[121.641399,38.9172063],[121.6413973,38.9172212],[121.6413899,38.9172321],[121.6413762,38.917236],[121.6413596,38.9172331],[121.641342,38.9172254],[121.6409741,38.9170223],[121.6409625,38.9170139],[121.6409561,38.9170026],[121.6409569,38.9169791],[121.6409572,38.9169406],[121.640958,38.9169262],[121.6409632,38.9169201],[121.6409729,38.9169176],[121.6413897,38.916929],[121.6414012,38.9169349],[121.6414083,38.9169443]]]}},{"type":"Feature","id":"way/219136517","properties":{"building":"apartments","name":"曼哈顿大厦1座","id":"way/219136517"},"geometry":{"type":"Polygon","coordinates":[[[121.6343446,38.9209259],[121.6343348,38.9209838],[121.634313,38.9211141],[121.6341148,38.9211003],[121.6341189,38.9210658],[121.6340392,38.9210626],[121.6340442,38.9210913],[121.6338779,38.9211298],[121.6338715,38.9211116],[121.6337167,38.9211459],[121.6337232,38.9211649],[121.6335641,38.9211974],[121.6335549,38.9211725],[121.6335177,38.9211797],[121.6335022,38.9211352],[121.6334736,38.9211418],[121.6334496,38.9210754],[121.6334728,38.9210705],[121.6334555,38.9210157],[121.6337697,38.9209475],[121.6340138,38.9208945],[121.6343446,38.9209259]]]}},{"type":"Feature","id":"way/219136523","properties":{"building":"yes","id":"way/219136523"},"geometry":{"type":"Polygon","coordinates":[[[121.6303215,38.9206926],[121.6304279,38.9206988],[121.6305981,38.9209596],[121.6305183,38.9210568],[121.6301406,38.9210362],[121.6300874,38.9209534],[121.6303215,38.9206926]]]}},{"type":"Feature","id":"way/219136526","properties":{"building":"yes","id":"way/219136526"},"geometry":{"type":"Polygon","coordinates":[[[121.6319729,38.9200242],[121.6324281,38.9201881],[121.632439,38.9202215],[121.6324206,38.9202496],[121.6319955,38.9204457],[121.6318563,38.9202291],[121.6319729,38.9200242]]]}},{"type":"Feature","id":"way/219136529","properties":{"building":"commercial","name":"锦联大厦","id":"way/219136529"},"geometry":{"type":"Polygon","coordinates":[[[121.6437849,38.921381],[121.6438754,38.9212042],[121.6439897,38.9212396],[121.6440871,38.9210491],[121.6442489,38.9210992],[121.644061,38.9214665],[121.6437849,38.921381]]]}},{"type":"Feature","id":"way/219136531","properties":{"building":"yes","id":"way/219136531"},"geometry":{"type":"Polygon","coordinates":[[[121.6520841,38.9174353],[121.6522863,38.917396],[121.6528104,38.9174353],[121.6529859,38.9175119],[121.6525577,38.9180397],[121.6523555,38.9180148],[121.6520841,38.9174353]]]}},{"type":"Feature","id":"way/219136543","properties":{"building":"apartments","id":"way/219136543"},"geometry":{"type":"Polygon","coordinates":[[[121.6317708,38.9170172],[121.6323064,38.9171597],[121.6321981,38.9172629],[121.6321088,38.9172048],[121.632071,38.9171934],[121.6320549,38.9172083],[121.6320151,38.9171962],[121.6320095,38.917206],[121.6319414,38.9171879],[121.6319549,38.9171607],[121.6319134,38.917149],[121.6317845,38.9171127],[121.6317754,38.9171314],[121.6317399,38.9171202],[121.6317554,38.9170849],[121.6317399,38.9170808],[121.6317708,38.9170172]]]}},{"type":"Feature","id":"way/219136545","properties":{"building":"yes","id":"way/219136545"},"geometry":{"type":"Polygon","coordinates":[[[121.6358611,38.9252435],[121.6358637,38.9251276],[121.6359457,38.9251287],[121.6359435,38.9252278],[121.6363048,38.9252327],[121.6363018,38.9253675],[121.6358585,38.9253615],[121.6358611,38.9252435]]]}},{"type":"Feature","id":"way/219136552","properties":{"building":"apartments","name":"中山九号","id":"way/219136552"},"geometry":{"type":"Polygon","coordinates":[[[121.6416286,38.9180139],[121.6417137,38.9180014],[121.641852,38.9180842],[121.6418705,38.9182051],[121.6417829,38.9183078],[121.641655,38.918323],[121.6415062,38.9182291],[121.6414956,38.9181525],[121.6416286,38.9180139]]]}},{"type":"Feature","id":"way/219136568","properties":{"building":"yes","name":"温州城","shop":"wholesale","id":"way/219136568"},"geometry":{"type":"Polygon","coordinates":[[[121.6590602,38.9202394],[121.6586276,38.9198209],[121.6586953,38.9197652],[121.658748,38.9197008],[121.6587668,38.9196365],[121.6587743,38.9195516],[121.6596772,38.9194462],[121.6598088,38.9201487],[121.6590602,38.9202394]]]}},{"type":"Feature","id":"way/219136570","properties":{"building":"yes","id":"way/219136570"},"geometry":{"type":"Polygon","coordinates":[[[121.6353886,38.9245094],[121.634955,38.9249274],[121.6350854,38.9251592],[121.6351705,38.9251571],[121.6351598,38.9253165],[121.6349843,38.9253227],[121.6347289,38.9249026],[121.6352263,38.9244121],[121.6353886,38.9245094]]]}},{"type":"Feature","id":"way/219136572","properties":{"building":"yes","id":"way/219136572"},"geometry":{"type":"Polygon","coordinates":[[[121.6305994,38.921834],[121.6304863,38.9216537],[121.6305721,38.9216211],[121.6304921,38.9214935],[121.6303652,38.9215417],[121.6303169,38.9214647],[121.6307967,38.9212826],[121.6310381,38.9216675],[121.6305994,38.921834]]]}},{"type":"Feature","id":"way/219136579","properties":{"building":"yes","id":"way/219136579"},"geometry":{"type":"Polygon","coordinates":[[[121.6409331,38.9189203],[121.6411566,38.9186803],[121.6414038,38.9186543],[121.6414492,38.9189157],[121.6413454,38.9189266],[121.6412789,38.9189948],[121.6412927,38.9190624],[121.6409702,38.9191022],[121.6409331,38.9189203]]]}},{"type":"Feature","id":"way/219136583","properties":{"building":"apartments","id":"way/219136583"},"geometry":{"type":"Polygon","coordinates":[[[121.6423548,38.9180801],[121.6423628,38.9181546],[121.6422537,38.9182705],[121.6421443,38.91828],[121.641998,38.9181952],[121.6419797,38.9180718],[121.6420569,38.9179683],[121.6421526,38.9179621],[121.6423548,38.9180801]]]}},{"type":"Feature","id":"way/219136588","properties":{"addr:housenumber":"271","addr:street":"天津街","building":"yes","name":"佳兆业广场","name:en":"Kaisa Plaza","name:ru":"ТЦ Кайза Плаза","opening_hours":"Mo-Su 09:30-21:00","shop":"mall","id":"way/219136588"},"geometry":{"type":"Polygon","coordinates":[[[121.6330753,38.921335],[121.6332536,38.9217537],[121.633228,38.9217655],[121.6332113,38.9217812],[121.6331887,38.9218236],[121.6331786,38.9218539],[121.633177,38.921886],[121.6331825,38.9219217],[121.6332027,38.9219423],[121.6331845,38.9220045],[121.632376,38.9223186],[121.631907,38.9215956],[121.6324928,38.9213544],[121.6321177,38.9206473],[121.6324579,38.9205042],[121.6327685,38.9205214],[121.6329846,38.9211042],[121.6330753,38.921335]]]}},{"type":"Feature","id":"way/219136589","properties":{"addr:city":"大连市","addr:district":"中山区","addr:housenumber":"9","addr:postcode":"116001","addr:province":"辽宁省","addr:street":"人民路","building":"yes","name":"大连国际酒店","tourism":"hotel","id":"way/219136589"},"geometry":{"type":"Polygon","coordinates":[[[121.6418073,38.9211163],[121.641829,38.9211087],[121.6418119,38.9210819],[121.6419686,38.9210262],[121.6419828,38.9210523],[121.6420153,38.9210401],[121.6420401,38.921087],[121.6421417,38.9211163],[121.6422554,38.9210791],[121.6422614,38.9210909],[121.6423158,38.9210739],[121.6423863,38.9212096],[121.6423392,38.9212237],[121.6423495,38.9212457],[121.6420296,38.9213497],[121.6419227,38.9213158],[121.6418073,38.9211163]]]}},{"type":"Feature","id":"way/219136592","properties":{"building":"yes","name":"二七贸易大世界","shop":"wholesale","id":"way/219136592"},"geometry":{"type":"Polygon","coordinates":[[[121.661103,38.9201838],[121.6612513,38.9209248],[121.6598921,38.9210895],[121.6592972,38.9205379],[121.6593348,38.9204179],[121.6597061,38.9203895],[121.6597374,38.920494],[121.6602264,38.9204326],[121.6602076,38.9202979],[121.661103,38.9201838]]]}},{"type":"Feature","id":"way/219136593","properties":{"building":"yes","id":"way/219136593"},"geometry":{"type":"Polygon","coordinates":[[[121.6303428,38.9204877],[121.6305822,38.9205063],[121.6308455,38.9209182],[121.6305183,38.9210568],[121.6305981,38.9209596],[121.6304279,38.9206988],[121.6303215,38.9206926],[121.6300874,38.9209534],[121.6300368,38.9208789],[121.6303428,38.9204877]]]}},{"type":"Feature","id":"way/219136594","properties":{"addr:city":"大连市","addr:district":"中山区","addr:housenumber":"1","addr:postcode":"116001","addr:province":"辽宁省","addr:street":"青三街","building":"yes","name":"大商新玛特购物休闲广场","name:en":"Dashang New Mart Shopping and Leisure Plaza","operator":"大商集团","shop":"mall","id":"way/219136594"},"geometry":{"type":"Polygon","coordinates":[[[121.6294582,38.9155664],[121.6288814,38.9166393],[121.628632,38.9165568],[121.6287507,38.9163268],[121.6280608,38.9160999],[121.6279539,38.9163103],[121.6278391,38.9162631],[121.6278729,38.9161983],[121.6283272,38.9153278],[121.6284656,38.9152638],[121.6286163,38.9153114],[121.6286493,38.9153218],[121.628869,38.9153911],[121.6289157,38.9154059],[121.629153,38.9154808],[121.6294582,38.9155664]]]}},{"type":"Feature","id":"way/219136595","properties":{"building":"yes","id":"way/219136595"},"geometry":{"type":"Polygon","coordinates":[[[121.6301432,38.9217838],[121.6300621,38.9216544],[121.6301896,38.921606],[121.6301425,38.9215308],[121.6303169,38.9214647],[121.6303652,38.9215417],[121.6304921,38.9214935],[121.6305721,38.9216211],[121.6304863,38.9216537],[121.6301432,38.9217838]]]}},{"type":"Feature","id":"way/219328351","properties":{"building":"yes","name":"金座大厦","id":"way/219328351"},"geometry":{"type":"Polygon","coordinates":[[[121.631631,38.9191674],[121.6314412,38.9190966],[121.6315603,38.9190024],[121.6316934,38.91897],[121.6318306,38.918983],[121.6319554,38.9190186],[121.6320677,38.9190962],[121.6321382,38.9191683],[121.6321633,38.9192548],[121.6321638,38.9193209],[121.6319762,38.9192936],[121.6318776,38.919486],[121.6320267,38.9195712],[121.6319596,38.9196495],[121.6318598,38.9196851],[121.63171,38.9196819],[121.6315728,38.9196722],[121.6314314,38.9195977],[121.6313607,38.9195395],[121.6313066,38.9194618],[121.6313187,38.9193341],[121.6315395,38.9193793],[121.631631,38.9191674]]]}},{"type":"Feature","id":"way/219328386","properties":{"building":"yes","id":"way/219328386"},"geometry":{"type":"Polygon","coordinates":[[[121.6299996,38.9183578],[121.6300255,38.9183958],[121.6298985,38.9187078],[121.6297178,38.9187736],[121.6295819,38.9187698],[121.6295452,38.9188045],[121.6293742,38.9187517],[121.6294273,38.918631],[121.6293774,38.9185841],[121.629452,38.9184057],[121.6295153,38.9183929],[121.6295845,38.9182551],[121.6296363,38.9182475],[121.6299996,38.9183578]]]}},{"type":"Feature","id":"way/219328449","properties":{"building":"yes","id":"way/219328449"},"geometry":{"type":"Polygon","coordinates":[[[121.630513,38.9185961],[121.6305974,38.918572],[121.6309474,38.9186691],[121.6309805,38.9187175],[121.6308144,38.9190502],[121.6307918,38.9191004],[121.6306797,38.9191035],[121.6306498,38.9191409],[121.6304795,38.9190947],[121.630502,38.9190488],[121.6304028,38.9189956],[121.6303758,38.9189222],[121.630513,38.9185961]]]}},{"type":"Feature","id":"way/219328584","properties":{"building":"yes","id":"way/219328584"},"geometry":{"type":"Polygon","coordinates":[[[121.630985,38.9198495],[121.6311673,38.9197809],[121.6315819,38.9199021],[121.6314937,38.92006],[121.6312849,38.9199936],[121.631135,38.920044],[121.6310026,38.9202613],[121.6308203,38.9202064],[121.630985,38.9198495]]]}},{"type":"Feature","id":"way/219427936","properties":{"addr:city":"大连市","addr:district":"中山区","addr:housenumber":"1","addr:postcode":"116001","addr:province":"辽宁省","addr:street":"人民路","building":"yes","id":"way/219427936"},"geometry":{"type":"Polygon","coordinates":[[[121.6401359,38.9207332],[121.640606,38.9206827],[121.6406148,38.9207964],[121.6403462,38.9208138],[121.6403242,38.9208506],[121.6404028,38.920877],[121.6404061,38.9208627],[121.6404742,38.9208836],[121.6404605,38.920911],[121.6408786,38.9210373],[121.6409462,38.9210578],[121.6409917,38.9209757],[121.6411411,38.9210206],[121.6410294,38.9212306],[121.6401176,38.9209475],[121.6401359,38.9207332]]]}},{"type":"Feature","id":"way/219427937","properties":{"building":"yes","id":"way/219427937"},"geometry":{"type":"Polygon","coordinates":[[[121.6373253,38.9191121],[121.6378867,38.9197722],[121.6378555,38.9197981],[121.6379241,38.9198499],[121.6375789,38.9201831],[121.6374874,38.9201281],[121.6374604,38.9201572],[121.6371506,38.9200521],[121.6371818,38.9199906],[121.6368512,38.9198757],[121.6372368,38.9191308],[121.6373253,38.9191121]]]}},{"type":"Feature","id":"way/219428096","properties":{"building":"yes","id":"way/219428096"},"geometry":{"type":"Polygon","coordinates":[[[121.6362365,38.9236048],[121.6364755,38.9237461],[121.6361187,38.9241113],[121.6358797,38.9239699],[121.6362365,38.9236048]]]}},{"type":"Feature","id":"way/219428201","properties":{"building":"yes","id":"way/219428201"},"geometry":{"type":"Polygon","coordinates":[[[121.6417705,38.9220406],[121.641964,38.9221001],[121.6418782,38.9222691],[121.6416847,38.9222096],[121.6417705,38.9220406]]]}},{"type":"Feature","id":"way/219428535","properties":{"building":"yes","military":"office","name":"大连军分区","id":"way/219428535"},"geometry":{"type":"Polygon","coordinates":[[[121.6397511,38.9219636],[121.6400952,38.9223822],[121.6399601,38.9224495],[121.639616,38.9220308],[121.6397511,38.9219636]]]}},{"type":"Feature","id":"way/219428625","properties":{"addr:city":"大连市","addr:district":"中山区","addr:housenumber":"3","addr:postcode":"116001","addr:province":"辽宁省","addr:street":"中山广场","building":"commercial","name":"大连金融大厦","id":"way/219428625"},"geometry":{"type":"Polygon","coordinates":[[[121.6379465,38.9192818],[121.6387247,38.919292],[121.6387166,38.9196391],[121.6386445,38.9196374],[121.6383264,38.9197038],[121.6383303,38.9197153],[121.638263,38.9197306],[121.6378955,38.9193278],[121.6379465,38.9192818]]]}},{"type":"Feature","id":"way/219428635","properties":{"building":"yes","id":"way/219428635"},"geometry":{"type":"Polygon","coordinates":[[[121.6372629,38.9204204],[121.6375923,38.9205371],[121.637557,38.9208368],[121.63721,38.9208826],[121.6371776,38.9207682],[121.6372217,38.9205279],[121.6372629,38.9204204]]]}},{"type":"Feature","id":"way/219428639","properties":{"building":"yes","id":"way/219428639"},"geometry":{"type":"Polygon","coordinates":[[[121.6364755,38.9237461],[121.6369083,38.9240021],[121.636827,38.9240852],[121.6367348,38.9240306],[121.6364592,38.9243126],[121.6361187,38.9241113],[121.6364755,38.9237461]]]}},{"type":"Feature","id":"way/219428643","properties":{"building":"yes","id":"way/219428643"},"geometry":{"type":"Polygon","coordinates":[[[121.636948,38.9241567],[121.6366288,38.9244833],[121.6364156,38.9243572],[121.6364592,38.9243126],[121.6367348,38.9240306],[121.636827,38.9240852],[121.636948,38.9241567]]]}},{"type":"Feature","id":"way/219428651","properties":{"building":"yes","id":"way/219428651"},"geometry":{"type":"Polygon","coordinates":[[[121.6396895,38.9214996],[121.6399027,38.9212971],[121.6402326,38.921396],[121.6401821,38.921501],[121.6400526,38.9216265],[121.6398836,38.9217146],[121.6396895,38.9214996]]]}},{"type":"Feature","id":"way/219428665","properties":{"building":"yes","id":"way/219428665"},"geometry":{"type":"Polygon","coordinates":[[[121.6379878,38.9218055],[121.6381711,38.9216226],[121.638606,38.9217538],[121.6385934,38.921976],[121.6385202,38.921973],[121.6384567,38.9219705],[121.6384615,38.9218905],[121.6381545,38.9218124],[121.6380903,38.9218695],[121.6380444,38.9218407],[121.6379878,38.9218055]]]}},{"type":"Feature","id":"way/219428671","properties":{"addr:city":"大连市","addr:district":"中山区","addr:housenumber":"8","addr:postcode":"116001","addr:province":"辽宁省","addr:street":"中山广场","amenity":"theatre","building":"yes","name":"人民文化俱乐部","id":"way/219428671"},"geometry":{"type":"Polygon","coordinates":[[[121.6389055,38.9217211],[121.6390427,38.9217174],[121.6391293,38.9217057],[121.639214,38.9216876],[121.639297,38.9216594],[121.6394131,38.9216143],[121.6396918,38.9219265],[121.6394685,38.9220458],[121.639432,38.9220653],[121.6394572,38.9221332],[121.6392152,38.9221887],[121.639191,38.9221165],[121.6390034,38.9221127],[121.6388765,38.9221097],[121.6389055,38.9217211]]]}},{"type":"Feature","id":"way/219428675","properties":{"building":"yes","id":"way/219428675"},"geometry":{"type":"Polygon","coordinates":[[[121.6380719,38.9228635],[121.6381714,38.9229313],[121.6382924,38.9228131],[121.6384807,38.9229298],[121.6383525,38.9230549],[121.6384542,38.9231243],[121.6384317,38.9232686],[121.6379583,38.9229643],[121.6380719,38.9228635]]]}},{"type":"Feature","id":"way/219428677","properties":{"building":"yes","id":"way/219428677"},"geometry":{"type":"Polygon","coordinates":[[[121.6379356,38.9218551],[121.6379907,38.9218909],[121.6381641,38.9219997],[121.6382781,38.9220347],[121.6385202,38.9220418],[121.638591,38.9220439],[121.6385781,38.9223077],[121.6381648,38.9223],[121.6380271,38.9222516],[121.6377288,38.9220509],[121.6379356,38.9218551]]]}},{"type":"Feature","id":"way/219428689","properties":{"building":"yes","id":"way/219428689"},"geometry":{"type":"Polygon","coordinates":[[[121.6402157,38.9194943],[121.6403113,38.9195542],[121.6400514,38.9198502],[121.6400951,38.9199198],[121.6401595,38.9198907],[121.6401886,38.919936],[121.6402469,38.9199182],[121.6403716,38.9200735],[121.6403155,38.9200929],[121.640355,38.9201479],[121.640278,38.9201786],[121.6403092,38.9202336],[121.6408208,38.9201641],[121.6408478,38.9202612],[121.6401658,38.9203598],[121.6398289,38.9199392],[121.6402157,38.9194943]]]}},{"type":"Feature","id":"way/228871678","properties":{"building":"yes","id":"way/228871678"},"geometry":{"type":"Polygon","coordinates":[[[121.6358904,38.9174415],[121.6357851,38.9174946],[121.6355686,38.9172344],[121.6354749,38.9175119],[121.6355748,38.9175323],[121.6357048,38.917681],[121.6353395,38.9178743],[121.6352627,38.9177864],[121.6354708,38.9170822],[121.6355832,38.9170725],[121.6358904,38.9174415]]]}},{"type":"Feature","id":"way/228871679","properties":{"building":"yes","id":"way/228871679"},"geometry":{"type":"Polygon","coordinates":[[[121.6349833,38.9242543],[121.6345272,38.9247076],[121.6344006,38.9247121],[121.63423,38.9246023],[121.6342417,38.9244798],[121.6343823,38.9244861],[121.6344073,38.9244438],[121.6344727,38.9244512],[121.634789,38.9241353],[121.6348796,38.9241908],[121.6349833,38.9242543]]]}},{"type":"Feature","id":"way/228871680","properties":{"building":"yes","id":"way/228871680"},"geometry":{"type":"Polygon","coordinates":[[[121.641398,38.9205738],[121.6414128,38.9206903],[121.6414215,38.9207387],[121.6415229,38.9207727],[121.6416407,38.9208123],[121.64159,38.9209207],[121.6412986,38.9208327],[121.6412849,38.9208546],[121.6411271,38.9208711],[121.6411124,38.9207692],[121.6412937,38.9207523],[121.6412673,38.9205858],[121.641398,38.9205738]]]}},{"type":"Feature","id":"way/228871684","properties":{"building":"yes","id":"way/228871684"},"geometry":{"type":"Polygon","coordinates":[[[121.6388175,38.9173048],[121.638823,38.9170221],[121.6387787,38.9170207],[121.6387496,38.9169821],[121.6387825,38.9169385],[121.6384543,38.9168062],[121.6384316,38.9168458],[121.6383081,38.9167936],[121.6382333,38.9167653],[121.6381251,38.9167621],[121.6381292,38.9166385],[121.6382553,38.9166037],[121.6388423,38.9168404],[121.6389569,38.9170137],[121.6389534,38.917307],[121.638944,38.9173065],[121.6388175,38.9173048]]]}},{"type":"Feature","id":"way/228871685","properties":{"building":"yes","id":"way/228871685"},"geometry":{"type":"Polygon","coordinates":[[[121.637237,38.9211857],[121.6372093,38.9210931],[121.6374771,38.921068],[121.637533,38.9210794],[121.6375624,38.9211023],[121.6378508,38.9215075],[121.6376654,38.9216952],[121.6375212,38.9215968],[121.637586,38.9215441],[121.6376272,38.9215625],[121.6377037,38.9214938],[121.6376566,38.9214388],[121.637586,38.9214594],[121.6374359,38.9212603],[121.6375065,38.9212305],[121.6374594,38.9211618],[121.637237,38.9211857]]]}},{"type":"Feature","id":"way/228871686","properties":{"building":"yes","id":"way/228871686"},"geometry":{"type":"Polygon","coordinates":[[[121.6342438,38.9243928],[121.6343013,38.9238261],[121.6345868,38.9238437],[121.6345827,38.9238838],[121.6346318,38.9238869],[121.6346138,38.9240644],[121.6345141,38.9240582],[121.634527,38.9239302],[121.6344056,38.9239228],[121.6343825,38.9241501],[121.6345347,38.9241594],[121.6345257,38.9242484],[121.6343648,38.9242385],[121.6343539,38.9243462],[121.6344012,38.9243491],[121.6343958,38.9244021],[121.6342438,38.9243928]]]}},{"type":"Feature","id":"way/228871687","properties":{"building":"school","name":"大连市第十六中学","id":"way/228871687"},"geometry":{"type":"Polygon","coordinates":[[[121.6429305,38.9198852],[121.6429518,38.9199971],[121.6428681,38.9200017],[121.642864,38.9199758],[121.6425248,38.9200098],[121.6425352,38.9200632],[121.6423292,38.920081],[121.6423209,38.9200325],[121.6422189,38.9200438],[121.6421191,38.9201134],[121.6420317,38.9200503],[121.642144,38.919958],[121.6419651,38.9199661],[121.6418698,38.919887],[121.6419276,38.9198431],[121.6421336,38.9198236],[121.6423001,38.9199434],[121.6429305,38.9198852]]]}},{"type":"Feature","id":"way/228871688","properties":{"building":"yes","id":"way/228871688"},"geometry":{"type":"Polygon","coordinates":[[[121.6356955,38.9184955],[121.6360555,38.918319],[121.6361501,38.9184359],[121.6357902,38.9186124],[121.6356955,38.9184955]]]}},{"type":"Feature","id":"way/228871689","properties":{"building":"yes","id":"way/228871689"},"geometry":{"type":"Polygon","coordinates":[[[121.6330175,38.9161559],[121.6333388,38.9162469],[121.6332929,38.9163451],[121.6330726,38.9162827],[121.6329662,38.91651],[121.6328407,38.9164744],[121.6329491,38.9162427],[121.6329736,38.9162496],[121.6330175,38.9161559]]]}},{"type":"Feature","id":"way/228871690","properties":{"building":"yes","id":"way/228871690"},"geometry":{"type":"Polygon","coordinates":[[[121.6399673,38.9227827],[121.6400069,38.9225221],[121.6401509,38.9225353],[121.6401113,38.922796],[121.6399673,38.9227827]]]}},{"type":"Feature","id":"way/228871692","properties":{"building":"yes","id":"way/228871692"},"geometry":{"type":"Polygon","coordinates":[[[121.6335049,38.9253162],[121.6331074,38.925041],[121.6331967,38.924963],[121.6335941,38.9252381],[121.6335049,38.9253162]]]}},{"type":"Feature","id":"way/228871693","properties":{"building":"yes","id":"way/228871693"},"geometry":{"type":"Polygon","coordinates":[[[121.632126,38.9164869],[121.632488,38.9166099],[121.632346,38.9168628],[121.631984,38.9167398],[121.632126,38.9164869]]]}},{"type":"Feature","id":"way/228871694","properties":{"building":"yes","id":"way/228871694"},"geometry":{"type":"Polygon","coordinates":[[[121.6396615,38.9226468],[121.6399486,38.9226613],[121.6399408,38.9227542],[121.6396537,38.9227396],[121.6396615,38.9226468]]]}},{"type":"Feature","id":"way/228871695","properties":{"building":"yes","id":"way/228871695"},"geometry":{"type":"Polygon","coordinates":[[[121.6359369,38.9174837],[121.6363509,38.917924],[121.6362656,38.9179726],[121.6358516,38.9175322],[121.6359369,38.9174837]]]}},{"type":"Feature","id":"way/228871696","properties":{"building":"yes","id":"way/228871696"},"geometry":{"type":"Polygon","coordinates":[[[121.6403859,38.919393],[121.6407084,38.9196083],[121.6406059,38.9197012],[121.6402834,38.9194859],[121.6403859,38.919393]]]}},{"type":"Feature","id":"way/228871698","properties":{"building":"yes","id":"way/228871698"},"geometry":{"type":"Polygon","coordinates":[[[121.6408915,38.9197508],[121.6411079,38.9198981],[121.6410259,38.919971],[121.6408095,38.9198237],[121.6408915,38.9197508]]]}},{"type":"Feature","id":"way/228871699","properties":{"building":"yes","id":"way/228871699"},"geometry":{"type":"Polygon","coordinates":[[[121.6355873,38.9185716],[121.6356819,38.9186832],[121.6353219,38.9188678],[121.6352274,38.9187561],[121.6355873,38.9185716]]]}},{"type":"Feature","id":"way/228871700","properties":{"building":"yes","id":"way/228871700"},"geometry":{"type":"Polygon","coordinates":[[[121.6388455,38.9183519],[121.6388358,38.9188017],[121.6380871,38.918792],[121.6380914,38.9186139],[121.6385704,38.9186186],[121.6385748,38.9183491],[121.6388455,38.9183519]]]}},{"type":"Feature","id":"way/228871701","properties":{"building":"yes","id":"way/228871701"},"geometry":{"type":"Polygon","coordinates":[[[121.6367465,38.9247527],[121.6382508,38.9247754],[121.6382476,38.9249034],[121.6367433,38.9248807],[121.6367465,38.9247527]]]}},{"type":"Feature","id":"way/228871702","properties":{"building":"yes","id":"way/228871702"},"geometry":{"type":"Polygon","coordinates":[[[121.630593,38.9172792],[121.6309843,38.9173868],[121.6308995,38.9175735],[121.6305082,38.9174659],[121.630593,38.9172792]]]}},{"type":"Feature","id":"way/228871703","properties":{"building":"commercial","name":"保嘉大厦","id":"way/228871703"},"geometry":{"type":"Polygon","coordinates":[[[121.6387698,38.9189738],[121.6387654,38.9191667],[121.6386903,38.9191656],[121.6386899,38.9191835],[121.6385634,38.9191817],[121.6385638,38.9191643],[121.6383155,38.9191608],[121.6383151,38.9191775],[121.6381791,38.9191755],[121.6381795,38.919161],[121.6381193,38.9191601],[121.6381239,38.9189639],[121.6381857,38.9189648],[121.6381862,38.9189462],[121.6383295,38.9189483],[121.6383291,38.9189661],[121.6385706,38.9189695],[121.638571,38.9189515],[121.6387025,38.9189534],[121.6387021,38.9189729],[121.6387698,38.9189738]]]}},{"type":"Feature","id":"way/228871705","properties":{"building":"yes","id":"way/228871705"},"geometry":{"type":"Polygon","coordinates":[[[121.6409888,38.9206273],[121.6412081,38.9206057],[121.6412303,38.9207424],[121.6410913,38.9207561],[121.6410994,38.9208063],[121.6410192,38.9208142],[121.6409888,38.9206273]]]}},{"type":"Feature","id":"way/228871707","properties":{"building":"yes","id":"way/228871707"},"geometry":{"type":"Polygon","coordinates":[[[121.6433862,38.919597],[121.6434492,38.9199293],[121.6431203,38.919967],[121.6430573,38.9196348],[121.6433862,38.919597]]]}},{"type":"Feature","id":"way/228871708","properties":{"building":"yes","id":"way/228871708"},"geometry":{"type":"Polygon","coordinates":[[[121.6328558,38.9224561],[121.6331295,38.9228567],[121.6329506,38.9229307],[121.6326769,38.9225301],[121.6328558,38.9224561]]]}},{"type":"Feature","id":"way/228871710","properties":{"building":"yes","id":"way/228871710"},"geometry":{"type":"Polygon","coordinates":[[[121.633398,38.916263],[121.6336945,38.9163486],[121.6337161,38.9163615],[121.6337244,38.9163808],[121.6337256,38.9164013],[121.6335971,38.9166783],[121.6334859,38.9166462],[121.6335121,38.9165913],[121.633519,38.9165767],[121.6335019,38.9165718],[121.6335693,38.9164305],[121.6333485,38.9163667],[121.633398,38.916263]]]}},{"type":"Feature","id":"way/228871711","properties":{"building":"yes","id":"way/228871711"},"geometry":{"type":"Polygon","coordinates":[[[121.6301693,38.9171899],[121.6304263,38.9172549],[121.6303115,38.9175296],[121.6300545,38.9174646],[121.6301693,38.9171899]]]}},{"type":"Feature","id":"way/228871712","properties":{"building":"yes","id":"way/228871712"},"geometry":{"type":"Polygon","coordinates":[[[121.6347492,38.923601],[121.6349761,38.9237446],[121.6349007,38.9238168],[121.6346737,38.9236732],[121.6347492,38.923601]]]}},{"type":"Feature","id":"way/228871713","properties":{"building":"yes","id":"way/228871713"},"geometry":{"type":"Polygon","coordinates":[[[121.6299344,38.9174855],[121.6308773,38.9177572],[121.6307533,38.9180177],[121.6298104,38.917746],[121.6299344,38.9174855]]]}},{"type":"Feature","id":"way/228871716","properties":{"building":"yes","id":"way/228871716"},"geometry":{"type":"Polygon","coordinates":[[[121.6381216,38.9169022],[121.6381251,38.9167621],[121.6382333,38.9167653],[121.6383081,38.9167936],[121.6383024,38.9169068],[121.6381216,38.9169022]]]}},{"type":"Feature","id":"way/228871717","properties":{"building":"yes","id":"way/228871717"},"geometry":{"type":"Polygon","coordinates":[[[121.6349761,38.9237446],[121.6352988,38.9239452],[121.6349833,38.9242543],[121.6348796,38.9241908],[121.6351194,38.9239562],[121.6349007,38.9238168],[121.6349761,38.9237446]]]}},{"type":"Feature","id":"way/228871718","properties":{"building":"yes","id":"way/228871718"},"geometry":{"type":"Polygon","coordinates":[[[121.6307319,38.9226385],[121.6309057,38.9228818],[121.6310032,38.9228397],[121.6310803,38.9229475],[121.6308715,38.9230378],[121.6306206,38.9226867],[121.6307319,38.9226385]]]}},{"type":"Feature","id":"way/228871719","properties":{"building":"yes","id":"way/228871719"},"geometry":{"type":"Polygon","coordinates":[[[121.640493,38.9191602],[121.6406476,38.9190154],[121.6407555,38.9190852],[121.6406825,38.9191536],[121.6410446,38.9193877],[121.640963,38.9194641],[121.640493,38.9191602]]]}},{"type":"Feature","id":"way/228871720","properties":{"building":"yes","id":"way/228871720"},"geometry":{"type":"Polygon","coordinates":[[[121.6356252,38.9177973],[121.6359892,38.9182086],[121.6357488,38.9183373],[121.6356855,38.9182658],[121.6358175,38.918195],[121.6355169,38.9178554],[121.6356252,38.9177973]]]}},{"type":"Feature","id":"way/228871723","properties":{"building":"yes","id":"way/228871723"},"geometry":{"type":"Polygon","coordinates":[[[121.6305414,38.9225596],[121.6302975,38.9222086],[121.6305118,38.9221184],[121.6305827,38.9222205],[121.6304846,38.9222618],[121.6306576,38.9225107],[121.6305414,38.9225596]]]}},{"type":"Feature","id":"way/228871728","properties":{"building":"yes","id":"way/228871728"},"geometry":{"type":"Polygon","coordinates":[[[121.6411536,38.9199386],[121.6414741,38.920149],[121.6414423,38.9202247],[121.6410808,38.9202607],[121.6410746,38.9201587],[121.6412473,38.9201458],[121.6410657,38.9200175],[121.6411536,38.9199386]]]}},{"type":"Feature","id":"way/228871730","properties":{"building":"yes","id":"way/228871730"},"geometry":{"type":"Polygon","coordinates":[[[121.6334966,38.9241931],[121.633579,38.9241141],[121.6338366,38.9242918],[121.6338698,38.9239218],[121.6340056,38.923931],[121.6339615,38.9244163],[121.633857,38.9244404],[121.6334966,38.9241931]]]}},{"type":"Feature","id":"way/228871732","properties":{"brand":"新华书店","brand:en":"Xinhua Bookstore","brand:wikidata":"Q6124193","brand:wikipedia":"en:Xinhua Bookstore","brand:zh":"新华书店","building":"yes","name":"新华书店","name:en":"Xinhua Bookstore","name:zh":"新华书店","shop":"books","id":"way/228871732"},"geometry":{"type":"Polygon","coordinates":[[[121.6362688,38.9214998],[121.6359214,38.9219121],[121.6353742,38.9218394],[121.6353013,38.9213784],[121.6357245,38.9213378],[121.6358933,38.921333],[121.6360323,38.9213565],[121.6362688,38.9214998]]]}},{"type":"Feature","id":"way/228871735","properties":{"building":"yes","id":"way/228871735"},"geometry":{"type":"Polygon","coordinates":[[[121.6347118,38.923559],[121.6346397,38.9236311],[121.6344514,38.9235258],[121.6344279,38.9237982],[121.6343146,38.9237914],[121.6343484,38.923472],[121.634472,38.9234274],[121.6347118,38.923559]]]}},{"type":"Feature","id":"way/228871765","properties":{"building":"yes","id":"way/228871765"},"geometry":{"type":"Polygon","coordinates":[[[121.6372093,38.9210931],[121.637237,38.9211857],[121.6366949,38.9212669],[121.6369007,38.9213857],[121.6368255,38.9214686],[121.6364482,38.9212426],[121.6364783,38.921195],[121.6372093,38.9210931]]]}},{"type":"Feature","id":"way/228871767","properties":{"building":"yes","id":"way/228871767"},"geometry":{"type":"Polygon","coordinates":[[[121.6317233,38.9232617],[121.631964,38.9234138],[121.6318924,38.9234823],[121.6320283,38.9235683],[121.6318869,38.9237037],[121.6316409,38.9235481],[121.6317079,38.9234839],[121.6315774,38.9234014],[121.6317233,38.9232617]]]}},{"type":"Feature","id":"way/228871778","properties":{"building":"yes","id":"way/228871778"},"geometry":{"type":"Polygon","coordinates":[[[121.6368391,38.9214827],[121.6369958,38.9213504],[121.6372426,38.9215275],[121.6371888,38.921573],[121.6373947,38.9217208],[121.6374896,38.9216407],[121.6376149,38.9217307],[121.6374172,38.9218974],[121.6368391,38.9214827]]]}},{"type":"Feature","id":"way/228871780","properties":{"building":"yes","id":"way/228871780"},"geometry":{"type":"Polygon","coordinates":[[[121.6330876,38.9237055],[121.6333368,38.923609],[121.6333803,38.9236746],[121.6332376,38.9237296],[121.6334,38.9239924],[121.6334995,38.9240706],[121.6334245,38.924137],[121.6332965,38.9240409],[121.6330876,38.9237055]]]}},{"type":"Feature","id":"way/228871784","properties":{"building":"yes","id":"way/228871784"},"geometry":{"type":"Polygon","coordinates":[[[121.6363773,38.9179774],[121.6366258,38.9182489],[121.6363579,38.9183973],[121.6362935,38.918327],[121.636459,38.9182353],[121.6363293,38.9180936],[121.6361648,38.9181847],[121.6361104,38.9181253],[121.6363773,38.9179774]]]}},{"type":"Feature","id":"way/228871785","properties":{"building":"yes","id":"way/228871785"},"geometry":{"type":"Polygon","coordinates":[[[121.641398,38.9205738],[121.6417626,38.9205389],[121.6417745,38.920542],[121.641783,38.9205479],[121.6417882,38.9205551],[121.6417893,38.9205631],[121.6417872,38.9205697],[121.6417839,38.9205763],[121.6416407,38.9208123],[121.6415229,38.9207727],[121.6415751,38.9206732],[121.6414128,38.9206903],[121.641398,38.9205738]]]}},{"type":"Feature","id":"way/228871787","properties":{"building":"yes","id":"way/228871787"},"geometry":{"type":"Polygon","coordinates":[[[121.641164,38.9195177],[121.6415843,38.9194756],[121.6416246,38.9198197],[121.6418715,38.9199985],[121.6417931,38.9200706],[121.641447,38.9198398],[121.6414304,38.9196391],[121.6411869,38.9196553],[121.6410871,38.9195986],[121.641164,38.9195177]]]}},{"type":"Feature","id":"way/231922737","properties":{"building":"yes","id":"way/231922737"},"geometry":{"type":"Polygon","coordinates":[[[121.641221,38.926395],[121.6412897,38.9264679],[121.6412439,38.9265003],[121.6412293,38.9265409],[121.6412251,38.9265943],[121.6412731,38.9266462],[121.6411897,38.9267078],[121.6411397,38.9266397],[121.6411147,38.9265765],[121.6411272,38.9265036],[121.6411585,38.9264404],[121.641221,38.926395]]]}},{"type":"Feature","id":"way/231922740","properties":{"building":"yes","id":"way/231922740"},"geometry":{"type":"Polygon","coordinates":[[[121.6427289,38.926427],[121.6427884,38.9263777],[121.6428532,38.9263548],[121.642921,38.9263732],[121.6429882,38.9264224],[121.6431502,38.9266127],[121.6430648,38.9266792],[121.6429882,38.9267067],[121.6428615,38.9267227],[121.6427318,38.9267158],[121.6426198,38.92667],[121.6427289,38.926427]]]}},{"type":"Feature","id":"way/231922748","properties":{"building":"yes","id":"way/231922748"},"geometry":{"type":"Polygon","coordinates":[[[121.6336989,38.9251537],[121.6328843,38.9245734],[121.6329813,38.9244909],[121.6329373,38.9244585],[121.6327697,38.9245977],[121.6327127,38.9245557],[121.6329301,38.9243643],[121.6329815,38.9243612],[121.6338033,38.9249515],[121.6338781,38.9248846],[121.6339475,38.9249316],[121.633876,38.9250033],[121.6336989,38.9251537]]]}},{"type":"Feature","id":"way/231922752","properties":{"building":"yes","id":"way/231922752"},"geometry":{"type":"Polygon","coordinates":[[[121.6385621,38.926282],[121.6389492,38.9263032],[121.6389363,38.9264471],[121.6387586,38.9264374],[121.6387488,38.9266675],[121.6394346,38.9269434],[121.6395241,38.9268129],[121.6396258,38.9268551],[121.6394638,38.9270912],[121.6393621,38.927049],[121.6393757,38.9270291],[121.6385444,38.9266946],[121.6385621,38.926282]]]}},{"type":"Feature","id":"way/231922755","properties":{"building":"yes","id":"way/231922755"},"geometry":{"type":"Polygon","coordinates":[[[121.6389593,38.9224071],[121.6391331,38.922414],[121.6391264,38.9225168],[121.6389529,38.92251],[121.6389439,38.9226484],[121.6392244,38.9226594],[121.6392172,38.9227705],[121.638937,38.9227595],[121.6389367,38.9227637],[121.6388122,38.9227588],[121.6388468,38.922227],[121.6389707,38.9222319],[121.6389593,38.9224071]]]}},{"type":"Feature","id":"way/231922770","properties":{"building":"yes","id":"way/231922770"},"geometry":{"type":"Polygon","coordinates":[[[121.64054,38.9262645],[121.6406216,38.9263525],[121.6409076,38.92636],[121.6408988,38.9265663],[121.6408178,38.9265642],[121.6408409,38.9265891],[121.6406896,38.926674],[121.6403389,38.9262958],[121.6403566,38.9258511],[121.641055,38.9258648],[121.6411144,38.92603],[121.6405497,38.9260201],[121.64054,38.9262645]]]}},{"type":"Feature","id":"way/231922776","properties":{"building":"yes","id":"way/231922776"},"geometry":{"type":"Polygon","coordinates":[[[121.6404902,38.9233736],[121.6408591,38.9237753],[121.6405931,38.9239231],[121.640519,38.9238424],[121.6406845,38.9237503],[121.6405265,38.9235782],[121.6402204,38.9237483],[121.6404516,38.9240001],[121.6401714,38.9241558],[121.6398681,38.9238255],[121.6402032,38.9236393],[121.6401386,38.923569],[121.6404902,38.9233736]]]}},{"type":"Feature","id":"way/231922780","properties":{"building":"yes","id":"way/231922780"},"geometry":{"type":"Polygon","coordinates":[[[121.6340056,38.923931],[121.6338698,38.9239218],[121.6337499,38.9239164],[121.6337573,38.9238261],[121.6338885,38.923831],[121.6338927,38.9237824],[121.6337489,38.9237726],[121.633751,38.92369],[121.6339094,38.9236964],[121.6339406,38.9234711],[121.6338677,38.9234971],[121.6338246,38.9234177],[121.6340615,38.9233269],[121.6340056,38.923931]]]}},{"type":"Feature","id":"way/231922782","properties":{"building":"yes","id":"way/231922782"},"geometry":{"type":"Polygon","coordinates":[[[121.6414189,38.9266722],[121.6414731,38.9266608],[121.6415106,38.9266332],[121.6415293,38.9265846],[121.6415335,38.9265311],[121.6415002,38.9264938],[121.6415877,38.9264323],[121.6416252,38.9264744],[121.6416398,38.9265246],[121.6416335,38.9266008],[121.6415981,38.9266819],[121.6415273,38.9267305],[121.6414481,38.92675],[121.6414189,38.9266722]]]}},{"type":"Feature","id":"way/231922783","properties":{"building":"yes","id":"way/231922783"},"geometry":{"type":"Polygon","coordinates":[[[121.6388023,38.9235506],[121.6389398,38.9235619],[121.6389294,38.9237289],[121.6389919,38.9237532],[121.639019,38.9236965],[121.6391086,38.9237289],[121.6390044,38.9239218],[121.6388898,38.9238861],[121.6388814,38.9239461],[121.6388043,38.9239688],[121.6387523,38.9239332],[121.6387564,38.9238813],[121.6387835,38.9238667],[121.6388023,38.9235506]]]}},{"type":"Feature","id":"way/231922793","properties":{"building":"yes","id":"way/231922793"},"geometry":{"type":"Polygon","coordinates":[[[121.6407563,38.9261567],[121.6408501,38.9261875],[121.6409459,38.9262005],[121.6410376,38.9262102],[121.6411314,38.9262069],[121.641221,38.9261972],[121.6416523,38.9261243],[121.6417064,38.9261275],[121.6417502,38.9261486],[121.6417585,38.9261859],[121.6417502,38.9262296],[121.6417023,38.9262669],[121.6412626,38.9263366],[121.6412522,38.9262977],[121.6411585,38.9263074],[121.6410293,38.9263042],[121.6408647,38.9262912],[121.6407063,38.9262588],[121.6407563,38.9261567]]]}},{"type":"Feature","id":"way/231922795","properties":{"building":"apartments","id":"way/231922795"},"geometry":{"type":"Polygon","coordinates":[[[121.6371676,38.9250614],[121.6373827,38.9250639],[121.6373796,38.9252263],[121.637568,38.9252285],[121.6375712,38.9250615],[121.6377775,38.9250639],[121.6377743,38.9252294],[121.6379534,38.9252314],[121.6379565,38.9250713],[121.6382365,38.9250746],[121.6382334,38.9252332],[121.6382639,38.9252335],[121.638262,38.925335],[121.6367565,38.9253175],[121.6367577,38.9252517],[121.6367494,38.9252516],[121.6367533,38.9250511],[121.6369687,38.9250536],[121.6369654,38.9252232],[121.6371644,38.9252255],[121.6371676,38.9250614]]]}},{"type":"Feature","id":"way/231922800","properties":{"building":"yes","id":"way/231922800"},"geometry":{"type":"Polygon","coordinates":[[[121.6388231,38.9233464],[121.6388335,38.9231567],[121.6388648,38.9231227],[121.6388981,38.9231113],[121.6389398,38.9231113],[121.6390606,38.923168],[121.6391065,38.9231016],[121.6390002,38.9230513],[121.6389752,38.9229995],[121.6390044,38.9229573],[121.6394669,38.9229768],[121.6395169,38.9229881],[121.6395357,38.923014],[121.6395274,38.9230594],[121.639444,38.9231761],[121.6393502,38.923168],[121.6392482,38.9231227],[121.6391794,38.9232102],[121.6393502,38.9232831],[121.6392773,38.9233853],[121.6389648,38.9232475],[121.6389669,38.9233577],[121.6388231,38.9233464]]]}},{"type":"Feature","id":"way/231922814","properties":{"building":"yes","id":"way/231922814"},"geometry":{"type":"Polygon","coordinates":[[[121.6399867,38.9276715],[121.6399358,38.9277475],[121.6399018,38.9277337],[121.6398681,38.9277841],[121.6402431,38.9279361],[121.6401801,38.9280303],[121.6401202,38.928006],[121.6400969,38.9280408],[121.6401799,38.9280744],[121.640097,38.9281981],[121.6400247,38.9281688],[121.6400393,38.9281469],[121.6399572,38.9281137],[121.6399379,38.9281426],[121.6397956,38.9280849],[121.6398521,38.9280006],[121.639893,38.9280172],[121.639933,38.9279575],[121.6396987,38.9278626],[121.6396828,38.9278862],[121.6395378,38.9278274],[121.639603,38.92773],[121.639647,38.9277479],[121.639674,38.9277076],[121.639601,38.927678],[121.6396796,38.9275606],[121.639761,38.9275936],[121.6397484,38.9276124],[121.6398318,38.9276462],[121.6398516,38.9276168],[121.6399867,38.9276715]]]}},{"type":"Feature","id":"way/231922823","properties":{"building":"apartments","id":"way/231922823"},"geometry":{"type":"Polygon","coordinates":[[[121.6376653,38.927023],[121.6378036,38.9270818],[121.6378171,38.9270627],[121.6379299,38.9271106],[121.6379151,38.9271317],[121.6380295,38.9271803],[121.63796,38.9272792],[121.6378048,38.9272133],[121.6377888,38.9272361],[121.6377634,38.9272253],[121.6377799,38.9272019],[121.6375668,38.9271112],[121.6375519,38.9271324],[121.6374741,38.9270993],[121.6374896,38.9270774],[121.6372985,38.9269961],[121.6372854,38.9270148],[121.6372069,38.9269814],[121.6372206,38.9269619],[121.6370163,38.9268751],[121.6370014,38.9268963],[121.6369258,38.9268642],[121.6369414,38.926842],[121.6366596,38.9267222],[121.6366303,38.9267638],[121.636451,38.9266876],[121.6366012,38.9264738],[121.6367803,38.9265499],[121.6367482,38.9265956],[121.6369019,38.9266609],[121.6368817,38.9266898],[121.6369648,38.9267251],[121.6370866,38.9267007],[121.6371164,38.9267896],[121.6372547,38.9268484],[121.6373637,38.9268206],[121.6373899,38.9269059],[121.6375151,38.9269591],[121.6376429,38.926926],[121.6376653,38.927023]]]}},{"type":"Feature","id":"way/231922827","properties":{"building":"yes","id":"way/231922827"},"geometry":{"type":"Polygon","coordinates":[[[121.6350634,38.9264073],[121.6354364,38.9266278],[121.635318,38.926749],[121.634945,38.9265285],[121.6350634,38.9264073]]]}},{"type":"Feature","id":"way/231922829","properties":{"building":"yes","id":"way/231922829"},"geometry":{"type":"Polygon","coordinates":[[[121.6384796,38.9269789],[121.6389893,38.9271898],[121.6389355,38.9272686],[121.6384257,38.9270577],[121.6384796,38.9269789]]]}},{"type":"Feature","id":"way/231922852","properties":{"building":"yes","id":"way/231922852"},"geometry":{"type":"Polygon","coordinates":[[[121.6416834,38.9235558],[121.6418042,38.9236956],[121.641695,38.9237527],[121.6415742,38.9236129],[121.6416834,38.9235558]]]}},{"type":"Feature","id":"way/231922888","properties":{"building":"yes","id":"way/231922888"},"geometry":{"type":"Polygon","coordinates":[[[121.638456,38.9273892],[121.6387831,38.9275153],[121.6387071,38.9276346],[121.63838,38.9275085],[121.638456,38.9273892]]]}},{"type":"Feature","id":"way/231922897","properties":{"building":"yes","id":"way/231922897"},"geometry":{"type":"Polygon","coordinates":[[[121.6360572,38.920089],[121.6363784,38.920183],[121.6363106,38.9203234],[121.6359894,38.9202294],[121.6360572,38.920089]]]}},{"type":"Feature","id":"way/231922905","properties":{"building":"yes","id":"way/231922905"},"geometry":{"type":"Polygon","coordinates":[[[121.6421018,38.9240555],[121.6419912,38.9241109],[121.641695,38.9237527],[121.6418042,38.9236956],[121.6421018,38.9240555]]]}},{"type":"Feature","id":"way/231922909","properties":{"building":"yes","id":"way/231922909"},"geometry":{"type":"Polygon","coordinates":[[[121.6389951,38.9277705],[121.6387559,38.9276675],[121.638885,38.9274859],[121.6391243,38.927589],[121.6389951,38.9277705]]]}},{"type":"Feature","id":"way/231922933","properties":{"building":"yes","id":"way/231922933"},"geometry":{"type":"Polygon","coordinates":[[[121.632603,38.9243043],[121.6328113,38.9244551],[121.6326984,38.9245495],[121.6324901,38.9243987],[121.632603,38.9243043]]]}},{"type":"Feature","id":"way/231922950","properties":{"building":"yes","id":"way/231922950"},"geometry":{"type":"Polygon","coordinates":[[[121.6435629,38.9259192],[121.6437273,38.9258185],[121.6438015,38.9258917],[121.6436371,38.9259924],[121.6435629,38.9259192]]]}},{"type":"Feature","id":"way/231922961","properties":{"building":"yes","id":"way/231922961"},"geometry":{"type":"Polygon","coordinates":[[[121.6320714,38.9241157],[121.6324545,38.9243862],[121.6323516,38.9244744],[121.6319685,38.9242039],[121.6320714,38.9241157]]]}},{"type":"Feature","id":"way/231922980","properties":{"building":"yes","id":"way/231922980"},"geometry":{"type":"Polygon","coordinates":[[[121.6411011,38.9241012],[121.6413516,38.9243603],[121.6411472,38.9244799],[121.6408968,38.9242208],[121.6411011,38.9241012]]]}},{"type":"Feature","id":"way/231922981","properties":{"building":"yes","id":"way/231922981"},"geometry":{"type":"Polygon","coordinates":[[[121.6341607,38.9223588],[121.6340697,38.922579],[121.6341189,38.9227507],[121.6335677,38.9228237],[121.6334349,38.9225113],[121.6335073,38.9224033],[121.6336053,38.9224281],[121.6336977,38.9222255],[121.6341607,38.9223588]]]}},{"type":"Feature","id":"way/231922992","properties":{"building":"yes","id":"way/231922992"},"geometry":{"type":"Polygon","coordinates":[[[121.6413457,38.9244909],[121.6415873,38.9247867],[121.6413243,38.9249167],[121.6410827,38.924621],[121.6413457,38.9244909]]]}},{"type":"Feature","id":"way/231923000","properties":{"building":"yes","id":"way/231923000"},"geometry":{"type":"Polygon","coordinates":[[[121.635571,38.9199354],[121.6359099,38.920034],[121.6358341,38.9201918],[121.6354952,38.9200933],[121.635571,38.9199354]]]}},{"type":"Feature","id":"way/231923002","properties":{"building":"yes","id":"way/231923002"},"geometry":{"type":"Polygon","coordinates":[[[121.6432652,38.9267158],[121.6434302,38.9268878],[121.6432304,38.9270038],[121.6430654,38.9268319],[121.6432652,38.9267158]]]}},{"type":"Feature","id":"way/231923010","properties":{"building":"yes","id":"way/231923010"},"geometry":{"type":"Polygon","coordinates":[[[121.6390493,38.9278337],[121.6393059,38.9274734],[121.6395767,38.9275901],[121.6393202,38.9279504],[121.6390493,38.9278337]]]}},{"type":"Feature","id":"way/231923013","properties":{"building":"yes","id":"way/231923013"},"geometry":{"type":"Polygon","coordinates":[[[121.6349642,38.9199112],[121.6352015,38.9198389],[121.6352683,38.9199719],[121.6350311,38.9200442],[121.6349642,38.9199112]]]}},{"type":"Feature","id":"way/231923014","properties":{"building":"yes","id":"way/231923014"},"geometry":{"type":"Polygon","coordinates":[[[121.6402319,38.9243878],[121.6406061,38.9241815],[121.6406854,38.9242685],[121.6403111,38.9244748],[121.6402319,38.9243878]]]}},{"type":"Feature","id":"way/231923040","properties":{"building":"yes","id":"way/231923040"},"geometry":{"type":"Polygon","coordinates":[[[121.6443083,38.9266425],[121.6447621,38.9264637],[121.6448098,38.926537],[121.644356,38.9267158],[121.6443083,38.9266425]]]}},{"type":"Feature","id":"way/231923052","properties":{"building":"yes","id":"way/231923052"},"geometry":{"type":"Polygon","coordinates":[[[121.6337671,38.9198947],[121.6339425,38.9198225],[121.6339956,38.9199007],[121.6338203,38.9199729],[121.6337671,38.9198947]]]}},{"type":"Feature","id":"way/231923054","properties":{"building":"yes","id":"way/231923054"},"geometry":{"type":"Polygon","coordinates":[[[121.6359933,38.9263542],[121.6362231,38.9264757],[121.6361523,38.9265567],[121.6359224,38.9264352],[121.6359933,38.9263542]]]}},{"type":"Feature","id":"way/231923078","properties":{"building":"yes","id":"way/231923078"},"geometry":{"type":"Polygon","coordinates":[[[121.6431768,38.9261083],[121.6433863,38.9259833],[121.6434921,38.9260907],[121.6432826,38.9262157],[121.6431768,38.9261083]]]}},{"type":"Feature","id":"way/231923088","properties":{"building":"yes","id":"way/231923088"},"geometry":{"type":"Polygon","coordinates":[[[121.6311226,38.9234303],[121.6313937,38.9235839],[121.6313403,38.9236409],[121.6310692,38.9234873],[121.6311226,38.9234303]]]}},{"type":"Feature","id":"way/231923095","properties":{"building":"yes","id":"way/231923095"},"geometry":{"type":"Polygon","coordinates":[[[121.6392026,38.9224063],[121.6396048,38.9224166],[121.6396007,38.9225126],[121.6391985,38.9225022],[121.6392026,38.9224063]]]}},{"type":"Feature","id":"way/231923109","properties":{"building":"yes","id":"way/231923109"},"geometry":{"type":"Polygon","coordinates":[[[121.6356632,38.9256642],[121.6360404,38.925671],[121.6360373,38.9257737],[121.6356601,38.9257668],[121.6356632,38.9256642]]]}},{"type":"Feature","id":"way/231923110","properties":{"building":"yes","id":"way/231923110"},"geometry":{"type":"Polygon","coordinates":[[[121.6408654,38.9253025],[121.6414047,38.9253047],[121.6414038,38.9254263],[121.6408646,38.925424],[121.6408654,38.9253025]]]}},{"type":"Feature","id":"way/231923111","properties":{"building":"yes","id":"way/231923111"},"geometry":{"type":"Polygon","coordinates":[[[121.6350922,38.9200787],[121.6353309,38.9200982],[121.6353191,38.9201856],[121.6350804,38.9201661],[121.6350922,38.9200787]]]}},{"type":"Feature","id":"way/231923115","properties":{"building":"yes","id":"way/231923115"},"geometry":{"type":"Polygon","coordinates":[[[121.6329141,38.9224124],[121.6334917,38.9221855],[121.6335416,38.9222623],[121.632964,38.9224892],[121.6329141,38.9224124]]]}},{"type":"Feature","id":"way/231923119","properties":{"building":"yes","id":"way/231923119"},"geometry":{"type":"Polygon","coordinates":[[[121.6422456,38.9275044],[121.6424843,38.927062],[121.6426247,38.9271078],[121.642386,38.9275502],[121.6422456,38.9275044]]]}},{"type":"Feature","id":"way/231923121","properties":{"building":"yes","id":"way/231923121"},"geometry":{"type":"Polygon","coordinates":[[[121.6324869,38.9234005],[121.6326371,38.9236481],[121.6324623,38.9237123],[121.632312,38.9234647],[121.6324869,38.9234005]]]}},{"type":"Feature","id":"way/231923129","properties":{"building":"yes","id":"way/231923129"},"geometry":{"type":"Polygon","coordinates":[[[121.6342049,38.9258351],[121.6345737,38.9260653],[121.6344441,38.926191],[121.6340753,38.9259609],[121.6342049,38.9258351]]]}},{"type":"Feature","id":"way/231923138","properties":{"building":"yes","id":"way/231923138"},"geometry":{"type":"Polygon","coordinates":[[[121.6409951,38.9239545],[121.6410898,38.924057],[121.6407539,38.9242449],[121.6406591,38.9241425],[121.6409951,38.9239545]]]}},{"type":"Feature","id":"way/231923277","properties":{"building":"yes","id":"way/231923277"},"geometry":{"type":"Polygon","coordinates":[[[121.6444007,38.9257127],[121.6446689,38.9257178],[121.6446652,38.9258344],[121.644397,38.9258292],[121.6444007,38.9257127]]]}},{"type":"Feature","id":"way/231923282","properties":{"building":"yes","id":"way/231923282"},"geometry":{"type":"Polygon","coordinates":[[[121.6355897,38.922174],[121.6364943,38.9224124],[121.6364109,38.9226115],[121.6363579,38.9227257],[121.6354533,38.9224873],[121.6355897,38.922174]]]}},{"type":"Feature","id":"way/231923292","properties":{"building":"yes","id":"way/231923292"},"geometry":{"type":"Polygon","coordinates":[[[121.6409173,38.9276706],[121.6410073,38.9275289],[121.6412577,38.9276252],[121.6411677,38.9277669],[121.6409173,38.9276706]]]}},{"type":"Feature","id":"way/231923309","properties":{"building":"yes","id":"way/231923309"},"geometry":{"type":"Polygon","coordinates":[[[121.6418219,38.9223277],[121.6417548,38.9224581],[121.6412907,38.9223168],[121.6412624,38.922374],[121.6411476,38.9223382],[121.6412296,38.9221528],[121.6418219,38.9223277]]]}},{"type":"Feature","id":"way/231923345","properties":{"building":"yes","id":"way/231923345"},"geometry":{"type":"Polygon","coordinates":[[[121.6401906,38.9252681],[121.6408035,38.9252887],[121.6407969,38.9254076],[121.640184,38.925387],[121.6401906,38.9252681]]]}},{"type":"Feature","id":"way/231923346","properties":{"building":"yes","id":"way/231923346"},"geometry":{"type":"Polygon","coordinates":[[[121.6403094,38.9272631],[121.6405629,38.9273801],[121.640447,38.927532],[121.6401936,38.9274151],[121.6403094,38.9272631]]]}},{"type":"Feature","id":"way/231923350","properties":{"building":"yes","id":"way/231923350"},"geometry":{"type":"Polygon","coordinates":[[[121.6418278,38.9244774],[121.6422079,38.9249313],[121.642118,38.9249768],[121.6417379,38.9245229],[121.6418278,38.9244774]]]}},{"type":"Feature","id":"way/231923351","properties":{"building":"yes","id":"way/231923351"},"geometry":{"type":"Polygon","coordinates":[[[121.6347121,38.9200661],[121.6350038,38.9200776],[121.6349965,38.9201897],[121.6347048,38.9201783],[121.6347121,38.9200661]]]}},{"type":"Feature","id":"way/231923360","properties":{"building":"yes","id":"way/231923360"},"geometry":{"type":"Polygon","coordinates":[[[121.6355218,38.9266602],[121.6360218,38.9269228],[121.6359427,38.9270139],[121.6354427,38.9267513],[121.6355218,38.9266602]]]}},{"type":"Feature","id":"way/231923364","properties":{"building":"yes","id":"way/231923364"},"geometry":{"type":"Polygon","coordinates":[[[121.634895,38.9221342],[121.6354014,38.9222607],[121.6353256,38.9224443],[121.6348193,38.9223179],[121.634895,38.9221342]]]}},{"type":"Feature","id":"way/231923375","properties":{"building":"yes","id":"way/231923375"},"geometry":{"type":"Polygon","coordinates":[[[121.640886,38.9250136],[121.6414223,38.9250251],[121.6414169,38.9251785],[121.6408806,38.925167],[121.640886,38.9250136]]]}},{"type":"Feature","id":"way/231923387","properties":{"building":"yes","id":"way/231923387"},"geometry":{"type":"Polygon","coordinates":[[[121.643934,38.9259639],[121.6439345,38.9258699],[121.64468,38.9258722],[121.6446795,38.9259662],[121.643934,38.9259639]]]}},{"type":"Feature","id":"way/231923399","properties":{"building":"yes","id":"way/231923399"},"geometry":{"type":"Polygon","coordinates":[[[121.6346196,38.9261107],[121.635028,38.9263684],[121.6348813,38.9265091],[121.6344729,38.9262514],[121.6346196,38.9261107]]]}},{"type":"Feature","id":"way/231923400","properties":{"building":"yes","id":"way/231923400"},"geometry":{"type":"Polygon","coordinates":[[[121.6391102,38.9272104],[121.6396612,38.9274282],[121.6396092,38.9275078],[121.6390582,38.92729],[121.6391102,38.9272104]]]}},{"type":"Feature","id":"way/231923401","properties":{"building":"yes","id":"way/231923401"},"geometry":{"type":"Polygon","coordinates":[[[121.6399545,38.925679],[121.6399505,38.9257885],[121.6393017,38.9257741],[121.6393057,38.9256647],[121.6399545,38.925679]]]}},{"type":"Feature","id":"way/231923413","properties":{"building":"yes","id":"way/231923413"},"geometry":{"type":"Polygon","coordinates":[[[121.6436099,38.9266746],[121.6437753,38.9265994],[121.6439393,38.9268285],[121.6440453,38.9267777],[121.6441342,38.9267825],[121.6442051,38.9268433],[121.643884,38.9270047],[121.6436099,38.9266746]]]}},{"type":"Feature","id":"way/231923417","properties":{"building":"yes","id":"way/231923417"},"geometry":{"type":"Polygon","coordinates":[[[121.6331941,38.9229351],[121.6333384,38.9231598],[121.6331381,38.9232377],[121.6329937,38.923013],[121.6331941,38.9229351]]]}},{"type":"Feature","id":"way/231923423","properties":{"building":"yes","id":"way/231923423"},"geometry":{"type":"Polygon","coordinates":[[[121.6353067,38.926118],[121.6352084,38.9260566],[121.6353881,38.9258824],[121.6354864,38.9259438],[121.6353067,38.926118]]]}},{"type":"Feature","id":"way/231923440","properties":{"building":"yes","id":"way/231923440"},"geometry":{"type":"Polygon","coordinates":[[[121.6313183,38.9210254],[121.6318516,38.9208145],[121.632162,38.9212896],[121.6316287,38.9215005],[121.6313183,38.9210254]]]}},{"type":"Feature","id":"way/231923444","properties":{"building":"yes","id":"way/231923444"},"geometry":{"type":"Polygon","coordinates":[[[121.6398733,38.9269262],[121.6401916,38.9270568],[121.6400918,38.9272039],[121.6397736,38.9270732],[121.6398733,38.9269262]]]}},{"type":"Feature","id":"way/231923455","properties":{"building":"yes","id":"way/231923455"},"geometry":{"type":"Polygon","coordinates":[[[121.6446914,38.9257239],[121.6457257,38.9257249],[121.6457255,38.9258384],[121.6446912,38.9258374],[121.6446914,38.9257239]]]}},{"type":"Feature","id":"way/231923456","properties":{"building":"yes","id":"way/231923456"},"geometry":{"type":"Polygon","coordinates":[[[121.6395247,38.923982],[121.6400521,38.9240783],[121.6400083,38.9242237],[121.6394808,38.9241275],[121.6395247,38.923982]]]}},{"type":"Feature","id":"way/231923459","properties":{"building":"yes","id":"way/231923459"},"geometry":{"type":"Polygon","coordinates":[[[121.6414477,38.9274506],[121.6418484,38.9275766],[121.6417289,38.9278066],[121.6413281,38.9276805],[121.6414477,38.9274506]]]}},{"type":"Feature","id":"way/231923473","properties":{"building":"yes","id":"way/231923473"},"geometry":{"type":"Polygon","coordinates":[[[121.6351113,38.9261593],[121.6363469,38.9268774],[121.6362486,38.9269797],[121.635013,38.9262617],[121.6351113,38.9261593]]]}},{"type":"Feature","id":"way/231923479","properties":{"building":"yes","id":"way/231923479"},"geometry":{"type":"Polygon","coordinates":[[[121.6345617,38.9219478],[121.6349055,38.9220337],[121.634792,38.9223085],[121.6344482,38.9222226],[121.6345617,38.9219478]]]}},{"type":"Feature","id":"way/231923486","properties":{"building":"yes","id":"way/231923486"},"geometry":{"type":"Polygon","coordinates":[[[121.6396013,38.9226639],[121.6395884,38.9227753],[121.6392937,38.9227547],[121.6393066,38.9226432],[121.6396013,38.9226639]]]}},{"type":"Feature","id":"way/231923491","properties":{"building":"yes","id":"way/231923491"},"geometry":{"type":"Polygon","coordinates":[[[121.6402348,38.9250022],[121.6407711,38.9250182],[121.6407653,38.9251365],[121.640229,38.9251205],[121.6402348,38.9250022]]]}},{"type":"Feature","id":"way/231923511","properties":{"building":"yes","id":"way/231923511"},"geometry":{"type":"Polygon","coordinates":[[[121.6347248,38.9202498],[121.6348762,38.9202575],[121.6348512,38.9205544],[121.6346997,38.9205467],[121.6347248,38.9202498]]]}},{"type":"Feature","id":"way/231923518","properties":{"building":"yes","id":"way/231923518"},"geometry":{"type":"Polygon","coordinates":[[[121.6439198,38.9264277],[121.6439223,38.9263346],[121.643924,38.9262683],[121.6440552,38.9262704],[121.6444452,38.9262767],[121.6444418,38.9263437],[121.6444409,38.9264361],[121.6439198,38.9264277]]]}},{"type":"Feature","id":"way/231923525","properties":{"building":"yes","id":"way/231923525"},"geometry":{"type":"Polygon","coordinates":[[[121.6344493,38.9226829],[121.6346792,38.9227036],[121.6346379,38.9229901],[121.6344847,38.9231322],[121.634411,38.9231024],[121.6344493,38.9226829]]]}},{"type":"Feature","id":"way/231923527","properties":{"building":"yes","id":"way/231923527"},"geometry":{"type":"Polygon","coordinates":[[[121.6347256,38.9199352],[121.6347727,38.9198974],[121.6349304,38.919902],[121.6350074,38.9200563],[121.6347201,38.9200437],[121.6347256,38.9199352]]]}},{"type":"Feature","id":"way/231923528","properties":{"building":"yes","id":"way/231923528"},"geometry":{"type":"Polygon","coordinates":[[[121.6347794,38.9224835],[121.6347469,38.9226875],[121.6344346,38.9226738],[121.6344493,38.9224514],[121.634523,38.9224124],[121.6347794,38.9224835]]]}},{"type":"Feature","id":"way/231923530","properties":{"building":"yes","id":"way/231923530"},"geometry":{"type":"Polygon","coordinates":[[[121.6440605,38.9260704],[121.6449038,38.926084],[121.6448985,38.926284],[121.6444452,38.9262767],[121.6440552,38.9262704],[121.6440572,38.9261959],[121.6440605,38.9260704]]]}},{"type":"Feature","id":"way/231923532","properties":{"building":"yes","building:levels":"4","id":"way/231923532"},"geometry":{"type":"Polygon","coordinates":[[[121.6412966,38.9269353],[121.6413404,38.9268466],[121.6415028,38.9268941],[121.6415406,38.926934],[121.6414543,38.9269887],[121.6412966,38.9269353]]]}},{"type":"Feature","id":"way/231923538","properties":{"building":"yes","id":"way/231923538"},"geometry":{"type":"Polygon","coordinates":[[[121.6363658,38.9262431],[121.6363734,38.925942],[121.6364913,38.9259438],[121.6364824,38.9262946],[121.6363262,38.9264298],[121.6362288,38.9263617],[121.6363658,38.9262431]]]}},{"type":"Feature","id":"way/231923543","properties":{"building":"yes","id":"way/231923543"},"geometry":{"type":"Polygon","coordinates":[[[121.6342563,38.9201804],[121.6340014,38.9201716],[121.6338584,38.9200031],[121.6339484,38.9199566],[121.6340642,38.9200923],[121.6342607,38.9200988],[121.6342563,38.9201804]]]}},{"type":"Feature","id":"way/231923550","properties":{"building":"yes","id":"way/231923550"},"geometry":{"type":"Polygon","coordinates":[[[121.6433384,38.9270862],[121.643492,38.9269909],[121.6435875,38.9270938],[121.6433919,38.927211],[121.6430943,38.9271972],[121.6431035,38.9270755],[121.6433384,38.9270862]]]}},{"type":"Feature","id":"way/231923553","properties":{"building":"yes","id":"way/231923553"},"geometry":{"type":"Polygon","coordinates":[[[121.6399518,38.926063],[121.6392749,38.9260509],[121.6392777,38.9259563],[121.6398333,38.9259662],[121.6398349,38.9259117],[121.6399562,38.9259138],[121.6399518,38.926063]]]}},{"type":"Feature","id":"way/231923557","properties":{"building":"yes","id":"way/231923557"},"geometry":{"type":"Polygon","coordinates":[[[121.6411728,38.9260253],[121.6411824,38.9258551],[121.6418893,38.9258743],[121.6418752,38.9260059],[121.641646,38.9259962],[121.6416443,38.9260413],[121.6411728,38.9260253]]]}},{"type":"Feature","id":"way/231923562","properties":{"building":"yes","id":"way/231923562"},"geometry":{"type":"Polygon","coordinates":[[[121.6353795,38.9261689],[121.6355943,38.9259636],[121.6356751,38.9260148],[121.6355413,38.9261426],[121.6359159,38.9263799],[121.6358349,38.9264573],[121.6353795,38.9261689]]]}},{"type":"Feature","id":"way/231923586","properties":{"building":"yes","building:levels":"38","id":"way/231923586"},"geometry":{"type":"Polygon","coordinates":[[[121.6416749,38.9270733],[121.6418972,38.9271368],[121.6418526,38.9272243],[121.6415881,38.9271401],[121.6414543,38.9269887],[121.6415406,38.926934],[121.6416749,38.9270733]]]}},{"type":"Feature","id":"way/231923604","properties":{"building":"yes","id":"way/231923604"},"geometry":{"type":"Polygon","coordinates":[[[121.6341046,38.9231345],[121.6335418,38.923334],[121.6334865,38.9232395],[121.6339778,38.9230654],[121.6339838,38.9229226],[121.6341134,38.9229259],[121.6341046,38.9231345]]]}},{"type":"Feature","id":"way/231923605","properties":{"building":"yes","id":"way/231923605"},"geometry":{"type":"Polygon","coordinates":[[[121.6437965,38.9252708],[121.6441059,38.9251722],[121.6441413,38.9252593],[121.6441501,38.9253327],[121.6441383,38.9254427],[121.6438672,38.9254427],[121.6437965,38.9252708]]]}},{"type":"Feature","id":"way/231923608","properties":{"building":"yes","id":"way/231923608"},"geometry":{"type":"Polygon","coordinates":[[[121.639082,38.9240762],[121.6391007,38.9239845],[121.6392663,38.924005],[121.6393113,38.9237841],[121.6394182,38.9237973],[121.6393546,38.9241098],[121.639082,38.9240762]]]}},{"type":"Feature","id":"way/231923624","properties":{"building":"yes","building:levels":"38","id":"way/231923624"},"geometry":{"type":"Polygon","coordinates":[[[121.6408877,38.9266846],[121.640983,38.9266397],[121.6411126,38.9267861],[121.6413404,38.9268466],[121.6412966,38.9269353],[121.6410579,38.9268784],[121.6408877,38.9266846]]]}},{"type":"Feature","id":"way/231923627","properties":{"building":"yes","id":"way/231923627"},"geometry":{"type":"Polygon","coordinates":[[[121.6406168,38.9277509],[121.6408579,38.927316],[121.6410175,38.9273695],[121.6408221,38.9277221],[121.6411135,38.9278199],[121.6410678,38.9279023],[121.6406168,38.9277509]]]}},{"type":"Feature","id":"way/231923630","properties":{"building":"yes","id":"way/231923630"},"geometry":{"type":"Polygon","coordinates":[[[121.6365333,38.9247123],[121.6365481,38.9253427],[121.6364175,38.9253326],[121.636408,38.924763],[121.6360339,38.9245294],[121.6361149,38.9244509],[121.6365333,38.9247123]]]}},{"type":"Feature","id":"way/231923631","properties":{"building":"yes","id":"way/231923631"},"geometry":{"type":"Polygon","coordinates":[[[121.632085,38.9227522],[121.6322288,38.9229739],[121.6320884,38.923029],[121.6320196,38.9229229],[121.6318836,38.9229762],[121.6318087,38.9228606],[121.632085,38.9227522]]]}},{"type":"Feature","id":"way/231923635","properties":{"building":"yes","id":"way/231923635"},"geometry":{"type":"Polygon","coordinates":[[[121.6367569,38.9262078],[121.636765,38.9256784],[121.6370246,38.9256808],[121.6370201,38.9259768],[121.6377136,38.9259832],[121.6377101,38.9262166],[121.6367569,38.9262078]]]}},{"type":"Feature","id":"way/231923636","properties":{"building":"yes","id":"way/231923636"},"geometry":{"type":"Polygon","coordinates":[[[121.6323007,38.9230961],[121.6324696,38.9233699],[121.6321343,38.923495],[121.6320868,38.9234181],[121.6323061,38.9233362],[121.6321847,38.9231394],[121.6323007,38.9230961]]]}},{"type":"Feature","id":"way/231923637","properties":{"building":"yes","id":"way/231923637"},"geometry":{"type":"Polygon","coordinates":[[[121.6424224,38.9277428],[121.642169,38.9277451],[121.6421675,38.927642],[121.6423718,38.9276402],[121.6428217,38.9273982],[121.6428998,38.9274861],[121.6424224,38.9277428]]]}},{"type":"Feature","id":"way/231923653","properties":{"building":"yes","id":"way/231923653"},"geometry":{"type":"Polygon","coordinates":[[[121.6358771,38.9209254],[121.6353418,38.9207914],[121.6353972,38.9206576],[121.6360749,38.9208272],[121.6360009,38.9210288],[121.6352937,38.9211044],[121.6352734,38.92099],[121.6358771,38.9209254]]]}},{"type":"Feature","id":"way/231923654","properties":{"building":"yes","id":"way/231923654"},"geometry":{"type":"Polygon","coordinates":[[[121.6323821,38.9237337],[121.6320946,38.9238391],[121.6320341,38.9238423],[121.6319112,38.9237661],[121.632005,38.9236802],[121.6320766,38.9237252],[121.6323224,38.9236351],[121.6323821,38.9237337]]]}},{"type":"Feature","id":"way/231923656","properties":{"building":"yes","id":"way/231923656"},"geometry":{"type":"Polygon","coordinates":[[[121.6385788,38.9256486],[121.6393057,38.9256647],[121.6393017,38.9257741],[121.6392994,38.9258359],[121.6392055,38.9258339],[121.6391993,38.9260023],[121.6385664,38.9259883],[121.6385788,38.9256486]]]}},{"type":"Feature","id":"way/231923662","properties":{"building":"yes","id":"way/231923662"},"geometry":{"type":"Polygon","coordinates":[[[121.6341797,38.9197148],[121.6342607,38.9197595],[121.6343565,38.919803],[121.6344552,38.919834],[121.6344198,38.9200369],[121.6341193,38.9200116],[121.6339631,38.9198065],[121.6341797,38.9197148]]]}},{"type":"Feature","id":"way/231923666","properties":{"building":"yes","id":"way/231923666"},"geometry":{"type":"Polygon","coordinates":[[[121.6398557,38.9268093],[121.6396848,38.9263187],[121.6398504,38.9262838],[121.639979,38.9266821],[121.6402322,38.9266898],[121.6403094,38.9267565],[121.6401945,38.9268184],[121.6398557,38.9268093]]]}},{"type":"Feature","id":"way/231923668","properties":{"building":"yes","id":"way/231923668"},"geometry":{"type":"Polygon","coordinates":[[[121.6370246,38.9256808],[121.6372563,38.9256829],[121.6381253,38.9256909],[121.6381172,38.9262203],[121.6377101,38.9262166],[121.6377136,38.9259832],[121.6370201,38.9259768],[121.6370246,38.9256808]]]}},{"type":"Feature","id":"way/231923669","properties":{"building":"yes","id":"way/231923669"},"geometry":{"type":"Polygon","coordinates":[[[121.6402387,38.9268803],[121.6403724,38.9268028],[121.6406317,38.9270733],[121.6406811,38.9271259],[121.640613,38.9272609],[121.6404479,38.9272104],[121.6404849,38.9271372],[121.6402387,38.9268803]]]}},{"type":"Feature","id":"way/231923671","properties":{"building":"yes","id":"way/231923671"},"geometry":{"type":"Polygon","coordinates":[[[121.6388064,38.9234939],[121.6388148,38.9234193],[121.6391981,38.9234533],[121.6392315,38.9235311],[121.6391273,38.9236965],[121.6390481,38.9236657],[121.6390606,38.9235117],[121.6388064,38.9234939]]]}},{"type":"Feature","id":"way/231923678","properties":{"building":"yes","id":"way/231923678"},"geometry":{"type":"Polygon","coordinates":[[[121.6348352,38.9258498],[121.6348234,38.9256229],[121.6355041,38.9256206],[121.6355047,38.9257192],[121.6349452,38.9257211],[121.634953,38.9258095],[121.6352227,38.9259802],[121.6351505,38.9260493],[121.6348352,38.9258498]]]}},{"type":"Feature","id":"way/231923684","properties":{"building":"yes","id":"way/231923684"},"geometry":{"type":"Polygon","coordinates":[[[121.6317632,38.922885],[121.6319206,38.9231491],[121.6318036,38.9231913],[121.6317075,38.9230301],[121.6315921,38.9230717],[121.631632,38.9231387],[121.6315211,38.9231786],[121.6314199,38.9230088],[121.6317632,38.922885]]]}},{"type":"Feature","id":"way/231923698","properties":{"building":"yes","id":"way/231923698"},"geometry":{"type":"Polygon","coordinates":[[[121.6425774,38.9242846],[121.6427189,38.924225],[121.6429222,38.9244657],[121.6431255,38.9244497],[121.6432551,38.9241929],[121.6434113,38.9242365],[121.6432345,38.924601],[121.6428574,38.9246262],[121.6425774,38.9242846]]]}},{"type":"Feature","id":"way/231923718","properties":{"building":"yes","id":"way/231923718"},"geometry":{"type":"Polygon","coordinates":[[[121.632721,38.9231352],[121.6329191,38.923057],[121.6329801,38.9231505],[121.6329083,38.9231789],[121.6330651,38.9234191],[121.6334205,38.9232788],[121.6334701,38.9233548],[121.6329884,38.923545],[121.632721,38.9231352]]]}},{"type":"Feature","id":"way/231923719","properties":{"building":"yes","id":"way/231923719"},"geometry":{"type":"Polygon","coordinates":[[[121.6350042,38.9160386],[121.6355022,38.9161845],[121.6353869,38.9166135],[121.6348076,38.9164432],[121.6348792,38.9163061],[121.6353042,38.9164374],[121.6353522,38.9162753],[121.6349438,38.9161569],[121.6350042,38.9160386]]]}},{"type":"Feature","id":"way/231923735","properties":{"building":"yes","id":"way/231923735"},"geometry":{"type":"Polygon","coordinates":[[[121.6361179,38.9256951],[121.6363808,38.9257023],[121.6363809,38.9256996],[121.6364867,38.9257025],[121.6364782,38.9258906],[121.6363698,38.9258876],[121.6363732,38.9258123],[121.6361129,38.9258052],[121.6361179,38.9256951]]]}},{"type":"Feature","id":"way/231923739","properties":{"building":"yes","id":"way/231923739"},"geometry":{"type":"Polygon","coordinates":[[[121.6414943,38.9236494],[121.6415814,38.9237495],[121.6414271,38.9238307],[121.6417809,38.9242371],[121.6419341,38.9241564],[121.642034,38.9242712],[121.641733,38.9244299],[121.6411921,38.9238087],[121.6414943,38.9236494]]]}},{"type":"Feature","id":"way/231923752","properties":{"building":"yes","id":"way/231923752"},"geometry":{"type":"Polygon","coordinates":[[[121.6421417,38.9250036],[121.6426588,38.9247443],[121.6427851,38.9248967],[121.6426715,38.9249537],[121.6426351,38.9249099],[121.6423202,38.9250678],[121.6423656,38.9251225],[121.642277,38.925167],[121.6421417,38.9250036]]]}},{"type":"Feature","id":"way/231923755","properties":{"building":"yes","id":"way/231923755"},"geometry":{"type":"Polygon","coordinates":[[[121.6419881,38.9251512],[121.6417966,38.9254538],[121.6414931,38.9254538],[121.6414931,38.9253093],[121.6417306,38.9253093],[121.6417952,38.9252073],[121.6415682,38.9249193],[121.6417406,38.9248371],[121.6419881,38.9251512]]]}},{"type":"Feature","id":"way/231923762","properties":{"building":"yes","id":"way/231923762"},"geometry":{"type":"Polygon","coordinates":[[[121.6325071,38.9239542],[121.6327238,38.9238731],[121.6327884,38.9238877],[121.6329038,38.9240744],[121.6328217,38.9241033],[121.6327238,38.9239412],[121.6326342,38.923972],[121.6327259,38.9241357],[121.6326392,38.9241717],[121.6325071,38.9239542]]]}},{"type":"Feature","id":"way/232353349","properties":{"building":"yes","id":"way/232353349"},"geometry":{"type":"Polygon","coordinates":[[[121.6310352,38.9314029],[121.6314304,38.9315477],[121.6313532,38.9316753],[121.6309579,38.9315305],[121.6310352,38.9314029]]]}},{"type":"Feature","id":"way/232353371","properties":{"building":"yes","name":"站北街道办事处","id":"way/232353371"},"geometry":{"type":"Polygon","coordinates":[[[121.6296002,38.9308214],[121.6299725,38.9309685],[121.6298809,38.9311089],[121.6295085,38.9309618],[121.6296002,38.9308214]]]}},{"type":"Feature","id":"way/232353381","properties":{"building":"yes","id":"way/232353381"},"geometry":{"type":"Polygon","coordinates":[[[121.6302819,38.9310932],[121.6309435,38.9313584],[121.6308707,38.9314683],[121.6302091,38.9312031],[121.6302819,38.9310932]]]}},{"type":"Feature","id":"way/232353931","properties":{"building":"yes","id":"way/232353931"},"geometry":{"type":"Polygon","coordinates":[[[121.6321751,38.9318485],[121.6323355,38.9317082],[121.6325158,38.9318328],[121.6323554,38.9319732],[121.6321751,38.9318485]]]}},{"type":"Feature","id":"way/232981583","properties":{"building":"yes","name":"中共大连市委员会","office":"government","id":"way/232981583"},"geometry":{"type":"Polygon","coordinates":[[[121.6579096,38.9159907],[121.6589921,38.9161085],[121.658924,38.9166009],[121.658677,38.9165771],[121.6585215,38.916497],[121.6583986,38.9164701],[121.6582168,38.9164729],[121.6580763,38.9165195],[121.6578499,38.9165027],[121.6579096,38.9159907]]]}},{"type":"Feature","id":"way/233036582","properties":{"amenity":"bus_station","bus":"yes","highway":"bus_stop","public_transport":"station","id":"way/233036582"},"geometry":{"type":"Polygon","coordinates":[[[121.6346727,38.9214492],[121.6347107,38.9214473],[121.6352097,38.9214241],[121.6353786,38.9219524],[121.6346333,38.9219219],[121.6346727,38.9214492]]]}},{"type":"Feature","id":"way/233036586","properties":{"building":"yes","id":"way/233036586"},"geometry":{"type":"Polygon","coordinates":[[[121.6452585,38.9246073],[121.6456234,38.9244531],[121.6456865,38.9244443],[121.6457338,38.9244618],[121.6457541,38.9245021],[121.6457451,38.9248194],[121.6455446,38.9248351],[121.6455513,38.9247107],[121.6454837,38.9246792],[121.6453891,38.9247352],[121.6452585,38.9246073]]]}},{"type":"Feature","id":"way/233036595","properties":{"addr:city":"大连市","addr:district":"中山区","addr:housenumber":"43","addr:postcode":"116001","addr:province":"辽宁省","addr:street":"人民路","building":"apartments","name":"新世界·名泷","id":"way/233036595"},"geometry":{"type":"Polygon","coordinates":[[[121.6479645,38.9227736],[121.6484347,38.9229218],[121.648273,38.9232325],[121.6478917,38.9231123],[121.6477996,38.9230833],[121.6478295,38.9230258],[121.6477982,38.923016],[121.6479004,38.9228197],[121.6479349,38.9228306],[121.6479645,38.9227736]]]}},{"type":"Feature","id":"way/233036596","properties":{"building":"yes","id":"way/233036596"},"geometry":{"type":"Polygon","coordinates":[[[121.647497,38.9216907],[121.6480481,38.9218493],[121.6479731,38.9220072],[121.6474219,38.9218486],[121.647497,38.9216907]]]}},{"type":"Feature","id":"way/233036603","properties":{"building":"commercial","id":"way/233036603"},"geometry":{"type":"Polygon","coordinates":[[[121.6462598,38.9226248],[121.6462917,38.922635],[121.6463012,38.9226171],[121.6465519,38.9226977],[121.6465419,38.9227164],[121.6465705,38.9227255],[121.6464949,38.9228622],[121.6464369,38.9228554],[121.6463835,38.9228457],[121.6463325,38.9228316],[121.6462842,38.9228112],[121.6462386,38.9227893],[121.6461867,38.9227634],[121.6462598,38.9226248]]]}},{"type":"Feature","id":"way/233036613","properties":{"building":"yes","id":"way/233036613"},"geometry":{"type":"Polygon","coordinates":[[[121.6433645,38.9212547],[121.6434194,38.9211454],[121.6435908,38.9211971],[121.643571,38.9212392],[121.6437788,38.9213025],[121.6437361,38.9213874],[121.6435167,38.9213206],[121.6435252,38.9213036],[121.6433645,38.9212547]]]}},{"type":"Feature","id":"way/233036615","properties":{"building":"yes","id":"way/233036615"},"geometry":{"type":"Polygon","coordinates":[[[121.6449482,38.9221393],[121.6455822,38.9223376],[121.6455079,38.9224816],[121.6448739,38.9222833],[121.6449482,38.9221393]]]}},{"type":"Feature","id":"way/233036616","properties":{"addr:street":"万民街","building":"yes","id":"way/233036616"},"geometry":{"type":"Polygon","coordinates":[[[121.6459679,38.9219825],[121.6465839,38.9221764],[121.6465235,38.9222957],[121.6461813,38.922185],[121.6461918,38.922163],[121.6460192,38.9221108],[121.6460075,38.9221347],[121.6459055,38.9221048],[121.6459679,38.9219825]]]}},{"type":"Feature","id":"way/233036632","properties":{"building":"hotel","id":"way/233036632"},"geometry":{"type":"Polygon","coordinates":[[[121.6464668,38.9235664],[121.646481,38.9235574],[121.6464967,38.9235532],[121.6465132,38.9235551],[121.6465365,38.9235682],[121.6466297,38.9236206],[121.6467555,38.9236976],[121.6468555,38.923774],[121.6469185,38.9238337],[121.6469408,38.9238595],[121.6469431,38.9238779],[121.6469289,38.9238957],[121.6468443,38.9239271],[121.6467509,38.9239956],[121.6466728,38.9239253],[121.646575,38.9238522],[121.6464739,38.9237807],[121.6463567,38.923723],[121.6464339,38.9236444],[121.6464668,38.9235664]]]}},{"type":"Feature","id":"way/233036635","properties":{"building":"yes","id":"way/233036635"},"geometry":{"type":"Polygon","coordinates":[[[121.6440671,38.9247801],[121.6441943,38.9245262],[121.6444047,38.92459],[121.6444411,38.9246889],[121.6441536,38.9248141],[121.6440671,38.9247801]]]}},{"type":"Feature","id":"way/233036637","properties":{"building":"yes","id":"way/233036637"},"geometry":{"type":"Polygon","coordinates":[[[121.6446416,38.924547],[121.6447645,38.9243016],[121.6449277,38.9243511],[121.645011,38.9244541],[121.6447755,38.9245737],[121.6446416,38.924547]]]}},{"type":"Feature","id":"way/233036640","properties":{"addr:city":"大连市","addr:district":"中山区","addr:housenumber":"41","addr:postcode":"116001","addr:province":"辽宁省","addr:street":"人民路","brand":"New World Hotels&Resorts","building":"yes","name":"大连新世界酒店","tourism":"hotel","id":"way/233036640"},"geometry":{"type":"Polygon","coordinates":[[[121.6472877,38.9227421],[121.6469767,38.9228456],[121.6469497,38.9228546],[121.6469041,38.9227752],[121.6469501,38.9227611],[121.646915,38.9226895],[121.6472333,38.9225863],[121.6472619,38.9225799],[121.6473048,38.9225783],[121.6473062,38.9225304],[121.647444,38.9225326],[121.6474384,38.9226085],[121.6477709,38.9227076],[121.6477787,38.9226925],[121.6477989,38.9226918],[121.6478183,38.9226979],[121.6478297,38.9227091],[121.6477777,38.9228034],[121.6477412,38.9227912],[121.6477051,38.9228561],[121.647332,38.9227388],[121.6473102,38.9227386],[121.6472877,38.9227421]]]}},{"type":"Feature","id":"way/233036641","properties":{"building":"yes","id":"way/233036641"},"geometry":{"type":"Polygon","coordinates":[[[121.6434467,38.9210948],[121.643565,38.9208653],[121.6440802,38.9210262],[121.6440343,38.9211152],[121.6436317,38.9209895],[121.6435593,38.9211299],[121.6434467,38.9210948]]]}},{"type":"Feature","id":"way/233036653","properties":{"building":"yes","id":"way/233036653"},"geometry":{"type":"Polygon","coordinates":[[[121.6455237,38.9242609],[121.6454796,38.9243191],[121.6451282,38.9244839],[121.645066,38.9244035],[121.6453618,38.9242648],[121.6448424,38.9241081],[121.6448849,38.9240229],[121.6454774,38.9242017],[121.6455237,38.9242609]]]}},{"type":"Feature","id":"way/233036704","properties":{"building":"commercial","id":"way/233036704"},"geometry":{"type":"Polygon","coordinates":[[[121.6393386,38.9253676],[121.6393736,38.9247479],[121.640014,38.9248025],[121.6399821,38.9254072],[121.6393386,38.9253676]]]}},{"type":"Feature","id":"way/233266825","properties":{"building":"yes","id":"way/233266825"},"geometry":{"type":"Polygon","coordinates":[[[121.6606796,38.9221117],[121.6610326,38.9224649],[121.6609225,38.9225316],[121.6608933,38.9225024],[121.6606278,38.9226631],[121.6604427,38.922478],[121.6606987,38.9223231],[121.6606541,38.9222785],[121.6603059,38.9224892],[121.6602117,38.9223949],[121.6606796,38.9221117]]]}},{"type":"Feature","id":"way/233266826","properties":{"building":"yes","id":"way/233266826"},"geometry":{"type":"Polygon","coordinates":[[[121.6622078,38.9228212],[121.6622,38.9227615],[121.6622315,38.9227094],[121.6622783,38.9226867],[121.6623989,38.9227048],[121.6625426,38.9227477],[121.6626407,38.9228016],[121.6626588,38.9228656],[121.6626214,38.9229162],[121.6625702,38.9229361],[121.6624422,38.9229239],[121.6623122,38.9228779],[121.6622078,38.9228212]]]}},{"type":"Feature","id":"way/233266830","properties":{"building":"yes","id":"way/233266830"},"geometry":{"type":"Polygon","coordinates":[[[121.6707113,38.9185311],[121.6708383,38.9185495],[121.6709536,38.9185203],[121.6710483,38.918659],[121.670933,38.9187066],[121.670914,38.9186751],[121.6706557,38.9187189],[121.6705582,38.9186864],[121.6704577,38.9185229],[121.6703761,38.9185422],[121.6703354,38.9184379],[121.6705275,38.9183924],[121.6706139,38.9184899],[121.6707113,38.9185311]]]}},{"type":"Feature","id":"way/233266871","properties":{"building":"yes","id":"way/233266871"},"geometry":{"type":"Polygon","coordinates":[[[121.671353,38.9183649],[121.6711859,38.9181568],[121.6713063,38.9180983],[121.6714734,38.9183063],[121.671353,38.9183649]]]}},{"type":"Feature","id":"way/233266875","properties":{"building":"yes","id":"way/233266875"},"geometry":{"type":"Polygon","coordinates":[[[121.6622931,38.9220744],[121.6627646,38.9219161],[121.662814,38.922005],[121.6623425,38.9221634],[121.6622931,38.9220744]]]}},{"type":"Feature","id":"way/233266885","properties":{"building":"yes","id":"way/233266885"},"geometry":{"type":"Polygon","coordinates":[[[121.6634008,38.9216633],[121.6636681,38.9215736],[121.6637337,38.9216919],[121.6634664,38.9217816],[121.6634008,38.9216633]]]}},{"type":"Feature","id":"way/233266891","properties":{"building":"yes","id":"way/233266891"},"geometry":{"type":"Polygon","coordinates":[[[121.6630675,38.9227347],[121.6634023,38.9226305],[121.6634531,38.9227293],[121.6631183,38.9228335],[121.6630675,38.9227347]]]}},{"type":"Feature","id":"way/233266892","properties":{"building":"yes","id":"way/233266892"},"geometry":{"type":"Polygon","coordinates":[[[121.6616375,38.922282],[121.6621505,38.9221202],[121.6622025,38.9222199],[121.6616895,38.9223818],[121.6616375,38.922282]]]}},{"type":"Feature","id":"way/233266897","properties":{"building":"yes","id":"way/233266897"},"geometry":{"type":"Polygon","coordinates":[[[121.6670188,38.9225076],[121.6673693,38.9233012],[121.6668922,38.9234288],[121.6665416,38.9226352],[121.6670188,38.9225076]]]}},{"type":"Feature","id":"way/233266900","properties":{"building":"yes","id":"way/233266900"},"geometry":{"type":"Polygon","coordinates":[[[121.664409,38.9222493],[121.6649249,38.9220807],[121.6649885,38.9221985],[121.6644726,38.9223671],[121.664409,38.9222493]]]}},{"type":"Feature","id":"way/233266903","properties":{"building":"yes","id":"way/233266903"},"geometry":{"type":"Polygon","coordinates":[[[121.6711441,38.9180312],[121.6715452,38.9179228],[121.6715844,38.9180107],[121.6711833,38.918119],[121.6711441,38.9180312]]]}},{"type":"Feature","id":"way/233266905","properties":{"building":"yes","id":"way/233266905"},"geometry":{"type":"Polygon","coordinates":[[[121.6637004,38.9224874],[121.6640588,38.9223832],[121.6641133,38.9224967],[121.6637549,38.9226009],[121.6637004,38.9224874]]]}},{"type":"Feature","id":"way/233266909","properties":{"building":"yes","id":"way/233266909"},"geometry":{"type":"Polygon","coordinates":[[[121.6713669,38.9171601],[121.671534,38.9169521],[121.671663,38.9170148],[121.6714959,38.9172228],[121.6713669,38.9171601]]]}},{"type":"Feature","id":"way/233266919","properties":{"building":"yes","id":"way/233266919"},"geometry":{"type":"Polygon","coordinates":[[[121.6642209,38.921337],[121.6644683,38.921259],[121.6645276,38.9213729],[121.6642803,38.9214509],[121.6642209,38.921337]]]}},{"type":"Feature","id":"way/233266925","properties":{"building":"yes","id":"way/233266925"},"geometry":{"type":"Polygon","coordinates":[[[121.663757,38.9214292],[121.6640348,38.9213416],[121.6640868,38.9214413],[121.663809,38.921529],[121.663757,38.9214292]]]}},{"type":"Feature","id":"way/233266933","properties":{"building":"yes","id":"way/233266933"},"geometry":{"type":"Polygon","coordinates":[[[121.668693,38.920939],[121.668669,38.9208091],[121.6696772,38.9206965],[121.6697012,38.9208263],[121.668693,38.920939]]]}},{"type":"Feature","id":"way/233266943","properties":{"building":"yes","id":"way/233266943"},"geometry":{"type":"Polygon","coordinates":[[[121.6629287,38.9218453],[121.6631944,38.9217614],[121.663248,38.9218643],[121.6629823,38.9219481],[121.6629287,38.9218453]]]}},{"type":"Feature","id":"way/233266945","properties":{"building":"yes","id":"way/233266945"},"geometry":{"type":"Polygon","coordinates":[[[121.6700079,38.9167896],[121.6704618,38.9167419],[121.6704785,38.916838],[121.6700245,38.9168857],[121.6700079,38.9167896]]]}},{"type":"Feature","id":"way/233266950","properties":{"building":"yes","id":"way/233266950"},"geometry":{"type":"Polygon","coordinates":[[[121.6709213,38.9173248],[121.6712889,38.9171861],[121.6713552,38.9172924],[121.6709876,38.917431],[121.6709213,38.9173248]]]}},{"type":"Feature","id":"way/233266971","properties":{"building":"yes","id":"way/233266971"},"geometry":{"type":"Polygon","coordinates":[[[121.6608019,38.923202],[121.6610386,38.9236548],[121.6608095,38.9237273],[121.6605728,38.9232745],[121.6608019,38.923202]]]}},{"type":"Feature","id":"way/233266987","properties":{"building":"yes","id":"way/233266987"},"geometry":{"type":"Polygon","coordinates":[[[121.6649483,38.9187534],[121.6663386,38.9185849],[121.6663623,38.9187032],[121.664972,38.9188718],[121.6649483,38.9187534]]]}},{"type":"Feature","id":"way/233266989","properties":{"building":"yes","id":"way/233266989"},"geometry":{"type":"Polygon","coordinates":[[[121.668089,38.9162608],[121.6680166,38.915951],[121.6682386,38.9159196],[121.668311,38.9162294],[121.668089,38.9162608]]]}},{"type":"Feature","id":"way/233267000","properties":{"building":"yes","id":"way/233267000"},"geometry":{"type":"Polygon","coordinates":[[[121.6702728,38.9188062],[121.6698568,38.9188604],[121.6697977,38.9185858],[121.6700432,38.9185538],[121.670033,38.9185064],[121.6702035,38.9184841],[121.6702728,38.9188062]]]}},{"type":"Feature","id":"way/233267008","properties":{"building":"yes","id":"way/233267008"},"geometry":{"type":"Polygon","coordinates":[[[121.6611138,38.9234165],[121.6613083,38.9233619],[121.6613454,38.923187],[121.6614619,38.923202],[121.6614064,38.9234638],[121.6611669,38.923531],[121.6611138,38.9234165]]]}},{"type":"Feature","id":"way/233267010","properties":{"building":"yes","id":"way/233267010"},"geometry":{"type":"Polygon","coordinates":[[[121.6720381,38.9177885],[121.6721718,38.9179683],[121.6720699,38.9180142],[121.6719892,38.9179056],[121.671642,38.9179985],[121.6716009,38.9179055],[121.6720381,38.9177885]]]}},{"type":"Feature","id":"way/233267012","properties":{"building":"yes","id":"way/233267012"},"geometry":{"type":"Polygon","coordinates":[[[121.660749,38.9228705],[121.66115,38.9226343],[121.6615037,38.9229636],[121.6613622,38.9230556],[121.6611194,38.9228295],[121.6608585,38.9229831],[121.660749,38.9228705]]]}},{"type":"Feature","id":"way/233267014","properties":{"building":"yes","id":"way/233267014"},"geometry":{"type":"Polygon","coordinates":[[[121.6687535,38.9163083],[121.6693432,38.9162319],[121.6693727,38.91637],[121.6687298,38.9164532],[121.6687384,38.9164936],[121.6681422,38.9165708],[121.6680925,38.9163385],[121.668742,38.9162544],[121.6687535,38.9163083]]]}},{"type":"Feature","id":"way/233270371","properties":{"building":"yes","id":"way/233270371"},"geometry":{"type":"Polygon","coordinates":[[[121.6500696,38.9253523],[121.6502875,38.9252305],[121.6503426,38.9250836],[121.6505097,38.9251291],[121.6504401,38.9252743],[121.6503621,38.925439],[121.6502877,38.925502],[121.6500287,38.9254977],[121.6500306,38.9254281],[121.6501414,38.92543],[121.6500696,38.9253523]]]}},{"type":"Feature","id":"way/233270372","properties":{"building":"yes","id":"way/233270372"},"geometry":{"type":"Polygon","coordinates":[[[121.6552205,38.9264381],[121.6550367,38.9265009],[121.6550315,38.9264917],[121.6545942,38.9266158],[121.6545092,38.9264345],[121.6549316,38.9263146],[121.6548388,38.9261503],[121.6543854,38.9261531],[121.6543894,38.9259294],[121.6549369,38.9259355],[121.6551205,38.926261],[121.6551354,38.9262568],[121.6552205,38.9264381]]]}},{"type":"Feature","id":"way/233270373","properties":{"building":"yes","id":"way/233270373"},"geometry":{"type":"Polygon","coordinates":[[[121.6542515,38.9240234],[121.6544248,38.9244248],[121.6540767,38.9245158],[121.6539034,38.9241144],[121.6542515,38.9240234]]]}},{"type":"Feature","id":"way/233270374","properties":{"building":"yes","id":"way/233270374"},"geometry":{"type":"Polygon","coordinates":[[[121.6495108,38.9246754],[121.6496739,38.9243581],[121.6499566,38.9244461],[121.6497935,38.9247634],[121.6495108,38.9246754]]]}},{"type":"Feature","id":"way/233270375","properties":{"building":"yes","id":"way/233270375"},"geometry":{"type":"Polygon","coordinates":[[[121.6549802,38.9236741],[121.6554844,38.9236649],[121.6554974,38.9240978],[121.6549932,38.924107],[121.6549802,38.9236741]]]}},{"type":"Feature","id":"way/233270377","properties":{"building":"yes","id":"way/233270377"},"geometry":{"type":"Polygon","coordinates":[[[121.6550078,38.9247435],[121.6548443,38.9243179],[121.6556794,38.9243179],[121.6554962,38.9247558],[121.6550078,38.9247435]]]}},{"type":"Feature","id":"way/233270379","properties":{"building":"yes","id":"way/233270379"},"geometry":{"type":"Polygon","coordinates":[[[121.6563312,38.9252645],[121.6562008,38.9250004],[121.6568468,38.9248073],[121.6569772,38.9250714],[121.6563312,38.9252645]]]}},{"type":"Feature","id":"way/233270380","properties":{"building":"yes","id":"way/233270380"},"geometry":{"type":"Polygon","coordinates":[[[121.6510044,38.9216694],[121.6511826,38.9212989],[121.6515472,38.9215392],[121.6511211,38.9217299],[121.6510044,38.9216694]]]}},{"type":"Feature","id":"way/233270381","properties":{"building":"yes","id":"way/233270381"},"geometry":{"type":"Polygon","coordinates":[[[121.6541767,38.9251358],[121.6539318,38.9249436],[121.6543887,38.9245912],[121.6546336,38.9247834],[121.6541767,38.9251358]]]}},{"type":"Feature","id":"way/233270382","properties":{"building":"yes","id":"way/233270382"},"geometry":{"type":"Polygon","coordinates":[[[121.6492455,38.9226494],[121.64973,38.9227873],[121.6496655,38.9229244],[121.649181,38.9227865],[121.6492455,38.9226494]]]}},{"type":"Feature","id":"way/233270383","properties":{"building":"yes","id":"way/233270383"},"geometry":{"type":"Polygon","coordinates":[[[121.6498127,38.9228317],[121.6500798,38.9229109],[121.6499282,38.9232204],[121.649661,38.9231412],[121.6498127,38.9228317]]]}},{"type":"Feature","id":"way/233270384","properties":{"building":"yes","id":"way/233270384"},"geometry":{"type":"Polygon","coordinates":[[[121.6527688,38.9253636],[121.6533359,38.9255149],[121.6532714,38.9256353],[121.652646,38.9256254],[121.6527688,38.9253636]]]}},{"type":"Feature","id":"way/233270385","properties":{"building":"yes","id":"way/233270385"},"geometry":{"type":"Polygon","coordinates":[[[121.6520578,38.9230529],[121.6527393,38.9225748],[121.6530549,38.9234271],[121.6520977,38.9231788],[121.6520578,38.9230529]]]}},{"type":"Feature","id":"way/233270387","properties":{"building":"yes","name":"徐园饭店","tourism":"hotel","id":"way/233270387"},"geometry":{"type":"Polygon","coordinates":[[[121.6535295,38.9254163],[121.65388,38.9255236],[121.6538444,38.9256798],[121.6534426,38.9256706],[121.6535295,38.9254163]]]}},{"type":"Feature","id":"way/233270388","properties":{"building":"yes","id":"way/233270388"},"geometry":{"type":"Polygon","coordinates":[[[121.6491372,38.9228639],[121.6496118,38.9230033],[121.6495555,38.9231193],[121.6490809,38.9229798],[121.6491372,38.9228639]]]}},{"type":"Feature","id":"way/233270389","properties":{"building":"yes","id":"way/233270389"},"geometry":{"type":"Polygon","coordinates":[[[121.6533968,38.9249887],[121.6535622,38.9246577],[121.6538302,38.9247388],[121.6536648,38.9250698],[121.6533968,38.9249887]]]}},{"type":"Feature","id":"way/233270390","properties":{"building":"yes","id":"way/233270390"},"geometry":{"type":"Polygon","coordinates":[[[121.6510225,38.9254119],[121.6518339,38.9254241],[121.6518313,38.9255287],[121.6510198,38.9255164],[121.6510225,38.9254119]]]}},{"type":"Feature","id":"way/233270391","properties":{"building":"yes","id":"way/233270391"},"geometry":{"type":"Polygon","coordinates":[[[121.6527478,38.9251965],[121.6534751,38.9253865],[121.6534153,38.925525],[121.6526879,38.925335],[121.6527478,38.9251965]]]}},{"type":"Feature","id":"way/233270392","properties":{"building":"yes","id":"way/233270392"},"geometry":{"type":"Polygon","coordinates":[[[121.6501001,38.9244242],[121.6506042,38.9245682],[121.6505255,38.9247351],[121.6500213,38.9245911],[121.6501001,38.9244242]]]}},{"type":"Feature","id":"way/233270393","properties":{"building":"yes","id":"way/233270393"},"geometry":{"type":"Polygon","coordinates":[[[121.6562446,38.9242257],[121.6564179,38.92372],[121.6569462,38.9238296],[121.6567729,38.9243353],[121.6562446,38.9242257]]]}},{"type":"Feature","id":"way/233270394","properties":{"building":"yes","id":"way/233270394"},"geometry":{"type":"Polygon","coordinates":[[[121.648797,38.9229083],[121.6489467,38.9225467],[121.6491815,38.9226055],[121.6490318,38.9229671],[121.648797,38.9229083]]]}},{"type":"Feature","id":"way/233270395","properties":{"building":"yes","id":"way/233270395"},"geometry":{"type":"Polygon","coordinates":[[[121.6500929,38.9235487],[121.6511603,38.9238766],[121.6510357,38.9241221],[121.6499683,38.9237942],[121.6500929,38.9235487]]]}},{"type":"Feature","id":"way/233270396","properties":{"building":"yes","id":"way/233270396"},"geometry":{"type":"Polygon","coordinates":[[[121.6545548,38.9233523],[121.655118,38.923242],[121.6551827,38.9234417],[121.6546194,38.923552],[121.6545548,38.9233523]]]}},{"type":"Feature","id":"way/233270397","properties":{"building":"yes","id":"way/233270397"},"geometry":{"type":"Polygon","coordinates":[[[121.6554174,38.9232389],[121.6559137,38.923337],[121.6558458,38.9235451],[121.6553495,38.9234471],[121.6554174,38.9232389]]]}},{"type":"Feature","id":"way/233270398","properties":{"building":"yes","id":"way/233270398"},"geometry":{"type":"Polygon","coordinates":[[[121.6567802,38.9228038],[121.6568984,38.9225341],[121.6571899,38.9225249],[121.6572923,38.9226386],[121.6571741,38.9229082],[121.6567802,38.9228038]]]}},{"type":"Feature","id":"way/233270399","properties":{"building":"yes","id":"way/233270399"},"geometry":{"type":"Polygon","coordinates":[[[121.6534086,38.9259264],[121.6543894,38.9259294],[121.6543854,38.9261531],[121.6543875,38.926291],[121.6534067,38.9262879],[121.6534086,38.9259264]]]}},{"type":"Feature","id":"way/233270400","properties":{"building":"yes","id":"way/233270400"},"geometry":{"type":"Polygon","coordinates":[[[121.6517764,38.9238548],[121.6520643,38.9239448],[121.6520027,38.9240641],[121.6515418,38.9239201],[121.65179,38.9234329],[121.651964,38.9234865],[121.6517764,38.9238548]]]}},{"type":"Feature","id":"way/233270401","properties":{"building":"yes","id":"way/233270401"},"geometry":{"type":"Polygon","coordinates":[[[121.6486542,38.9243502],[121.6483829,38.9249067],[121.6479659,38.9247837],[121.6483558,38.9239839],[121.6492736,38.9242474],[121.6491564,38.9244944],[121.6486542,38.9243502]]]}},{"type":"Feature","id":"way/233270403","properties":{"building":"yes","id":"way/233270403"},"geometry":{"type":"Polygon","coordinates":[[[121.6484504,38.9249277],[121.648535,38.9247485],[121.6487568,38.9248118],[121.6488758,38.9245661],[121.6491104,38.9246349],[121.6489056,38.9250578],[121.6484504,38.9249277]]]}},{"type":"Feature","id":"way/233270404","properties":{"building":"yes","id":"way/233270404"},"geometry":{"type":"Polygon","coordinates":[[[121.6524023,38.9246232],[121.6519172,38.924482],[121.6521215,38.9240574],[121.6523139,38.9241134],[121.6522033,38.9243432],[121.652496,38.9244284],[121.6524023,38.9246232]]]}},{"type":"Feature","id":"way/233270406","properties":{"building":"yes","id":"way/233270406"},"geometry":{"type":"Polygon","coordinates":[[[121.650922,38.9255084],[121.6506857,38.9255023],[121.6506345,38.9254747],[121.650922,38.92492],[121.6510333,38.9249549],[121.6507925,38.9254193],[121.6509257,38.9254228],[121.650922,38.9255084]]]}},{"type":"Feature","id":"way/233270408","properties":{"building":"yes","id":"way/233270408"},"geometry":{"type":"Polygon","coordinates":[[[121.6567264,38.9256416],[121.6567242,38.9256947],[121.6567253,38.9256931],[121.6571349,38.9258493],[121.6570284,38.9260183],[121.6566188,38.925862],[121.6566306,38.9255832],[121.6568945,38.9254943],[121.656937,38.9255707],[121.6567264,38.9256416]]]}},{"type":"Feature","id":"way/239896911","properties":{"building":"yes","id":"way/239896911"},"geometry":{"type":"Polygon","coordinates":[[[121.6283434,38.9185555],[121.6284673,38.9183213],[121.6288664,38.9184578],[121.6285703,38.9187784],[121.6280682,38.9186168],[121.6280939,38.9185668],[121.6281025,38.9185523],[121.6285395,38.9186929],[121.6287345,38.9184818],[121.62849,38.9183982],[121.6283976,38.9185729],[121.6283434,38.9185555]]]}},{"type":"Feature","id":"way/239896917","properties":{"building":"roof","layer":"1","id":"way/239896917"},"geometry":{"type":"Polygon","coordinates":[[[121.6302543,38.9186166],[121.6303476,38.9184163],[121.6303942,38.9184284],[121.6304342,38.9184407],[121.6303409,38.918641],[121.6302543,38.9186166]]]}},{"type":"Feature","id":"way/239896924","properties":{"building":"yes","id":"way/239896924"},"geometry":{"type":"Polygon","coordinates":[[[121.6292543,38.9179895],[121.6290933,38.9182825],[121.6289114,38.918222],[121.6290198,38.9180248],[121.6289142,38.9179911],[121.6285513,38.9178909],[121.6282368,38.9177962],[121.6282806,38.9177053],[121.6292543,38.9179895]]]}},{"type":"Feature","id":"way/241788500","properties":{"building":"yes","id":"way/241788500"},"geometry":{"type":"Polygon","coordinates":[[[121.6523786,38.9162656],[121.6523761,38.9163095],[121.6520805,38.9162989],[121.6520776,38.9163476],[121.6519458,38.9163429],[121.6519573,38.9161478],[121.6523382,38.9161614],[121.6523415,38.9161055],[121.6525599,38.9161133],[121.6525505,38.9162717],[121.6523786,38.9162656]]]}},{"type":"Feature","id":"way/241788502","properties":{"building":"yes","id":"way/241788502"},"geometry":{"type":"Polygon","coordinates":[[[121.6353306,38.9168359],[121.6352858,38.9170074],[121.6350796,38.9169488],[121.6351072,38.9168864],[121.6350436,38.916868],[121.6350629,38.9168273],[121.6347593,38.9167326],[121.6348063,38.9166242],[121.6351288,38.9167252],[121.6353039,38.9167811],[121.6353279,38.9168],[121.6353306,38.9168359]]]}},{"type":"Feature","id":"way/241788503","properties":{"building":"yes","id":"way/241788503"},"geometry":{"type":"Polygon","coordinates":[[[121.6517155,38.9177476],[121.651586,38.9177812],[121.6515837,38.9177758],[121.651036,38.9178928],[121.6509966,38.9177813],[121.6515367,38.917666],[121.6515224,38.9176326],[121.6509284,38.9176901],[121.6508972,38.9174951],[121.6515791,38.9174291],[121.6516685,38.9176378],[121.6516762,38.9176362],[121.6517155,38.9177476]]]}},{"type":"Feature","id":"way/241788507","properties":{"addr:housenumber":"200","addr:street":"天津街","building":"yes","name":"曼哈顿大厦","id":"way/241788507"},"geometry":{"type":"Polygon","coordinates":[[[121.634185,38.9218784],[121.6340607,38.9215318],[121.6336561,38.9216177],[121.6337771,38.9219626],[121.633707,38.9219803],[121.6336916,38.9219418],[121.6335618,38.9219729],[121.6332447,38.9210074],[121.633752,38.9208937],[121.6337697,38.9209475],[121.6334555,38.9210157],[121.6334728,38.9210705],[121.6334496,38.9210754],[121.6334736,38.9211418],[121.6335022,38.9211352],[121.6335177,38.9211797],[121.6335549,38.9211725],[121.6335641,38.9211974],[121.6337232,38.9211649],[121.6337167,38.9211459],[121.6338715,38.9211116],[121.6338779,38.9211298],[121.6340442,38.9210913],[121.6340392,38.9210626],[121.6341189,38.9210658],[121.6341148,38.9211003],[121.634313,38.9211141],[121.6343348,38.9209838],[121.6343601,38.9209853],[121.6342286,38.92187],[121.634185,38.9218784]]]}},{"type":"Feature","id":"way/241788513","properties":{"building":"yes","id":"way/241788513"},"geometry":{"type":"Polygon","coordinates":[[[121.6343804,38.9165038],[121.6346462,38.9165835],[121.6345729,38.9167316],[121.634307,38.9166519],[121.6343804,38.9165038]]]}},{"type":"Feature","id":"way/241788522","properties":{"building":"yes","id":"way/241788522"},"geometry":{"type":"Polygon","coordinates":[[[121.6543001,38.9191496],[121.654269,38.9193359],[121.6532635,38.9192341],[121.6532947,38.9190478],[121.6543001,38.9191496]]]}},{"type":"Feature","id":"way/241788528","properties":{"building":"yes","id":"way/241788528"},"geometry":{"type":"Polygon","coordinates":[[[121.6283825,38.9303837],[121.6288827,38.9305644],[121.628821,38.9306677],[121.6283208,38.9304869],[121.6283825,38.9303837]]]}},{"type":"Feature","id":"way/241788529","properties":{"building":"yes","id":"way/241788529"},"geometry":{"type":"Polygon","coordinates":[[[121.6544227,38.9191583],[121.655559,38.9192623],[121.6555268,38.9194757],[121.6543904,38.9193717],[121.6544227,38.9191583]]]}},{"type":"Feature","id":"way/241788530","properties":{"building":"yes","id":"way/241788530"},"geometry":{"type":"Polygon","coordinates":[[[121.6319318,38.9284865],[121.6325463,38.9287286],[121.6324783,38.9288331],[121.6318638,38.928591],[121.6319318,38.9284865]]]}},{"type":"Feature","id":"way/241788531","properties":{"building":"yes","id":"way/241788531"},"geometry":{"type":"Polygon","coordinates":[[[121.631451,38.9271494],[121.6313285,38.9269335],[121.631827,38.9267623],[121.6319495,38.9269783],[121.631451,38.9271494]]]}},{"type":"Feature","id":"way/241788533","properties":{"building":"yes","id":"way/241788533"},"geometry":{"type":"Polygon","coordinates":[[[121.6326467,38.9287577],[121.6332769,38.9290013],[121.6332025,38.9291177],[121.6325723,38.9288741],[121.6326467,38.9287577]]]}},{"type":"Feature","id":"way/241788535","properties":{"building":"yes","id":"way/241788535"},"geometry":{"type":"Polygon","coordinates":[[[121.6289969,38.9306043],[121.6294873,38.9307866],[121.6294265,38.9308855],[121.6289361,38.9307032],[121.6289969,38.9306043]]]}},{"type":"Feature","id":"way/241788537","properties":{"building":"yes","id":"way/241788537"},"geometry":{"type":"Polygon","coordinates":[[[121.631788,38.9287225],[121.6324005,38.9289599],[121.6323361,38.9290605],[121.6317236,38.9288231],[121.631788,38.9287225]]]}},{"type":"Feature","id":"way/241788538","properties":{"building":"yes","id":"way/241788538"},"geometry":{"type":"Polygon","coordinates":[[[121.6315202,38.9265984],[121.6314375,38.92645],[121.6315925,38.9263978],[121.6315716,38.9263603],[121.6317723,38.9262926],[121.6318759,38.9264785],[121.6315202,38.9265984]]]}},{"type":"Feature","id":"way/241788541","properties":{"building":"yes","id":"way/241788541"},"geometry":{"type":"Polygon","coordinates":[[[121.6325207,38.928989],[121.6331312,38.9292234],[121.6330614,38.9293335],[121.6324508,38.9290991],[121.6325207,38.928989]]]}},{"type":"Feature","id":"way/241788548","properties":{"building":"yes","id":"way/241788548"},"geometry":{"type":"Polygon","coordinates":[[[121.6328042,38.9285386],[121.6334246,38.9287761],[121.6333689,38.9288641],[121.6327486,38.9286266],[121.6328042,38.9285386]]]}},{"type":"Feature","id":"way/241788550","properties":{"building":"yes","id":"way/241788550"},"geometry":{"type":"Polygon","coordinates":[[[121.6315582,38.9254475],[121.6318674,38.9256641],[121.6317198,38.9257916],[121.6314106,38.9255749],[121.6315582,38.9254475]]]}},{"type":"Feature","id":"way/241788552","properties":{"building":"yes","id":"way/241788552"},"geometry":{"type":"Polygon","coordinates":[[[121.6312664,38.9288566],[121.6312186,38.9289368],[121.6309763,38.9288494],[121.6310241,38.9287692],[121.6312664,38.9288566]]]}},{"type":"Feature","id":"way/241788558","properties":{"building":"yes","id":"way/241788558"},"geometry":{"type":"Polygon","coordinates":[[[121.6319909,38.9283425],[121.6320554,38.9282444],[121.6326836,38.9284941],[121.6326191,38.9285922],[121.6319909,38.9283425]]]}},{"type":"Feature","id":"way/241788559","properties":{"building":"yes","id":"way/241788559"},"geometry":{"type":"Polygon","coordinates":[[[121.6319432,38.9198701],[121.6323686,38.9190182],[121.6337605,38.9194389],[121.6339205,38.9196311],[121.6327679,38.9201069],[121.6319432,38.9198701]]]}},{"type":"Feature","id":"way/241788560","properties":{"building":"yes","id":"way/241788560"},"geometry":{"type":"Polygon","coordinates":[[[121.6331882,38.9208817],[121.6330569,38.9204906],[121.6331053,38.9204501],[121.633139,38.9204065],[121.6331642,38.9203471],[121.6331751,38.9202707],[121.6331656,38.920226],[121.6333377,38.9201509],[121.6332496,38.920412],[121.6338031,38.9205267],[121.633869,38.9207318],[121.6331882,38.9208817]]]}},{"type":"Feature","id":"way/241788564","properties":{"building":"yes","id":"way/241788564"},"geometry":{"type":"Polygon","coordinates":[[[121.6321146,38.9261493],[121.6321161,38.9260834],[121.6317372,38.9258164],[121.6319119,38.9256663],[121.6323854,38.926],[121.6323798,38.9262427],[121.6319064,38.9264138],[121.6318134,38.9262582],[121.6321146,38.9261493]]]}},{"type":"Feature","id":"way/241788566","properties":{"building":"yes","id":"way/241788566"},"geometry":{"type":"Polygon","coordinates":[[[121.6341877,38.9161929],[121.6342787,38.9160072],[121.6343995,38.9160431],[121.6343528,38.9161382],[121.634669,38.916232],[121.6347049,38.9161588],[121.6348069,38.916189],[121.6347266,38.9163528],[121.6341877,38.9161929]]]}},{"type":"Feature","id":"way/241788568","properties":{"building":"yes","id":"way/241788568"},"geometry":{"type":"Polygon","coordinates":[[[121.6329953,38.9267107],[121.6333017,38.9267291],[121.6333713,38.9269642],[121.6332477,38.9269863],[121.6332012,38.9268295],[121.6330734,38.9268219],[121.6329863,38.9269639],[121.6328672,38.9269198],[121.6329953,38.9267107]]]}},{"type":"Feature","id":"way/241788570","properties":{"building":"roof","layer":"1","id":"way/241788570"},"geometry":{"type":"Polygon","coordinates":[[[121.6279339,38.9224163],[121.6276406,38.9222115],[121.6283566,38.9215909],[121.62849,38.9216841],[121.6285284,38.9216507],[121.6306114,38.9230875],[121.6298394,38.9237432],[121.6286675,38.9229275],[121.6279339,38.9224163]]]}},{"type":"Feature","id":"way/249408353","properties":{"building":"yes","id":"way/249408353"},"geometry":{"type":"Polygon","coordinates":[[[121.6317789,38.9330005],[121.6318579,38.9330296],[121.6318015,38.9331224],[121.6315616,38.9330341],[121.6312906,38.9334728],[121.6311335,38.9334141],[121.6315354,38.9327637],[121.6316865,38.9328202],[121.6317588,38.9327032],[121.6319243,38.9327651],[121.6317789,38.9330005]]]}},{"type":"Feature","id":"way/249408355","properties":{"building":"yes","id":"way/249408355"},"geometry":{"type":"Polygon","coordinates":[[[121.6421321,38.9236748],[121.6418609,38.9234151],[121.6423337,38.923169],[121.6430325,38.9234097],[121.6427996,38.9238073],[121.6426794,38.9237669],[121.6428096,38.9235326],[121.6423908,38.9234076],[121.642133,38.9235194],[121.6422289,38.9236174],[121.6421321,38.9236748]]]}},{"type":"Feature","id":"way/249408368","properties":{"building":"yes","id":"way/249408368"},"geometry":{"type":"Polygon","coordinates":[[[121.6338653,38.9180355],[121.6341748,38.9179055],[121.6342335,38.91799],[121.6339239,38.9181201],[121.6338653,38.9180355]]]}},{"type":"Feature","id":"way/249408371","properties":{"building":"yes","id":"way/249408371"},"geometry":{"type":"Polygon","coordinates":[[[121.631558,38.9333053],[121.6315596,38.9331498],[121.6318093,38.9331514],[121.6318076,38.933307],[121.631558,38.9333053]]]}},{"type":"Feature","id":"way/249408373","properties":{"building":"yes","id":"way/249408373"},"geometry":{"type":"Polygon","coordinates":[[[121.6319191,38.933201],[121.6319191,38.9331031],[121.6322327,38.9331031],[121.6322327,38.933201],[121.6319191,38.933201]]]}},{"type":"Feature","id":"way/249408385","properties":{"building":"yes","id":"way/249408385"},"geometry":{"type":"Polygon","coordinates":[[[121.6315196,38.9339325],[121.6316449,38.9337701],[121.6320576,38.9339628],[121.6319323,38.9341252],[121.6315196,38.9339325]]]}},{"type":"Feature","id":"way/249408391","properties":{"building":"yes","id":"way/249408391"},"geometry":{"type":"Polygon","coordinates":[[[121.6314825,38.9344558],[121.6310368,38.9341123],[121.6312192,38.9339691],[121.6316649,38.9343126],[121.6314825,38.9344558]]]}},{"type":"Feature","id":"way/249408393","properties":{"building":"yes","id":"way/249408393"},"geometry":{"type":"Polygon","coordinates":[[[121.6350186,38.9177225],[121.6348198,38.9176861],[121.6348364,38.9176309],[121.6343269,38.9175378],[121.6343557,38.9174427],[121.6348651,38.9175358],[121.634925,38.9173377],[121.6351238,38.9173741],[121.6350186,38.9177225]]]}},{"type":"Feature","id":"way/249408555","properties":{"building":"yes","id":"way/249408555"},"geometry":{"type":"Polygon","coordinates":[[[121.6306076,38.9342471],[121.6307615,38.9341261],[121.631137,38.934415],[121.6309831,38.9345361],[121.6306076,38.9342471]]]}},{"type":"Feature","id":"way/249408558","properties":{"building":"yes","id":"way/249408558"},"geometry":{"type":"Polygon","coordinates":[[[121.6319529,38.9337207],[121.6319146,38.9336084],[121.6321787,38.9335538],[121.6322171,38.9336661],[121.6319529,38.9337207]]]}},{"type":"Feature","id":"way/249408567","properties":{"building":"yes","id":"way/249408567"},"geometry":{"type":"Polygon","coordinates":[[[121.6306282,38.9338587],[121.6308374,38.9336941],[121.6311965,38.9339702],[121.6309873,38.9341348],[121.6306282,38.9338587]]]}},{"type":"Feature","id":"way/249408580","properties":{"building":"yes","id":"way/249408580"},"geometry":{"type":"Polygon","coordinates":[[[121.6305746,38.933496],[121.6306588,38.9333546],[121.63122,38.9335568],[121.6311358,38.9336982],[121.6305746,38.933496]]]}},{"type":"Feature","id":"way/249408600","properties":{"building":"yes","id":"way/249408600"},"geometry":{"type":"Polygon","coordinates":[[[121.6322301,38.9328976],[121.6322286,38.9330196],[121.6320947,38.9330169],[121.6320961,38.9329731],[121.6319562,38.9329715],[121.6319587,38.9328433],[121.6321609,38.9328481],[121.6322301,38.9328976]]]}},{"type":"Feature","id":"way/249408601","properties":{"building":"yes","id":"way/249408601"},"geometry":{"type":"Polygon","coordinates":[[[121.6320896,38.9333567],[121.6320965,38.933262],[121.6322396,38.9332683],[121.6322293,38.9334096],[121.6321667,38.9334643],[121.6319067,38.9334643],[121.6319067,38.9333567],[121.6320896,38.9333567]]]}},{"type":"Feature","id":"way/249408602","properties":{"building":"yes","id":"way/249408602"},"geometry":{"type":"Polygon","coordinates":[[[121.6338054,38.9180131],[121.6335372,38.9176261],[121.633628,38.917525],[121.6341376,38.9176791],[121.6340893,38.917776],[121.6336811,38.9176525],[121.6339027,38.9179722],[121.6338054,38.9180131]]]}},{"type":"Feature","id":"way/249408604","properties":{"building":"yes","id":"way/249408604"},"geometry":{"type":"Polygon","coordinates":[[[121.6313805,38.9335846],[121.6313831,38.9334772],[121.6316632,38.9334813],[121.6316632,38.9333615],[121.631785,38.9333615],[121.631785,38.933522],[121.6317086,38.9335894],[121.6313805,38.9335846]]]}},{"type":"Feature","id":"way/249408606","properties":{"building":"yes","id":"way/249408606"},"geometry":{"type":"Polygon","coordinates":[[[121.6430532,38.9238314],[121.6431799,38.9238639],[121.6431448,38.9239467],[121.6434629,38.9240309],[121.6435158,38.923932],[121.6436209,38.923959],[121.6435319,38.9241351],[121.6429841,38.9239947],[121.6430532,38.9238314]]]}},{"type":"Feature","id":"way/249408607","properties":{"building":"yes","id":"way/249408607"},"geometry":{"type":"Polygon","coordinates":[[[121.6341733,38.9182959],[121.6343026,38.9182504],[121.6343708,38.9183679],[121.6342481,38.918411],[121.6343254,38.91853],[121.6341845,38.9185854],[121.6338998,38.9181471],[121.6340407,38.9180917],[121.6341733,38.9182959]]]}},{"type":"Feature","id":"way/249408611","properties":{"building":"yes","id":"way/249408611"},"geometry":{"type":"Polygon","coordinates":[[[121.6346948,38.9189683],[121.6344368,38.9189667],[121.6342119,38.918636],[121.6343126,38.9185945],[121.6344741,38.918832],[121.6346182,38.9188329],[121.6346647,38.9186615],[121.6347732,38.9186793],[121.6346948,38.9189683]]]}},{"type":"Feature","id":"way/249408612","properties":{"building":"yes","id":"way/249408612"},"geometry":{"type":"Polygon","coordinates":[[[121.6322064,38.9179977],[121.6319235,38.9176941],[121.6319797,38.917664],[121.6319678,38.9176471],[121.6320158,38.9176254],[121.6320031,38.9176076],[121.6320557,38.9175825],[121.6320425,38.9175619],[121.6321086,38.917528],[121.6322099,38.9176445],[121.632051,38.9177339],[121.6321826,38.9178735],[121.6323421,38.9177839],[121.6324197,38.9178727],[121.6322064,38.9179977]]]}},{"type":"Feature","id":"way/259762671","properties":{"building":"yes","id":"way/259762671"},"geometry":{"type":"Polygon","coordinates":[[[121.657712,38.9278884],[121.65735,38.9276971],[121.6574584,38.927573],[121.6579925,38.9278663],[121.6580166,38.9279367],[121.6579595,38.927983],[121.657144,38.9282404],[121.6570188,38.9282276],[121.6569549,38.9281761],[121.6567753,38.9278727],[121.6569547,38.9278112],[121.6570733,38.9280263],[121.657196,38.9280584],[121.657712,38.9278884]]]}},{"type":"Feature","id":"way/259762676","properties":{"building":"yes","id":"way/259762676"},"geometry":{"type":"Polygon","coordinates":[[[121.6295613,38.9242386],[121.6301007,38.9244329],[121.6300365,38.9245407],[121.6294971,38.9243465],[121.6295613,38.9242386]]]}},{"type":"Feature","id":"way/259762677","properties":{"building":"yes","id":"way/259762677"},"geometry":{"type":"Polygon","coordinates":[[[121.6510722,38.9246579],[121.6514801,38.924784],[121.6513583,38.9250222],[121.6509505,38.924896],[121.6510722,38.9246579]]]}},{"type":"Feature","id":"way/259762679","properties":{"building":"yes","id":"way/259762679"},"geometry":{"type":"Polygon","coordinates":[[[121.6499758,38.924747],[121.6505023,38.9249134],[121.6504514,38.9250107],[121.649925,38.9248443],[121.6499758,38.924747]]]}},{"type":"Feature","id":"way/259762687","properties":{"building":"yes","id":"way/259762687"},"geometry":{"type":"Polygon","coordinates":[[[121.6504789,38.9250422],[121.6506427,38.9247184],[121.6507633,38.9247553],[121.6505995,38.9250791],[121.6504789,38.9250422]]]}},{"type":"Feature","id":"way/259762689","properties":{"building":"yes","id":"way/259762689"},"geometry":{"type":"Polygon","coordinates":[[[121.6491946,38.9251564],[121.6494052,38.9246908],[121.6496433,38.924756],[121.6494327,38.9252215],[121.6491946,38.9251564]]]}},{"type":"Feature","id":"way/259762704","properties":{"building":"yes","id":"way/259762704"},"geometry":{"type":"Polygon","coordinates":[[[121.6302726,38.9245318],[121.6308072,38.924726],[121.6307257,38.9248617],[121.6301911,38.9246675],[121.6302726,38.9245318]]]}},{"type":"Feature","id":"way/259762705","properties":{"building":"yes","id":"way/259762705"},"geometry":{"type":"Polygon","coordinates":[[[121.6298039,38.9240059],[121.6301242,38.9241177],[121.6300713,38.9242094],[121.629751,38.9240977],[121.6298039,38.9240059]]]}},{"type":"Feature","id":"way/259762706","properties":{"building":"yes","id":"way/259762706"},"geometry":{"type":"Polygon","coordinates":[[[121.6294059,38.9235167],[121.6292387,38.923885],[121.6291341,38.9238563],[121.6293013,38.923488],[121.6294059,38.9235167]]]}},{"type":"Feature","id":"way/259762726","properties":{"building":"yes","id":"way/259762726"},"geometry":{"type":"Polygon","coordinates":[[[121.6286946,38.9230385],[121.629062,38.9232877],[121.6289444,38.9233926],[121.628577,38.9231435],[121.6286946,38.9230385]]]}},{"type":"Feature","id":"way/259762730","properties":{"building":"yes","id":"way/259762730"},"geometry":{"type":"Polygon","coordinates":[[[121.6290408,38.9238154],[121.6289185,38.9237798],[121.6290998,38.9234024],[121.6292222,38.9234379],[121.6290408,38.9238154]]]}},{"type":"Feature","id":"way/259762733","properties":{"building":"yes","id":"way/259762733"},"geometry":{"type":"Polygon","coordinates":[[[121.6293221,38.9241389],[121.6294577,38.924191],[121.6293354,38.9243838],[121.6290085,38.9242583],[121.6290448,38.9242011],[121.6292361,38.9242745],[121.6293221,38.9241389]]]}},{"type":"Feature","id":"way/259762758","properties":{"building":"yes","id":"way/259762758"},"geometry":{"type":"Polygon","coordinates":[[[121.6593547,38.9329171],[121.658481,38.9312691],[121.6585866,38.9312352],[121.6588687,38.9311447],[121.6597424,38.9327928],[121.6593547,38.9329171]]]}},{"type":"Feature","id":"way/259762760","properties":{"building":"yes","man_made":"pier","name":"大连港旅客候船厅","id":"way/259762760"},"geometry":{"type":"Polygon","coordinates":[[[121.6588687,38.9311447],[121.6585866,38.9312352],[121.6579287,38.9299943],[121.6580104,38.9299681],[121.6579145,38.929787],[121.6580736,38.929736],[121.6581695,38.9299171],[121.6582109,38.9299038],[121.6588687,38.9311447]]]}},{"type":"Feature","id":"way/268528336","properties":{"building":"yes","id":"way/268528336"},"geometry":{"type":"Polygon","coordinates":[[[121.6622151,38.9272455],[121.6622128,38.9271077],[121.6628717,38.9271011],[121.662874,38.927239],[121.6622151,38.9272455]]]}},{"type":"Feature","id":"way/268528337","properties":{"building":"yes","id":"way/268528337"},"geometry":{"type":"Polygon","coordinates":[[[121.6637374,38.9260031],[121.6637453,38.9258639],[121.6643459,38.9258845],[121.664338,38.9260237],[121.6637374,38.9260031]]]}},{"type":"Feature","id":"way/268528338","properties":{"building":"yes","id":"way/268528338"},"geometry":{"type":"Polygon","coordinates":[[[121.6630166,38.9265223],[121.6630124,38.9263862],[121.663598,38.9263751],[121.6636022,38.9265113],[121.6630166,38.9265223]]]}},{"type":"Feature","id":"way/268528749","properties":{"building":"yes","id":"way/268528749"},"geometry":{"type":"Polygon","coordinates":[[[121.6569889,38.927153],[121.6569444,38.9270613],[121.6574356,38.9269171],[121.6574801,38.9270088],[121.6569889,38.927153]]]}},{"type":"Feature","id":"way/277226607","properties":{"building":"yes","id":"way/277226607"},"geometry":{"type":"Polygon","coordinates":[[[121.6335527,38.9173898],[121.6338547,38.9167574],[121.634499,38.9169437],[121.6342988,38.9173629],[121.6341432,38.9173179],[121.634286,38.9170188],[121.6341011,38.9169654],[121.6340348,38.9171042],[121.6341636,38.9171415],[121.6340871,38.9173017],[121.6338104,38.9172217],[121.6337086,38.9174348],[121.6335527,38.9173898]]]}},{"type":"Feature","id":"way/277226629","properties":{"building":"yes","id":"way/277226629"},"geometry":{"type":"Polygon","coordinates":[[[121.6367802,38.9169261],[121.6369918,38.9162152],[121.6371631,38.916246],[121.6369515,38.916957],[121.6367802,38.9169261]]]}},{"type":"Feature","id":"way/277226632","properties":{"building":"yes","id":"way/277226632"},"geometry":{"type":"Polygon","coordinates":[[[121.636596,38.9174278],[121.6367454,38.9169745],[121.6368976,38.9170049],[121.6367482,38.9174582],[121.636596,38.9174278]]]}},{"type":"Feature","id":"way/277226784","properties":{"building":"yes","id":"way/277226784"},"geometry":{"type":"Polygon","coordinates":[[[121.6342894,38.917894],[121.6343437,38.9177234],[121.6346151,38.9177757],[121.6345607,38.9179463],[121.6342894,38.917894]]]}},{"type":"Feature","id":"way/277226824","properties":{"building":"yes","id":"way/277226824"},"geometry":{"type":"Polygon","coordinates":[[[121.6346852,38.9178611],[121.6347149,38.9177732],[121.635056,38.9178429],[121.6350062,38.9179904],[121.6348579,38.9179601],[121.634878,38.9179005],[121.6346852,38.9178611]]]}},{"type":"Feature","id":"way/277226825","properties":{"building":"yes","id":"way/277226825"},"geometry":{"type":"Polygon","coordinates":[[[121.6345259,38.9184539],[121.6345581,38.9183557],[121.6347511,38.918394],[121.6347988,38.9182486],[121.6349569,38.91828],[121.6348769,38.9185236],[121.6345259,38.9184539]]]}},{"type":"Feature","id":"way/277226827","properties":{"building":"yes","id":"way/277226827"},"geometry":{"type":"Polygon","coordinates":[[[121.6346321,38.9171295],[121.6346605,38.9170344],[121.6351211,38.9171177],[121.6351073,38.9171639],[121.6352179,38.9171839],[121.6351775,38.9173192],[121.6350522,38.9172965],[121.635078,38.9172101],[121.6346321,38.9171295]]]}},{"type":"Feature","id":"way/277226833","properties":{"building":"yes","id":"way/277226833"},"geometry":{"type":"Polygon","coordinates":[[[121.6344686,38.9181362],[121.6344967,38.9180512],[121.6348469,38.9181212],[121.6348816,38.9180162],[121.6350051,38.9180409],[121.6349537,38.9181963],[121.6348386,38.9181733],[121.6348271,38.9182078],[121.6344686,38.9181362]]]}},{"type":"Feature","id":"way/277226834","properties":{"building":"yes","id":"way/277226834"},"geometry":{"type":"Polygon","coordinates":[[[121.6368464,38.91814],[121.6365103,38.917715],[121.6365611,38.9175518],[121.6366808,38.9175747],[121.6366582,38.9177029],[121.6369056,38.9180001],[121.6373317,38.9177961],[121.6373956,38.917877],[121.6368464,38.91814]]]}},{"type":"Feature","id":"way/277483543","properties":{"building":"yes","id":"way/277483543"},"geometry":{"type":"Polygon","coordinates":[[[121.6533515,38.9159506],[121.6535381,38.9160401],[121.6535768,38.9159913],[121.6537343,38.9160668],[121.6536957,38.9161156],[121.6538086,38.9161697],[121.6538393,38.916131],[121.6539963,38.9162063],[121.6538306,38.9164155],[121.6532166,38.916121],[121.6533515,38.9159506]]]}},{"type":"Feature","id":"way/277483545","properties":{"building":"yes","id":"way/277483545"},"geometry":{"type":"Polygon","coordinates":[[[121.6733226,38.9163408],[121.6742918,38.9158682],[121.6743955,38.9159966],[121.6736925,38.9163406],[121.6740493,38.9164758],[121.6745474,38.9162117],[121.6746532,38.9163324],[121.6740624,38.9166423],[121.6735241,38.9164229],[121.6735192,38.9164253],[121.6733226,38.9163408]]]}},{"type":"Feature","id":"way/277483592","properties":{"building":"yes","id":"way/277483592"},"geometry":{"type":"Polygon","coordinates":[[[121.6755001,38.9185773],[121.6756443,38.918503],[121.6757756,38.9186573],[121.6756313,38.9187316],[121.6755001,38.9185773]]]}},{"type":"Feature","id":"way/277483597","properties":{"building":"yes","id":"way/277483597"},"geometry":{"type":"Polygon","coordinates":[[[121.6748329,38.9165784],[121.6753308,38.9163175],[121.6754372,38.9164405],[121.6749393,38.9167014],[121.6748329,38.9165784]]]}},{"type":"Feature","id":"way/277483599","properties":{"building":"yes","id":"way/277483599"},"geometry":{"type":"Polygon","coordinates":[[[121.6615801,38.9175784],[121.6621927,38.9174981],[121.6622225,38.9176357],[121.66161,38.9177161],[121.6615801,38.9175784]]]}},{"type":"Feature","id":"way/277483607","properties":{"building":"yes","id":"way/277483607"},"geometry":{"type":"Polygon","coordinates":[[[121.6752378,38.9173971],[121.6758625,38.9170754],[121.6759648,38.9171956],[121.6753401,38.9175172],[121.6752378,38.9173971]]]}},{"type":"Feature","id":"way/277483608","properties":{"building":"yes","id":"way/277483608"},"geometry":{"type":"Polygon","coordinates":[[[121.6595429,38.9172205],[121.660017,38.9171584],[121.6600431,38.9172792],[121.659569,38.9173413],[121.6595429,38.9172205]]]}},{"type":"Feature","id":"way/277483625","properties":{"building":"yes","id":"way/277483625"},"geometry":{"type":"Polygon","coordinates":[[[121.6606437,38.9166928],[121.6613055,38.9166197],[121.6613286,38.9167463],[121.6606667,38.9168193],[121.6606437,38.9166928]]]}},{"type":"Feature","id":"way/277483633","properties":{"building":"yes","id":"way/277483633"},"geometry":{"type":"Polygon","coordinates":[[[121.663222,38.9171252],[121.6631243,38.9167219],[121.6637051,38.9166367],[121.6638029,38.91704],[121.663222,38.9171252]]]}},{"type":"Feature","id":"way/277483647","properties":{"building":"yes","id":"way/277483647"},"geometry":{"type":"Polygon","coordinates":[[[121.6608126,38.917058],[121.6613783,38.9169922],[121.6614046,38.9171291],[121.6608389,38.9171949],[121.6608126,38.917058]]]}},{"type":"Feature","id":"way/277483656","properties":{"building":"yes","id":"way/277483656"},"geometry":{"type":"Polygon","coordinates":[[[121.6767381,38.9171414],[121.6773888,38.9168064],[121.6774584,38.9168883],[121.6768078,38.9172233],[121.6767381,38.9171414]]]}},{"type":"Feature","id":"way/277483662","properties":{"building":"yes","id":"way/277483662"},"geometry":{"type":"Polygon","coordinates":[[[121.6722771,38.9177431],[121.6722314,38.9176231],[121.6727359,38.9175069],[121.6727816,38.9176269],[121.6722771,38.9177431]]]}},{"type":"Feature","id":"way/277483663","properties":{"building":"yes","id":"way/277483663"},"geometry":{"type":"Polygon","coordinates":[[[121.6755001,38.9182906],[121.6753942,38.9183451],[121.6752644,38.9181925],[121.6753702,38.918138],[121.6755001,38.9182906]]]}},{"type":"Feature","id":"way/277483672","properties":{"building":"yes","id":"way/277483672"},"geometry":{"type":"Polygon","coordinates":[[[121.6617257,38.9172497],[121.6621294,38.9172023],[121.662156,38.9173396],[121.6617523,38.9173871],[121.6617257,38.9172497]]]}},{"type":"Feature","id":"way/277483679","properties":{"building":"yes","id":"way/277483679"},"geometry":{"type":"Polygon","coordinates":[[[121.6596109,38.9175237],[121.6600804,38.9174634],[121.6601104,38.917605],[121.659641,38.9176652],[121.6596109,38.9175237]]]}},{"type":"Feature","id":"way/277483683","properties":{"building":"yes","id":"way/277483683"},"geometry":{"type":"Polygon","coordinates":[[[121.6749789,38.9170717],[121.6755981,38.9167529],[121.675676,38.9168444],[121.6750568,38.9171632],[121.6749789,38.9170717]]]}},{"type":"Feature","id":"way/277483684","properties":{"building":"yes","id":"way/277483684"},"geometry":{"type":"Polygon","coordinates":[[[121.6740695,38.917193],[121.6745342,38.9175159],[121.6744133,38.9176212],[121.6739486,38.9172983],[121.6740695,38.917193]]]}},{"type":"Feature","id":"way/277483705","properties":{"building":"yes","id":"way/277483705"},"geometry":{"type":"Polygon","coordinates":[[[121.6627706,38.9164847],[121.663461,38.9164099],[121.6634791,38.9165108],[121.6627887,38.9165857],[121.6627706,38.9164847]]]}},{"type":"Feature","id":"way/277483706","properties":{"building":"yes","id":"way/277483706"},"geometry":{"type":"Polygon","coordinates":[[[121.6774584,38.9166429],[121.6779572,38.9163861],[121.6780592,38.9165061],[121.6775604,38.9167629],[121.6774584,38.9166429]]]}},{"type":"Feature","id":"way/277483735","properties":{"building":"yes","id":"way/277483735"},"geometry":{"type":"Polygon","coordinates":[[[121.6608572,38.9173703],[121.6612656,38.9173246],[121.6612893,38.9174529],[121.6608809,38.9174986],[121.6608572,38.9173703]]]}},{"type":"Feature","id":"way/277483739","properties":{"building":"yes","id":"way/277483739"},"geometry":{"type":"Polygon","coordinates":[[[121.6655455,38.9172234],[121.6649447,38.9172983],[121.6649169,38.9171634],[121.6655177,38.9170885],[121.6655455,38.9172234]]]}},{"type":"Feature","id":"way/277483744","properties":{"building":"yes","id":"way/277483744"},"geometry":{"type":"Polygon","coordinates":[[[121.6764295,38.9167979],[121.6770917,38.9164569],[121.6771862,38.916568],[121.676524,38.916909],[121.6764295,38.9167979]]]}},{"type":"Feature","id":"way/277483748","properties":{"building":"yes","id":"way/277483748"},"geometry":{"type":"Polygon","coordinates":[[[121.6747665,38.9174952],[121.6751331,38.9179263],[121.6749823,38.918004],[121.6746156,38.9175729],[121.6747665,38.9174952]]]}},{"type":"Feature","id":"way/277483759","properties":{"building":"yes","id":"way/277483759"},"geometry":{"type":"Polygon","coordinates":[[[121.6756826,38.9167023],[121.6768012,38.9161264],[121.6768901,38.9162309],[121.6757715,38.9168068],[121.6756826,38.9167023]]]}},{"type":"Feature","id":"way/277483761","properties":{"building":"yes","id":"way/277483761"},"geometry":{"type":"Polygon","coordinates":[[[121.6758087,38.9180608],[121.6764518,38.9177297],[121.6765357,38.9178283],[121.6758926,38.9181594],[121.6758087,38.9180608]]]}},{"type":"Feature","id":"way/277483763","properties":{"building":"yes","id":"way/277483763"},"geometry":{"type":"Polygon","coordinates":[[[121.6602118,38.9177537],[121.660592,38.9177081],[121.660618,38.9178391],[121.6602378,38.9178848],[121.6602118,38.9177537]]]}},{"type":"Feature","id":"way/277483771","properties":{"building":"yes","id":"way/277483771"},"geometry":{"type":"Polygon","coordinates":[[[121.6754204,38.9162711],[121.675822,38.9160619],[121.6759249,38.9161814],[121.6755233,38.9163906],[121.6754204,38.9162711]]]}},{"type":"Feature","id":"way/277483781","properties":{"building":"yes","id":"way/277483781"},"geometry":{"type":"Polygon","coordinates":[[[121.6624685,38.9163763],[121.6624055,38.9160457],[121.6625456,38.9160295],[121.6626087,38.9163601],[121.6624685,38.9163763]]]}},{"type":"Feature","id":"way/277483805","properties":{"building":"yes","id":"way/277483805"},"geometry":{"type":"Polygon","coordinates":[[[121.6624919,38.9166415],[121.6624558,38.916472],[121.6626766,38.9164436],[121.6627126,38.9166131],[121.6624919,38.9166415]]]}},{"type":"Feature","id":"way/277483809","properties":{"building":"yes","id":"way/277483809"},"geometry":{"type":"Polygon","coordinates":[[[121.6596203,38.9162362],[121.6596452,38.9160783],[121.659894,38.916102],[121.6598691,38.91626],[121.6596203,38.9162362]]]}},{"type":"Feature","id":"way/277483817","properties":{"building":"yes","id":"way/277483817"},"geometry":{"type":"Polygon","coordinates":[[[121.6614792,38.9169795],[121.662066,38.9169009],[121.6620966,38.9170394],[121.6615098,38.9171179],[121.6614792,38.9169795]]]}},{"type":"Feature","id":"way/277483823","properties":{"building":"yes","id":"way/277483823"},"geometry":{"type":"Polygon","coordinates":[[[121.6765655,38.9176786],[121.6776623,38.9171139],[121.6777406,38.9172059],[121.6766438,38.9177706],[121.6765655,38.9176786]]]}},{"type":"Feature","id":"way/277483826","properties":{"building":"yes","id":"way/277483826"},"geometry":{"type":"Polygon","coordinates":[[[121.6762934,38.9173712],[121.6766515,38.9171868],[121.6767315,38.9172808],[121.6763733,38.9174653],[121.6762934,38.9173712]]]}},{"type":"Feature","id":"way/277483892","properties":{"building":"yes","id":"way/277483892"},"geometry":{"type":"Polygon","coordinates":[[[121.6641315,38.9174119],[121.6640998,38.9172887],[121.6647969,38.9171803],[121.6648285,38.9173034],[121.6641315,38.9174119]]]}},{"type":"Feature","id":"way/277483898","properties":{"building":"yes","id":"way/277483898"},"geometry":{"type":"Polygon","coordinates":[[[121.6734919,38.9168108],[121.6740163,38.9169968],[121.6739304,38.9171435],[121.673406,38.9169576],[121.6734919,38.9168108]]]}},{"type":"Feature","id":"way/277483907","properties":{"building":"yes","id":"way/277483907"},"geometry":{"type":"Polygon","coordinates":[[[121.6609347,38.9176478],[121.6614956,38.9175839],[121.6615223,38.9177255],[121.6609613,38.9177894],[121.6609347,38.9176478]]]}},{"type":"Feature","id":"way/277483916","properties":{"building":"yes","id":"way/277483916"},"geometry":{"type":"Polygon","coordinates":[[[121.6759747,38.9170174],[121.6763445,38.916827],[121.6764427,38.9169425],[121.6760729,38.9171329],[121.6759747,38.9170174]]]}},{"type":"Feature","id":"way/277483924","properties":{"building":"yes","id":"way/277483924"},"geometry":{"type":"Polygon","coordinates":[[[121.6760842,38.9183526],[121.6766951,38.9180381],[121.6767912,38.9181512],[121.6761804,38.9184657],[121.6760842,38.9183526]]]}},{"type":"Feature","id":"way/277483937","properties":{"building":"yes","id":"way/277483937"},"geometry":{"type":"Polygon","coordinates":[[[121.6600287,38.9167768],[121.6604958,38.916722],[121.6605206,38.91685],[121.6600535,38.9169048],[121.6600287,38.9167768]]]}},{"type":"Feature","id":"way/277483946","properties":{"building":"yes","id":"way/277483946"},"geometry":{"type":"Polygon","coordinates":[[[121.6596767,38.917825],[121.6601296,38.9177647],[121.6601591,38.9178985],[121.6597061,38.9179588],[121.6596767,38.917825]]]}},{"type":"Feature","id":"way/277483964","properties":{"building":"yes","id":"way/277483964"},"geometry":{"type":"Polygon","coordinates":[[[121.6771896,38.9163459],[121.6777589,38.9160528],[121.6778501,38.91616],[121.6772807,38.9164531],[121.6771896,38.9163459]]]}},{"type":"Feature","id":"way/277483968","properties":{"building":"yes","id":"way/277483968"},"geometry":{"type":"Polygon","coordinates":[[[121.662364,38.9170471],[121.6623241,38.9168444],[121.6625199,38.9168211],[121.6625598,38.9170238],[121.662364,38.9170471]]]}},{"type":"Feature","id":"way/277483969","properties":{"building":"yes","id":"way/277483969"},"geometry":{"type":"Polygon","coordinates":[[[121.6622827,38.9166733],[121.6622163,38.9163169],[121.6623918,38.9162971],[121.6624582,38.9166535],[121.6622827,38.9166733]]]}},{"type":"Feature","id":"way/277483987","properties":{"building":"yes","id":"way/277483987"},"geometry":{"type":"Polygon","coordinates":[[[121.6752013,38.9179652],[121.6753331,38.9181202],[121.6752279,38.9181744],[121.6750961,38.9180194],[121.6752013,38.9179652]]]}},{"type":"Feature","id":"way/277484008","properties":{"building":"yes","id":"way/277484008"},"geometry":{"type":"Polygon","coordinates":[[[121.6755432,38.9177586],[121.6761748,38.9174335],[121.6762668,38.9175417],[121.6756353,38.9178668],[121.6755432,38.9177586]]]}},{"type":"Feature","id":"way/277484014","properties":{"building":"yes","id":"way/277484014"},"geometry":{"type":"Polygon","coordinates":[[[121.6616117,38.9162918],[121.6615822,38.916127],[121.6618008,38.9161033],[121.6618303,38.9162681],[121.6616117,38.9162918]]]}},{"type":"Feature","id":"way/277484038","properties":{"building":"yes","id":"way/277484038"},"geometry":{"type":"Polygon","coordinates":[[[121.6634709,38.9173602],[121.6637365,38.9173203],[121.6636865,38.9171194],[121.6638326,38.9170974],[121.6639147,38.9174277],[121.6635032,38.9174897],[121.6634709,38.9173602]]]}},{"type":"Feature","id":"way/277484046","properties":{"building":"yes","id":"way/277484046"},"geometry":{"type":"Polygon","coordinates":[[[121.6648252,38.916867],[121.6654326,38.9167947],[121.6654819,38.9170451],[121.665332,38.9170629],[121.6653077,38.9169396],[121.6648502,38.9169941],[121.6648252,38.916867]]]}},{"type":"Feature","id":"way/277484047","properties":{"building":"yes","id":"way/277484047"},"geometry":{"type":"Polygon","coordinates":[[[121.6746024,38.9166868],[121.6747543,38.9166138],[121.6748594,38.9167462],[121.6746337,38.9168547],[121.674408,38.9167798],[121.6744811,38.9166466],[121.6746024,38.9166868]]]}},{"type":"Feature","id":"way/277484050","properties":{"building":"yes","id":"way/277484050"},"geometry":{"type":"Polygon","coordinates":[[[121.6628768,38.9173861],[121.6631955,38.9173422],[121.6632418,38.9175621],[121.6626973,38.9176278],[121.6626667,38.9174745],[121.6628908,38.9174475],[121.6628768,38.9173861]]]}},{"type":"Feature","id":"way/277484052","properties":{"building":"yes","id":"way/277484052"},"geometry":{"type":"Polygon","coordinates":[[[121.6641047,38.9172191],[121.664049,38.9169821],[121.6647394,38.916884],[121.6647688,38.917009],[121.6642056,38.9170891],[121.6642319,38.917201],[121.6641047,38.9172191]]]}},{"type":"Feature","id":"way/277484053","properties":{"building":"yes","id":"way/277484053"},"geometry":{"type":"Polygon","coordinates":[[[121.6634743,38.9161844],[121.6629075,38.9160635],[121.6629465,38.9159527],[121.6635639,38.9160844],[121.6636635,38.916446],[121.6635515,38.9164647],[121.6634743,38.9161844]]]}},{"type":"Feature","id":"way/277484059","properties":{"building":"yes","id":"way/277484059"},"geometry":{"type":"Polygon","coordinates":[[[121.6601437,38.9174616],[121.6605287,38.9174177],[121.6605722,38.9176494],[121.6604025,38.9176687],[121.6603831,38.9175659],[121.660168,38.9175904],[121.6601437,38.9174616]]]}},{"type":"Feature","id":"way/277484066","properties":{"building":"yes","id":"way/277484066"},"geometry":{"type":"Polygon","coordinates":[[[121.6639489,38.9166552],[121.6646725,38.9165751],[121.6646955,38.9167006],[121.6641307,38.9167631],[121.6641534,38.9168875],[121.6639946,38.9169051],[121.6639489,38.9166552]]]}},{"type":"Feature","id":"way/277484068","properties":{"building":"yes","id":"way/277484068"},"geometry":{"type":"Polygon","coordinates":[[[121.6647783,38.9163294],[121.6653557,38.9164445],[121.665412,38.9167129],[121.6652597,38.9167323],[121.6652195,38.9165408],[121.6647402,38.9164453],[121.6647783,38.9163294]]]}},{"type":"Feature","id":"way/277484073","properties":{"building":"yes","id":"way/277484073"},"geometry":{"type":"Polygon","coordinates":[[[121.6600733,38.9171548],[121.6604629,38.9171091],[121.6605109,38.9173567],[121.6603422,38.9173765],[121.6603191,38.917257],[121.6600981,38.9172829],[121.6600733,38.9171548]]]}},{"type":"Feature","id":"way/277484080","properties":{"building":"yes","id":"way/277484080"},"geometry":{"type":"Polygon","coordinates":[[[121.6614182,38.9167366],[121.6613852,38.9165847],[121.6618099,38.9165289],[121.6617768,38.9163768],[121.6619764,38.9163505],[121.662019,38.9165613],[121.6619087,38.9166727],[121.6614182,38.9167366]]]}},{"type":"Feature","id":"way/277484082","properties":{"building":"yes","id":"way/277484082"},"geometry":{"type":"Polygon","coordinates":[[[121.6600616,38.916512],[121.6600148,38.9162882],[121.6602089,38.9162631],[121.6602427,38.9164206],[121.6604288,38.9163965],[121.6604606,38.9165448],[121.6601907,38.9165905],[121.6600616,38.916512]]]}},{"type":"Feature","id":"way/277484083","properties":{"building":"yes","id":"way/277484083"},"geometry":{"type":"Polygon","coordinates":[[[121.6595617,38.9168589],[121.6595221,38.9166762],[121.6597252,38.9166452],[121.6597641,38.9167993],[121.6599553,38.9167701],[121.6599888,38.9169028],[121.6597166,38.9169521],[121.6595617,38.9168589]]]}},{"type":"Feature","id":"way/277484100","properties":{"building":"yes","name":"大连市生态环境局","id":"way/277484100"},"geometry":{"type":"Polygon","coordinates":[[[121.6724862,38.9173351],[121.67316,38.917175],[121.67321,38.9173024],[121.6729988,38.9173526],[121.6730393,38.9174557],[121.6727714,38.9175194],[121.6727309,38.9174162],[121.6725362,38.9174625],[121.6724862,38.9173351]]]}},{"type":"Feature","id":"way/277484119","properties":{"building":"yes","id":"way/277484119"},"geometry":{"type":"Polygon","coordinates":[[[121.6639639,38.9161815],[121.6646774,38.9163239],[121.6646403,38.9164363],[121.6640428,38.916317],[121.6640934,38.9165676],[121.6639357,38.9165869],[121.6638653,38.9162381],[121.6639133,38.9162024],[121.6639639,38.9161815]]]}},{"type":"Feature","id":"way/277484122","properties":{"building":"yes","id":"way/277484122"},"geometry":{"type":"Polygon","coordinates":[[[121.6605568,38.9165266],[121.6605188,38.9163588],[121.6611854,38.9162673],[121.6611812,38.9162485],[121.6614137,38.9162165],[121.6614495,38.9163741],[121.6612286,38.9164045],[121.6612351,38.9164334],[121.6605568,38.9165266]]]}},{"type":"Feature","id":"way/277484123","properties":{"building":"yes","id":"way/277484123"},"geometry":{"type":"Polygon","coordinates":[[[121.6598151,38.916596],[121.6596999,38.9165303],[121.6595757,38.916543],[121.6595476,38.9163768],[121.6597142,38.9163597],[121.6597287,38.9164455],[121.6597887,38.9163817],[121.6599372,38.9164663],[121.6598151,38.916596]]]}},{"type":"Feature","id":"way/277484131","properties":{"building":"yes","id":"way/277484131"},"geometry":{"type":"Polygon","coordinates":[[[121.6621997,38.9158081],[121.6628768,38.915945],[121.6628335,38.9160747],[121.6623075,38.9159684],[121.6623681,38.9162534],[121.6622163,38.916273],[121.6621366,38.9158985],[121.662171,38.9158941],[121.6621997,38.9158081]]]}},{"type":"Feature","id":"way/277484136","properties":{"building":"yes","id":"way/277484136"},"geometry":{"type":"Polygon","coordinates":[[[121.6777107,38.9169864],[121.67798,38.9168478],[121.6780891,38.9169761],[121.6780184,38.9170125],[121.6780477,38.9170469],[121.6779757,38.917084],[121.6780246,38.9171415],[121.677898,38.9172067],[121.6777107,38.9169864]]]}},{"type":"Feature","id":"way/277568579","properties":{"building":"yes","id":"way/277568579"},"geometry":{"type":"Polygon","coordinates":[[[121.6443972,38.9197461],[121.6445014,38.9197342],[121.6444041,38.9192188],[121.6455033,38.9190932],[121.6456023,38.9196174],[121.6456847,38.919608],[121.6457105,38.9197448],[121.6453,38.9197917],[121.6452735,38.9196512],[121.6454262,38.9196337],[121.6453509,38.9192346],[121.6445991,38.9193205],[121.6446744,38.9197192],[121.6448457,38.9196996],[121.6448726,38.9198425],[121.6444251,38.9198936],[121.6444043,38.9197839],[121.6443972,38.9197461]]]}},{"type":"Feature","id":"way/277568591","properties":{"building":"yes","id":"way/277568591"},"geometry":{"type":"Polygon","coordinates":[[[121.6449235,38.9186738],[121.6459469,38.9185568],[121.6459698,38.9186784],[121.6449465,38.9187953],[121.6449235,38.9186738]]]}},{"type":"Feature","id":"way/277568618","properties":{"building":"yes","id":"way/277568618"},"geometry":{"type":"Polygon","coordinates":[[[121.642589,38.9183213],[121.6425676,38.9182178],[121.6429881,38.9181651],[121.6430096,38.9182686],[121.642589,38.9183213]]]}},{"type":"Feature","id":"way/277568654","properties":{"building":"yes","id":"way/277568654"},"geometry":{"type":"Polygon","coordinates":[[[121.6461438,38.9179353],[121.64668,38.9178934],[121.6466914,38.9179817],[121.6461552,38.9180236],[121.6461438,38.9179353]]]}},{"type":"Feature","id":"way/277568734","properties":{"building":"yes","id":"way/277568734"},"geometry":{"type":"Polygon","coordinates":[[[121.645506,38.9174142],[121.6457313,38.9173858],[121.6458469,38.917941],[121.6456216,38.9179694],[121.645506,38.9174142]]]}},{"type":"Feature","id":"way/277568762","properties":{"building":"yes","id":"way/277568762"},"geometry":{"type":"Polygon","coordinates":[[[121.6312184,38.9202391],[121.6314954,38.920132],[121.6317582,38.920553],[121.6314812,38.92066],[121.6312184,38.9202391]]]}},{"type":"Feature","id":"way/277568778","properties":{"building":"yes","id":"way/277568778"},"geometry":{"type":"Polygon","coordinates":[[[121.6440987,38.9180423],[121.6446489,38.9179787],[121.6446701,38.91809],[121.64412,38.9181535],[121.6440987,38.9180423]]]}},{"type":"Feature","id":"way/277568834","properties":{"building":"yes","id":"way/277568834"},"geometry":{"type":"Polygon","coordinates":[[[121.6427114,38.9184099],[121.6427329,38.9185179],[121.6421528,38.9185877],[121.6421314,38.9184797],[121.6427114,38.9184099]]]}},{"type":"Feature","id":"way/277568841","properties":{"building":"yes","id":"way/277568841"},"geometry":{"type":"Polygon","coordinates":[[[121.6441824,38.9189783],[121.6446453,38.9189254],[121.6446895,38.9191592],[121.6442265,38.919212],[121.6441824,38.9189783]]]}},{"type":"Feature","id":"way/277568904","properties":{"building":"yes","id":"way/277568904"},"geometry":{"type":"Polygon","coordinates":[[[121.6428592,38.9187263],[121.6432872,38.9186755],[121.6433099,38.9187914],[121.6428818,38.9188421],[121.6428592,38.9187263]]]}},{"type":"Feature","id":"way/277568907","properties":{"building":"yes","id":"way/277568907"},"geometry":{"type":"Polygon","coordinates":[[[121.6441311,38.9198151],[121.6444043,38.9197839],[121.6444251,38.9198936],[121.6441519,38.9199248],[121.6441311,38.9198151]]]}},{"type":"Feature","id":"way/277568927","properties":{"building":"yes","id":"way/277568927"},"geometry":{"type":"Polygon","coordinates":[[[121.6309556,38.9204676],[121.6311899,38.9203789],[121.6313986,38.9207127],[121.6311643,38.9208014],[121.6309556,38.9204676]]]}},{"type":"Feature","id":"way/277568980","properties":{"building":"yes","id":"way/277568980"},"geometry":{"type":"Polygon","coordinates":[[[121.6431745,38.9180092],[121.6432253,38.9182088],[121.6431184,38.9182252],[121.6430677,38.9180256],[121.6431745,38.9180092]]]}},{"type":"Feature","id":"way/277569015","properties":{"building":"yes","id":"way/277569015"},"geometry":{"type":"Polygon","coordinates":[[[121.6319729,38.9200242],[121.6318563,38.9202291],[121.6316388,38.9201508],[121.6317554,38.9199459],[121.6319729,38.9200242]]]}},{"type":"Feature","id":"way/277569032","properties":{"building":"yes","id":"way/277569032"},"geometry":{"type":"Polygon","coordinates":[[[121.6431086,38.919293],[121.6430736,38.9190751],[121.6433457,38.9190486],[121.6433807,38.9192666],[121.6431086,38.919293]]]}},{"type":"Feature","id":"way/277569089","properties":{"building":"yes","id":"way/277569089"},"geometry":{"type":"Polygon","coordinates":[[[121.6465345,38.9177725],[121.6465026,38.9176112],[121.6466317,38.9175957],[121.6466636,38.917757],[121.6465345,38.9177725]]]}},{"type":"Feature","id":"way/277569104","properties":{"building":"yes","id":"way/277569104"},"geometry":{"type":"Polygon","coordinates":[[[121.6468494,38.918154],[121.6474135,38.918109],[121.6474245,38.9181924],[121.6468604,38.9182373],[121.6468494,38.918154]]]}},{"type":"Feature","id":"way/277569159","properties":{"building":"yes","id":"way/277569159"},"geometry":{"type":"Polygon","coordinates":[[[121.6467218,38.9175011],[121.6472859,38.9174468],[121.6473015,38.9175445],[121.6467374,38.9175988],[121.6467218,38.9175011]]]}},{"type":"Feature","id":"way/277569264","properties":{"building":"yes","id":"way/277569264"},"geometry":{"type":"Polygon","coordinates":[[[121.6461039,38.9176903],[121.6464627,38.9176608],[121.6464742,38.9177458],[121.6461155,38.9177753],[121.6461039,38.9176903]]]}},{"type":"Feature","id":"way/277569308","properties":{"building":"yes","id":"way/277569308"},"geometry":{"type":"Polygon","coordinates":[[[121.6438998,38.9195334],[121.6443562,38.9194813],[121.6443928,38.9196753],[121.6439364,38.9197275],[121.6438998,38.9195334]]]}},{"type":"Feature","id":"way/277569345","properties":{"building":"yes","id":"way/277569345"},"geometry":{"type":"Polygon","coordinates":[[[121.6467776,38.9178175],[121.6473417,38.9177771],[121.6473533,38.9178749],[121.6467892,38.9179152],[121.6467776,38.9178175]]]}},{"type":"Feature","id":"way/277569392","properties":{"building":"yes","id":"way/277569392"},"geometry":{"type":"Polygon","coordinates":[[[121.6442605,38.918696],[121.6447554,38.9186395],[121.6447797,38.9187677],[121.6442847,38.9188243],[121.6442605,38.918696]]]}},{"type":"Feature","id":"way/277569408","properties":{"building":"yes","id":"way/277569408"},"geometry":{"type":"Polygon","coordinates":[[[121.6461837,38.918199],[121.6467358,38.9181524],[121.6467479,38.9182398],[121.6461958,38.9182863],[121.6461837,38.918199]]]}},{"type":"Feature","id":"way/277569414","properties":{"building":"yes","id":"way/277569414"},"geometry":{"type":"Polygon","coordinates":[[[121.646658,38.9171956],[121.6472122,38.917132],[121.64723,38.9172259],[121.6466759,38.9172895],[121.646658,38.9171956]]]}},{"type":"Feature","id":"way/277569415","properties":{"building":"yes","id":"way/277569415"},"geometry":{"type":"Polygon","coordinates":[[[121.6436303,38.9194591],[121.6435466,38.9189752],[121.6437331,38.9189557],[121.6438168,38.9194396],[121.6436303,38.9194591]]]}},{"type":"Feature","id":"way/277569424","properties":{"building":"yes","id":"way/277569424"},"geometry":{"type":"Polygon","coordinates":[[[121.6449917,38.9183261],[121.6453883,38.9182734],[121.6454089,38.9183669],[121.6450122,38.9184196],[121.6449917,38.9183261]]]}},{"type":"Feature","id":"way/277569443","properties":{"building":"yes","id":"way/277569443"},"geometry":{"type":"Polygon","coordinates":[[[121.6440349,38.9176081],[121.6445592,38.9175569],[121.6446061,38.9178482],[121.6444888,38.9178596],[121.6444572,38.9176634],[121.6440503,38.9177031],[121.6440349,38.9176081]]]}},{"type":"Feature","id":"way/277569454","properties":{"building":"yes","id":"way/277569454"},"geometry":{"type":"Polygon","coordinates":[[[121.6441764,38.9183015],[121.644651,38.9182472],[121.6447205,38.9186156],[121.6446078,38.9186285],[121.644555,38.9183487],[121.6441931,38.91839],[121.6441764,38.9183015]]]}},{"type":"Feature","id":"way/277569470","properties":{"building":"yes","id":"way/277569470"},"geometry":{"type":"Polygon","coordinates":[[[121.6427752,38.9184006],[121.6432456,38.9183432],[121.643306,38.9186431],[121.6431806,38.9186584],[121.6431431,38.9184724],[121.6427982,38.9185145],[121.6427752,38.9184006]]]}},{"type":"Feature","id":"way/277569478","properties":{"building":"yes","id":"way/277569478"},"geometry":{"type":"Polygon","coordinates":[[[121.6461316,38.9191923],[121.646234,38.9196674],[121.6459908,38.919699],[121.6459717,38.9196104],[121.6460441,38.919601],[121.6459609,38.9192145],[121.6461316,38.9191923]]]}},{"type":"Feature","id":"way/277569494","properties":{"building":"yes","id":"way/277569494"},"geometry":{"type":"Polygon","coordinates":[[[121.6437148,38.9187905],[121.6440047,38.9187573],[121.6439588,38.9185138],[121.6441266,38.9184947],[121.6441938,38.9188506],[121.643736,38.9189029],[121.6437148,38.9187905]]]}},{"type":"Feature","id":"way/277569503","properties":{"building":"yes","id":"way/277569503"},"geometry":{"type":"Polygon","coordinates":[[[121.6435326,38.9188581],[121.6434489,38.9183851],[121.644106,38.9183147],[121.6441217,38.9184033],[121.643584,38.9184609],[121.643652,38.9188453],[121.6435326,38.9188581]]]}},{"type":"Feature","id":"way/277569504","properties":{"building":"yes","id":"way/277569504"},"geometry":{"type":"Polygon","coordinates":[[[121.6464248,38.9190271],[121.6466071,38.9190093],[121.6466591,38.919331],[121.646905,38.9193069],[121.6469367,38.9195032],[121.6465086,38.9195451],[121.6464248,38.9190271]]]}},{"type":"Feature","id":"way/277569527","properties":{"building":"yes","id":"way/277569527"},"geometry":{"type":"Polygon","coordinates":[[[121.6427489,38.9177855],[121.6431181,38.9177438],[121.6431352,38.9178356],[121.6428452,38.9178683],[121.6428588,38.917935],[121.6425741,38.9179701],[121.6425544,38.9178732],[121.6427605,38.9178478],[121.6427489,38.9177855]]]}},{"type":"Feature","id":"way/277569531","properties":{"building":"yes","id":"way/277569531"},"geometry":{"type":"Polygon","coordinates":[[[121.6438009,38.9178142],[121.6439158,38.9178009],[121.6439676,38.9180723],[121.6438987,38.9180802],[121.6439125,38.9181641],[121.6434003,38.9182153],[121.6433863,38.9181305],[121.6438524,38.918084],[121.6438009,38.9178142]]]}},{"type":"Feature","id":"way/277569560","properties":{"building":"yes","id":"way/277569560"},"geometry":{"type":"Polygon","coordinates":[[[121.6434684,38.9179232],[121.6434995,38.91807],[121.6433783,38.9180856],[121.6433453,38.9179298],[121.6433893,38.9179241],[121.6433767,38.9178423],[121.6436258,38.917819],[121.6436394,38.9179072],[121.6434684,38.9179232]]]}},{"type":"Feature","id":"way/277569563","properties":{"building":"yes","id":"way/277569563"},"geometry":{"type":"Polygon","coordinates":[[[121.6433252,38.9178192],[121.6432833,38.9175647],[121.6438594,38.9175073],[121.6438992,38.9177495],[121.6437709,38.9177622],[121.6437464,38.9176129],[121.6434175,38.9176457],[121.6434441,38.9178074],[121.6433252,38.9178192]]]}},{"type":"Feature","id":"way/277569565","properties":{"building":"yes","id":"way/277569565"},"geometry":{"type":"Polygon","coordinates":[[[121.6456175,38.9190141],[121.6457473,38.9189993],[121.645718,38.9188438],[121.6459048,38.9188225],[121.6459341,38.918978],[121.6460947,38.9189596],[121.6461286,38.9191389],[121.6456513,38.9191934],[121.6456175,38.9190141]]]}},{"type":"Feature","id":"way/277569575","properties":{"building":"apartments","name":"汇邦公寓","id":"way/277569575"},"geometry":{"type":"Polygon","coordinates":[[[121.6406311,38.9174942],[121.6406555,38.9174857],[121.6407446,38.9176444],[121.6408078,38.917681],[121.6410198,38.9176876],[121.6410193,38.9177047],[121.6410616,38.9177053],[121.6410572,38.9178052],[121.6410115,38.9178038],[121.6410108,38.917814],[121.6410102,38.9178202],[121.6407897,38.917814],[121.6407259,38.9178376],[121.6405932,38.9179717],[121.6405869,38.9179684],[121.6405689,38.9179582],[121.6405468,38.9179798],[121.6404371,38.9179169],[121.6404589,38.9178969],[121.6404373,38.9178835],[121.6405732,38.9177534],[121.6405812,38.9176963],[121.6404885,38.9175459],[121.6405132,38.9175364],[121.640497,38.9175086],[121.6406146,38.9174666],[121.6406311,38.9174942]]]}},{"type":"Feature","id":"way/277569615","properties":{"building":"commercial","name":"远洋洲际大厦","id":"way/277569615"},"geometry":{"type":"Polygon","coordinates":[[[121.6361437,38.9188703],[121.6367372,38.9185873],[121.636992,38.9188966],[121.6367626,38.9189941],[121.6367088,38.9189118],[121.6363255,38.9190854],[121.6361437,38.9188703]]]}},{"type":"Feature","id":"way/287650196","properties":{"building":"yes","id":"way/287650196"},"geometry":{"type":"Polygon","coordinates":[[[121.6603204,38.920067],[121.6602618,38.9197786],[121.6603888,38.919763],[121.6604146,38.9198902],[121.6609556,38.9198237],[121.6609368,38.9197313],[121.6610578,38.9197165],[121.6611093,38.91997],[121.6609828,38.9199856],[121.6609787,38.9199655],[121.660433,38.9200326],[121.6604371,38.9200527],[121.6603204,38.920067]]]}},{"type":"Feature","id":"way/287650197","properties":{"building":"yes","id":"way/287650197"},"geometry":{"type":"Polygon","coordinates":[[[121.6592038,38.9227805],[121.6598952,38.9227162],[121.6599148,38.9228435],[121.6592233,38.9229078],[121.6592038,38.9227805]]]}},{"type":"Feature","id":"way/287650198","properties":{"building":"yes","id":"way/287650198"},"geometry":{"type":"Polygon","coordinates":[[[121.6547906,38.9201056],[121.6553769,38.9201631],[121.6553586,38.920276],[121.6547723,38.9202184],[121.6547906,38.9201056]]]}},{"type":"Feature","id":"way/287650199","properties":{"building":"yes","id":"way/287650199"},"geometry":{"type":"Polygon","coordinates":[[[121.6463826,38.9303026],[121.6463161,38.9301645],[121.6466687,38.9300616],[121.6467352,38.9301997],[121.6463826,38.9303026]]]}},{"type":"Feature","id":"way/287650200","properties":{"building":"yes","id":"way/287650200"},"geometry":{"type":"Polygon","coordinates":[[[121.6573526,38.9223905],[121.6578815,38.9223497],[121.6579011,38.9225036],[121.6573722,38.9225443],[121.6573526,38.9223905]]]}},{"type":"Feature","id":"way/287650201","properties":{"building":"yes","id":"way/287650201"},"geometry":{"type":"Polygon","coordinates":[[[121.6501456,38.9260165],[121.6501491,38.9258847],[121.6509535,38.9258975],[121.65095,38.9260294],[121.6501456,38.9260165]]]}},{"type":"Feature","id":"way/287650202","properties":{"building":"yes","id":"way/287650202"},"geometry":{"type":"Polygon","coordinates":[[[121.6648045,38.9209884],[121.6653879,38.9209167],[121.66542,38.9210748],[121.6648366,38.9211466],[121.6648045,38.9209884]]]}},{"type":"Feature","id":"way/287650204","properties":{"building":"yes","id":"way/287650204"},"geometry":{"type":"Polygon","coordinates":[[[121.663028,38.9199761],[121.663434,38.9199261],[121.6634565,38.9200367],[121.6630504,38.9200866],[121.663028,38.9199761]]]}},{"type":"Feature","id":"way/287650205","properties":{"building":"yes","id":"way/287650205"},"geometry":{"type":"Polygon","coordinates":[[[121.6647733,38.9202367],[121.6655403,38.9201424],[121.66557,38.9202883],[121.6648029,38.9203826],[121.6647733,38.9202367]]]}},{"type":"Feature","id":"way/287650206","properties":{"building":"yes","id":"way/287650206"},"geometry":{"type":"Polygon","coordinates":[[[121.6584117,38.9209421],[121.6584062,38.9208042],[121.6588405,38.9207936],[121.6588461,38.9209315],[121.6584117,38.9209421]]]}},{"type":"Feature","id":"way/287650207","properties":{"building":"yes","id":"way/287650207"},"geometry":{"type":"Polygon","coordinates":[[[121.6400601,38.9325737],[121.6409471,38.932218],[121.6410838,38.9324244],[121.6401968,38.9327801],[121.6400601,38.9325737]]]}},{"type":"Feature","id":"way/287650208","properties":{"building":"yes","id":"way/287650208"},"geometry":{"type":"Polygon","coordinates":[[[121.6545276,38.9211028],[121.6550399,38.9211679],[121.655009,38.9213148],[121.6544968,38.9212496],[121.6545276,38.9211028]]]}},{"type":"Feature","id":"way/287650209","properties":{"building":"yes","id":"way/287650209"},"geometry":{"type":"Polygon","coordinates":[[[121.6608161,38.921237],[121.6613596,38.9211688],[121.6613854,38.9212933],[121.660842,38.9213615],[121.6608161,38.921237]]]}},{"type":"Feature","id":"way/287650210","properties":{"building":"yes","id":"way/287650210"},"geometry":{"type":"Polygon","coordinates":[[[121.6556847,38.9218211],[121.6561288,38.9218696],[121.6561051,38.9220007],[121.655661,38.9219522],[121.6556847,38.9218211]]]}},{"type":"Feature","id":"way/287650211","properties":{"building":"yes","id":"way/287650211"},"geometry":{"type":"Polygon","coordinates":[[[121.6586683,38.9331389],[121.6590073,38.9330419],[121.6590511,38.9331346],[121.6587122,38.9332316],[121.6586683,38.9331389]]]}},{"type":"Feature","id":"way/287650212","properties":{"building":"yes","id":"way/287650212"},"geometry":{"type":"Polygon","coordinates":[[[121.6582066,38.9234749],[121.6586446,38.9234556],[121.6586554,38.9236038],[121.6582174,38.9236231],[121.6582066,38.9234749]]]}},{"type":"Feature","id":"way/287650213","properties":{"building":"yes","id":"way/287650213"},"geometry":{"type":"Polygon","coordinates":[[[121.6555133,38.9205072],[121.6561463,38.9205678],[121.6561242,38.9207079],[121.6554911,38.9206473],[121.6555133,38.9205072]]]}},{"type":"Feature","id":"way/287650214","properties":{"building":"yes","id":"way/287650214"},"geometry":{"type":"Polygon","coordinates":[[[121.6439474,38.9302854],[121.6439671,38.9301457],[121.6448211,38.9302185],[121.6448014,38.9303583],[121.6439474,38.9302854]]]}},{"type":"Feature","id":"way/287650215","properties":{"building":"yes","id":"way/287650215"},"geometry":{"type":"Polygon","coordinates":[[[121.6588098,38.921978],[121.6592247,38.9219386],[121.6592408,38.9220415],[121.6588259,38.9220809],[121.6588098,38.921978]]]}},{"type":"Feature","id":"way/287650216","properties":{"building":"yes","id":"way/287650216"},"geometry":{"type":"Polygon","coordinates":[[[121.6613372,38.9198806],[121.6617048,38.9198354],[121.6617229,38.9199245],[121.6613553,38.9199697],[121.6613372,38.9198806]]]}},{"type":"Feature","id":"way/287650217","properties":{"building":"yes","id":"way/287650217"},"geometry":{"type":"Polygon","coordinates":[[[121.6656031,38.9197306],[121.6662942,38.9196456],[121.6663238,38.9197912],[121.6656327,38.9198762],[121.6656031,38.9197306]]]}},{"type":"Feature","id":"way/287650218","properties":{"building":"yes","id":"way/287650218"},"geometry":{"type":"Polygon","coordinates":[[[121.6521345,38.9261365],[121.652136,38.9259568],[121.6529845,38.9259611],[121.652983,38.9261408],[121.6521345,38.9261365]]]}},{"type":"Feature","id":"way/287650219","properties":{"building":"yes","id":"way/287650219"},"geometry":{"type":"Polygon","coordinates":[[[121.6636766,38.9209899],[121.6640363,38.9209457],[121.6640604,38.9210642],[121.6637007,38.9211084],[121.6636766,38.9209899]]]}},{"type":"Feature","id":"way/287650220","properties":{"building":"yes","id":"way/287650220"},"geometry":{"type":"Polygon","coordinates":[[[121.6635403,38.9201731],[121.6639422,38.9201237],[121.6639649,38.9202352],[121.6635629,38.9202847],[121.6635403,38.9201731]]]}},{"type":"Feature","id":"way/287650221","properties":{"building":"yes","id":"way/287650221"},"geometry":{"type":"Polygon","coordinates":[[[121.6568495,38.92113],[121.6571865,38.9203662],[121.6573601,38.9204126],[121.6570231,38.9211764],[121.6568495,38.92113]]]}},{"type":"Feature","id":"way/287650223","properties":{"building":"yes","id":"way/287650223"},"geometry":{"type":"Polygon","coordinates":[[[121.6438947,38.9335808],[121.6450021,38.9331351],[121.6451456,38.9333509],[121.6440382,38.9337966],[121.6438947,38.9335808]]]}},{"type":"Feature","id":"way/287650224","properties":{"building":"yes","id":"way/287650224"},"geometry":{"type":"Polygon","coordinates":[[[121.6396524,38.9327666],[121.6399388,38.932668],[121.6400167,38.9328049],[121.6397302,38.9329035],[121.6396524,38.9327666]]]}},{"type":"Feature","id":"way/287650225","properties":{"building":"yes","id":"way/287650225"},"geometry":{"type":"Polygon","coordinates":[[[121.655747,38.9212301],[121.6562749,38.9212801],[121.6562557,38.9214024],[121.6557279,38.9213524],[121.655747,38.9212301]]]}},{"type":"Feature","id":"way/287650227","properties":{"building":"yes","id":"way/287650227"},"geometry":{"type":"Polygon","coordinates":[[[121.659033,38.9240793],[121.6594269,38.9239507],[121.6594935,38.9240741],[121.6590995,38.9242027],[121.659033,38.9240793]]]}},{"type":"Feature","id":"way/287650228","properties":{"building":"yes","id":"way/287650228"},"geometry":{"type":"Polygon","coordinates":[[[121.6600837,38.922513],[121.6602061,38.9224742],[121.6604827,38.9230015],[121.6603603,38.9230404],[121.6600837,38.922513]]]}},{"type":"Feature","id":"way/287650229","properties":{"building":"yes","id":"way/287650229"},"geometry":{"type":"Polygon","coordinates":[[[121.6594435,38.9232627],[121.6601542,38.9231984],[121.6601749,38.923337],[121.6594642,38.9234013],[121.6594435,38.9232627]]]}},{"type":"Feature","id":"way/287650230","properties":{"building":"yes","id":"way/287650230"},"geometry":{"type":"Polygon","coordinates":[[[121.6620599,38.9192229],[121.6623914,38.9191821],[121.6624105,38.9192759],[121.6620789,38.9193167],[121.6620599,38.9192229]]]}},{"type":"Feature","id":"way/287650231","properties":{"building":"yes","id":"way/287650231"},"geometry":{"type":"Polygon","coordinates":[[[121.6621767,38.9197882],[121.6627325,38.9197198],[121.6627494,38.9198033],[121.6621937,38.9198716],[121.6621767,38.9197882]]]}},{"type":"Feature","id":"way/287650232","properties":{"building":"yes","id":"way/287650232"},"geometry":{"type":"Polygon","coordinates":[[[121.656173,38.924825],[121.6561037,38.9247028],[121.6566656,38.9245099],[121.6567349,38.9246321],[121.656173,38.924825]]]}},{"type":"Feature","id":"way/287650233","properties":{"building":"yes","id":"way/287650233"},"geometry":{"type":"Polygon","coordinates":[[[121.6655193,38.9209005],[121.666577,38.9206126],[121.6666397,38.920752],[121.665582,38.9210399],[121.6655193,38.9209005]]]}},{"type":"Feature","id":"way/287650234","properties":{"building":"yes","id":"way/287650234"},"geometry":{"type":"Polygon","coordinates":[[[121.6405779,38.934918],[121.6414154,38.9345708],[121.6415695,38.9347958],[121.640732,38.9351429],[121.6405779,38.934918]]]}},{"type":"Feature","id":"way/287650235","properties":{"building":"yes","id":"way/287650235"},"geometry":{"type":"Polygon","coordinates":[[[121.6532634,38.9199813],[121.6536647,38.9200298],[121.6536055,38.9203265],[121.6532042,38.920278],[121.6532634,38.9199813]]]}},{"type":"Feature","id":"way/287650237","properties":{"building":"yes","id":"way/287650237"},"geometry":{"type":"Polygon","coordinates":[[[121.6600164,38.9237471],[121.6603746,38.9236314],[121.6604391,38.9237522],[121.660081,38.923868],[121.6600164,38.9237471]]]}},{"type":"Feature","id":"way/287650238","properties":{"building":"yes","id":"way/287650238"},"geometry":{"type":"Polygon","coordinates":[[[121.6561736,38.9209118],[121.6567073,38.9209558],[121.6566884,38.9210945],[121.6561547,38.9210506],[121.6561736,38.9209118]]]}},{"type":"Feature","id":"way/287650239","properties":{"building":"yes","id":"way/287650239"},"geometry":{"type":"Polygon","coordinates":[[[121.6656771,38.9200443],[121.6663713,38.9199589],[121.6663978,38.9200897],[121.6657037,38.9201751],[121.6656771,38.9200443]]]}},{"type":"Feature","id":"way/287650240","properties":{"building":"yes","id":"way/287650240"},"geometry":{"type":"Polygon","coordinates":[[[121.6510767,38.9260508],[121.6510814,38.9259036],[121.6517426,38.9259164],[121.6517378,38.9260637],[121.6510767,38.9260508]]]}},{"type":"Feature","id":"way/287650241","properties":{"building":"yes","id":"way/287650241"},"geometry":{"type":"Polygon","coordinates":[[[121.6631546,38.9204898],[121.6635485,38.9204414],[121.6635734,38.9205641],[121.6631795,38.9206125],[121.6631546,38.9204898]]]}},{"type":"Feature","id":"way/287650242","properties":{"building":"yes","id":"way/287650242"},"geometry":{"type":"Polygon","coordinates":[[[121.6543517,38.9345751],[121.654704,38.9344574],[121.6555249,38.9359445],[121.6551726,38.9360622],[121.6543517,38.9345751]]]}},{"type":"Feature","id":"way/287650243","properties":{"building":"yes","id":"way/287650243"},"geometry":{"type":"Polygon","coordinates":[[[121.6555308,38.9201768],[121.6560197,38.9202313],[121.6559741,38.9204789],[121.6554851,38.9204244],[121.6555308,38.9201768]]]}},{"type":"Feature","id":"way/287650244","properties":{"building":"yes","id":"way/287650244"},"geometry":{"type":"Polygon","coordinates":[[[121.6551256,38.9211861],[121.6556593,38.9212331],[121.6556428,38.921347],[121.6551091,38.9213],[121.6551256,38.9211861]]]}},{"type":"Feature","id":"way/287650245","properties":{"building":"yes","id":"way/287650245"},"geometry":{"type":"Polygon","coordinates":[[[121.6586253,38.9241971],[121.6589751,38.9240921],[121.6590374,38.9242177],[121.6586876,38.9243227],[121.6586253,38.9241971]]]}},{"type":"Feature","id":"way/287650246","properties":{"building":"yes","id":"way/287650246"},"geometry":{"type":"Polygon","coordinates":[[[121.6639824,38.919867],[121.6643665,38.9198197],[121.6643915,38.9199427],[121.6640074,38.91999],[121.6639824,38.919867]]]}},{"type":"Feature","id":"way/287650247","properties":{"building":"yes","id":"way/287650247"},"geometry":{"type":"Polygon","coordinates":[[[121.6568093,38.9299609],[121.6570986,38.9298687],[121.6571529,38.9299719],[121.6568637,38.9300641],[121.6568093,38.9299609]]]}},{"type":"Feature","id":"way/287650248","properties":{"building":"yes","id":"way/287650248"},"geometry":{"type":"Polygon","coordinates":[[[121.6541439,38.9200465],[121.6547068,38.9201162],[121.654686,38.9202181],[121.654123,38.9201484],[121.6541439,38.9200465]]]}},{"type":"Feature","id":"way/287650250","properties":{"building":"yes","id":"way/287650250"},"geometry":{"type":"Polygon","coordinates":[[[121.6471319,38.9314597],[121.647468,38.9320812],[121.6472813,38.9321423],[121.6469452,38.9315208],[121.6471319,38.9314597]]]}},{"type":"Feature","id":"way/287650251","properties":{"building":"yes","id":"way/287650251"},"geometry":{"type":"Polygon","coordinates":[[[121.6621261,38.9195063],[121.6626624,38.9194403],[121.6626832,38.9195426],[121.6621469,38.9196086],[121.6621261,38.9195063]]]}},{"type":"Feature","id":"way/287650253","properties":{"building":"yes","id":"way/287650253"},"geometry":{"type":"Polygon","coordinates":[[[121.6616333,38.9183317],[121.6615961,38.9181487],[121.6619566,38.9181044],[121.6619938,38.9182874],[121.6616333,38.9183317]]]}},{"type":"Feature","id":"way/287650254","properties":{"building":"yes","id":"way/287650254"},"geometry":{"type":"Polygon","coordinates":[[[121.6562262,38.9205829],[121.6567735,38.9206284],[121.6567565,38.9207528],[121.6562091,38.9207074],[121.6562262,38.9205829]]]}},{"type":"Feature","id":"way/287650257","properties":{"building":"yes","id":"way/287650257"},"geometry":{"type":"Polygon","coordinates":[[[121.6581027,38.9213097],[121.6586364,38.921293],[121.6586423,38.9214057],[121.6581085,38.9214224],[121.6581027,38.9213097]]]}},{"type":"Feature","id":"way/287650258","properties":{"building":"yes","id":"way/287650258"},"geometry":{"type":"Polygon","coordinates":[[[121.6459198,38.9301525],[121.6458625,38.9300242],[121.6462592,38.9299171],[121.6463165,38.9300454],[121.6459198,38.9301525]]]}},{"type":"Feature","id":"way/287650259","properties":{"building":"yes","id":"way/287650259"},"geometry":{"type":"Polygon","coordinates":[[[121.6622001,38.9182893],[121.6621247,38.9179179],[121.6622839,38.9178983],[121.6623593,38.9182697],[121.6622001,38.9182893]]]}},{"type":"Feature","id":"way/287650260","properties":{"building":"yes","id":"way/287650260"},"geometry":{"type":"Polygon","coordinates":[[[121.6554431,38.9208921],[121.6561346,38.9209467],[121.6561177,38.9210765],[121.6554262,38.9210219],[121.6554431,38.9208921]]]}},{"type":"Feature","id":"way/287650261","properties":{"building":"yes","id":"way/287650261"},"geometry":{"type":"Polygon","coordinates":[[[121.6584526,38.9211179],[121.6584459,38.920991],[121.6588725,38.9209773],[121.6588792,38.9211043],[121.6584526,38.9211179]]]}},{"type":"Feature","id":"way/287650263","properties":{"building":"yes","id":"way/287650263"},"geometry":{"type":"Polygon","coordinates":[[[121.6500795,38.9362768],[121.6507406,38.9374682],[121.6503336,38.9376048],[121.6496725,38.9364135],[121.6500795,38.9362768]]]}},{"type":"Feature","id":"way/287650265","properties":{"building":"yes","id":"way/287650265"},"geometry":{"type":"Polygon","coordinates":[[[121.6551509,38.9222439],[121.6563528,38.9223712],[121.6563288,38.9225084],[121.6551269,38.9223811],[121.6551509,38.9222439]]]}},{"type":"Feature","id":"way/287650268","properties":{"building":"yes","id":"way/287650268"},"geometry":{"type":"Polygon","coordinates":[[[121.6587514,38.9216977],[121.6591565,38.9216613],[121.6591716,38.9217629],[121.6587664,38.9217993],[121.6587514,38.9216977]]]}},{"type":"Feature","id":"way/287650269","properties":{"building":"yes","id":"way/287650269"},"geometry":{"type":"Polygon","coordinates":[[[121.6512908,38.9265422],[121.6512908,38.9263108],[121.6515057,38.9263108],[121.6515057,38.9265422],[121.6512908,38.9265422]]]}},{"type":"Feature","id":"way/287650270","properties":{"building":"yes","id":"way/287650270"},"geometry":{"type":"Polygon","coordinates":[[[121.6616677,38.9213256],[121.6616133,38.9210575],[121.6629542,38.9208926],[121.6630086,38.9211607],[121.6616677,38.9213256]]]}},{"type":"Feature","id":"way/287650271","properties":{"building":"yes","id":"way/287650271"},"geometry":{"type":"Polygon","coordinates":[[[121.6600925,38.920114],[121.6600277,38.9197949],[121.6602055,38.919773],[121.6602703,38.9200921],[121.6600925,38.920114]]]}},{"type":"Feature","id":"way/287650272","properties":{"building":"yes","id":"way/287650272"},"geometry":{"type":"Polygon","coordinates":[[[121.6450934,38.9305983],[121.6451816,38.9304724],[121.646041,38.9308367],[121.6459529,38.9309626],[121.6450934,38.9305983]]]}},{"type":"Feature","id":"way/287650273","properties":{"building":"yes","id":"way/287650273"},"geometry":{"type":"Polygon","coordinates":[[[121.665792,38.9204444],[121.6664485,38.9202777],[121.6664972,38.9203938],[121.6658407,38.9205605],[121.665792,38.9204444]]]}},{"type":"Feature","id":"way/287650274","properties":{"building":"yes","id":"way/287650274"},"geometry":{"type":"Polygon","coordinates":[[[121.640819,38.9309666],[121.6411891,38.9310818],[121.6411047,38.9312458],[121.6407346,38.9311307],[121.640819,38.9309666]]]}},{"type":"Feature","id":"way/287650275","properties":{"building":"yes","id":"way/287650275"},"geometry":{"type":"Polygon","coordinates":[[[121.655786,38.9215119],[121.65616,38.9215574],[121.6561361,38.9216764],[121.6557621,38.9216309],[121.655786,38.9215119]]]}},{"type":"Feature","id":"way/287650276","properties":{"building":"yes","id":"way/287650276"},"geometry":{"type":"Polygon","coordinates":[[[121.6579306,38.9211422],[121.6579053,38.9206921],[121.658331,38.9206776],[121.6583563,38.9211277],[121.6579306,38.9211422]]]}},{"type":"Feature","id":"way/287650278","properties":{"building":"yes","id":"way/287650278"},"geometry":{"type":"Polygon","coordinates":[[[121.641487,38.934528],[121.6431674,38.9338851],[121.6433133,38.9341159],[121.6416329,38.9347587],[121.641487,38.934528]]]}},{"type":"Feature","id":"way/287650279","properties":{"building":"yes","id":"way/287650279"},"geometry":{"type":"Polygon","coordinates":[[[121.6581019,38.9228641],[121.6586639,38.9228212],[121.6586823,38.9229673],[121.6581203,38.9230101],[121.6581019,38.9228641]]]}},{"type":"Feature","id":"way/287650281","properties":{"building":"yes","id":"way/287650281"},"geometry":{"type":"Polygon","coordinates":[[[121.6581865,38.9220356],[121.6587436,38.9219886],[121.6587576,38.9220893],[121.6582005,38.9221363],[121.6581865,38.9220356]]]}},{"type":"Feature","id":"way/287650282","properties":{"building":"yes","id":"way/287650282"},"geometry":{"type":"Polygon","coordinates":[[[121.6482338,38.932784],[121.6488564,38.9339069],[121.6483546,38.9340752],[121.647732,38.9329524],[121.6482338,38.932784]]]}},{"type":"Feature","id":"way/287650283","properties":{"building":"yes","id":"way/287650283"},"geometry":{"type":"Polygon","coordinates":[[[121.6587241,38.9213082],[121.6591409,38.9212946],[121.6591466,38.9213985],[121.6587297,38.9214121],[121.6587241,38.9213082]]]}},{"type":"Feature","id":"way/287650284","properties":{"building":"yes","id":"way/287650284"},"geometry":{"type":"Polygon","coordinates":[[[121.662467,38.9190819],[121.6625895,38.9190669],[121.6626559,38.9193941],[121.6625334,38.9194092],[121.662467,38.9190819]]]}},{"type":"Feature","id":"way/287650285","properties":{"building":"yes","id":"way/287650285"},"geometry":{"type":"Polygon","coordinates":[[[121.6595867,38.9238928],[121.6599255,38.9237749],[121.6600011,38.9239063],[121.6596622,38.9240242],[121.6595867,38.9238928]]]}},{"type":"Feature","id":"way/287650286","properties":{"building":"yes","id":"way/287650286"},"geometry":{"type":"Polygon","coordinates":[[[121.6647538,38.920655],[121.665468,38.9205672],[121.665496,38.920705],[121.6647818,38.9207928],[121.6647538,38.920655]]]}},{"type":"Feature","id":"way/287650288","properties":{"building":"yes","id":"way/287650288"},"geometry":{"type":"Polygon","coordinates":[[[121.6610762,38.9184348],[121.6610466,38.918289],[121.6615125,38.9182317],[121.6615421,38.9183775],[121.6610762,38.9184348]]]}},{"type":"Feature","id":"way/287650289","properties":{"building":"yes","id":"way/287650289"},"geometry":{"type":"Polygon","coordinates":[[[121.6647051,38.9198791],[121.6654829,38.9197834],[121.6655174,38.9199533],[121.6647396,38.920049],[121.6647051,38.9198791]]]}},{"type":"Feature","id":"way/287650290","properties":{"building":"yes","id":"way/287650290"},"geometry":{"type":"Polygon","coordinates":[[[121.6579248,38.9206102],[121.6579297,38.9204338],[121.6584673,38.9204429],[121.6584624,38.9206193],[121.6579248,38.9206102]]]}},{"type":"Feature","id":"way/287650291","properties":{"building":"yes","id":"way/287650291"},"geometry":{"type":"Polygon","coordinates":[[[121.6390573,38.9329594],[121.6395642,38.9327623],[121.6396755,38.9329354],[121.6391686,38.9331326],[121.6390573,38.9329594]]]}},{"type":"Feature","id":"way/287650293","properties":{"building":"yes","id":"way/287650293"},"geometry":{"type":"Polygon","coordinates":[[[121.6608551,38.9215098],[121.6614005,38.9214446],[121.6614275,38.9215816],[121.6608821,38.9216468],[121.6608551,38.9215098]]]}},{"type":"Feature","id":"way/287650294","properties":{"building":"yes","id":"way/287650294"},"geometry":{"type":"Polygon","coordinates":[[[121.6549951,38.921765],[121.6555113,38.9218287],[121.6554886,38.9219403],[121.6549724,38.9218766],[121.6549951,38.921765]]]}},{"type":"Feature","id":"way/287650295","properties":{"building":"yes","id":"way/287650295"},"geometry":{"type":"Polygon","coordinates":[[[121.6589099,38.9332843],[121.6591163,38.9332146],[121.6591807,38.9333299],[121.6589742,38.9333996],[121.6589099,38.9332843]]]}},{"type":"Feature","id":"way/287650296","properties":{"building":"yes","id":"way/287650296"},"geometry":{"type":"Polygon","coordinates":[[[121.6586694,38.9231599],[121.6592341,38.9231213],[121.6592491,38.9232545],[121.6586844,38.9232931],[121.6586694,38.9231599]]]}},{"type":"Feature","id":"way/287650298","properties":{"building":"yes","id":"way/287650298"},"geometry":{"type":"Polygon","coordinates":[[[121.6592909,38.9219401],[121.6596571,38.9219023],[121.6596754,38.9220089],[121.6593092,38.9220468],[121.6592909,38.9219401]]]}},{"type":"Feature","id":"way/287650299","properties":{"building":"yes","id":"way/287650299"},"geometry":{"type":"Polygon","coordinates":[[[121.6617599,38.919826],[121.6621054,38.9197836],[121.6621241,38.9198761],[121.6617787,38.9199185],[121.6617599,38.919826]]]}},{"type":"Feature","id":"way/287650300","properties":{"building":"yes","id":"way/287650300"},"geometry":{"type":"Polygon","coordinates":[[[121.6527071,38.926547],[121.6527136,38.9263809],[121.6528298,38.9263837],[121.652834,38.9262753],[121.6530885,38.9262814],[121.6530771,38.9265741],[121.6529741,38.9265716],[121.6529748,38.9265534],[121.6527071,38.926547]]]}},{"type":"Feature","id":"way/287650301","properties":{"building":"yes","id":"way/287650301"},"geometry":{"type":"Polygon","coordinates":[[[121.6641013,38.9209369],[121.6646223,38.9208728],[121.6646467,38.920993],[121.6641257,38.921057],[121.6641013,38.9209369]]]}},{"type":"Feature","id":"way/287650302","properties":{"building":"yes","id":"way/287650302"},"geometry":{"type":"Polygon","coordinates":[[[121.661569,38.9180529],[121.661544,38.9179299],[121.6620969,38.9178619],[121.6621219,38.9179849],[121.661569,38.9180529]]]}},{"type":"Feature","id":"way/287650303","properties":{"building":"yes","id":"way/287650303"},"geometry":{"type":"Polygon","coordinates":[[[121.6641052,38.9203792],[121.6644898,38.9203319],[121.6645142,38.9204519],[121.6641295,38.9204992],[121.6641052,38.9203792]]]}},{"type":"Feature","id":"way/287650304","properties":{"building":"yes","id":"way/287650304"},"geometry":{"type":"Polygon","coordinates":[[[121.6399664,38.9314765],[121.6412832,38.9318751],[121.6411798,38.9320817],[121.639863,38.9316831],[121.6399664,38.9314765]]]}},{"type":"Feature","id":"way/287650305","properties":{"building":"yes","id":"way/287650305"},"geometry":{"type":"Polygon","coordinates":[[[121.6550438,38.9214422],[121.6554587,38.9214816],[121.6554387,38.9216092],[121.6550238,38.9215698],[121.6550438,38.9214422]]]}},{"type":"Feature","id":"way/287650308","properties":{"building":"yes","id":"way/287650308"},"geometry":{"type":"Polygon","coordinates":[[[121.6597662,38.9218977],[121.6597214,38.9216143],[121.6600246,38.9215853],[121.6600854,38.9216505],[121.6601054,38.9217643],[121.659989,38.9218764],[121.6597662,38.9218977]]]}},{"type":"Feature","id":"way/287650309","properties":{"building":"yes","id":"way/287650309"},"geometry":{"type":"Polygon","coordinates":[[[121.6619878,38.9189622],[121.6625605,38.9188918],[121.6625896,38.9190349],[121.6624571,38.9190512],[121.6624494,38.9190133],[121.6620092,38.9190675],[121.6619878,38.9189622]]]}},{"type":"Feature","id":"way/287650311","properties":{"building":"yes","id":"way/287650311"},"geometry":{"type":"Polygon","coordinates":[[[121.6610148,38.9217583],[121.6614219,38.9217053],[121.6614524,38.921847],[121.661091,38.9218941],[121.6609511,38.9219891],[121.6608317,38.9218826],[121.6610148,38.9217583]]]}},{"type":"Feature","id":"way/287650312","properties":{"building":"yes","id":"way/287650312"},"geometry":{"type":"Polygon","coordinates":[[[121.6592111,38.9213006],[121.6597993,38.9212749],[121.6599941,38.9214537],[121.6598924,38.9215208],[121.6597443,38.9213848],[121.6592188,38.9214079],[121.6592111,38.9213006]]]}},{"type":"Feature","id":"way/287650313","properties":{"building":"yes","id":"way/287650313"},"geometry":{"type":"Polygon","coordinates":[[[121.6616844,38.9219621],[121.661661,38.9218626],[121.6617803,38.9218456],[121.6619202,38.9218257],[121.6620548,38.9218066],[121.6620782,38.9219061],[121.6616844,38.9219621]]]}},{"type":"Feature","id":"way/287650314","properties":{"building":"yes","id":"way/287650314"},"geometry":{"type":"Polygon","coordinates":[[[121.6591741,38.9215027],[121.6592851,38.9214933],[121.6593064,38.9216458],[121.659589,38.9216219],[121.659601,38.9217078],[121.6592075,38.9217411],[121.6591741,38.9215027]]]}},{"type":"Feature","id":"way/287650315","properties":{"building":"yes","id":"way/287650315"},"geometry":{"type":"Polygon","coordinates":[[[121.6416546,38.931057],[121.6413441,38.930956],[121.641415,38.9308242],[121.6415579,38.9308707],[121.6416448,38.930709],[121.6418123,38.9307635],[121.6416546,38.931057]]]}},{"type":"Feature","id":"way/287650316","properties":{"building":"yes","id":"way/287650316"},"geometry":{"type":"Polygon","coordinates":[[[121.6611697,38.9187576],[121.6611224,38.9185247],[121.6612796,38.9185053],[121.6612981,38.9185963],[121.6616625,38.9185515],[121.6616913,38.9186935],[121.6611697,38.9187576]]]}},{"type":"Feature","id":"way/287650317","properties":{"building":"yes","id":"way/287650317"},"geometry":{"type":"Polygon","coordinates":[[[121.6610575,38.9182374],[121.6610135,38.918021],[121.6614697,38.917965],[121.6614992,38.9181105],[121.6611895,38.9181485],[121.6612039,38.9182194],[121.6610575,38.9182374]]]}},{"type":"Feature","id":"way/287650318","properties":{"building":"yes","id":"way/287650318"},"geometry":{"type":"Polygon","coordinates":[[[121.6613302,38.9221299],[121.6611704,38.9222307],[121.6610635,38.9221281],[121.6612486,38.9220114],[121.6614843,38.9219811],[121.6615109,38.9221067],[121.6613302,38.9221299]]]}},{"type":"Feature","id":"way/287650319","properties":{"building":"yes","id":"way/287650319"},"geometry":{"type":"Polygon","coordinates":[[[121.6581514,38.9217522],[121.6585709,38.921711],[121.6585404,38.9215235],[121.6586449,38.9215132],[121.6586913,38.9217988],[121.6581673,38.9218503],[121.6581514,38.9217522]]]}},{"type":"Feature","id":"way/287650320","properties":{"building":"yes","id":"way/287650320"},"geometry":{"type":"Polygon","coordinates":[[[121.6600854,38.9216505],[121.6602551,38.9218265],[121.6601422,38.9219371],[121.659776,38.921972],[121.6597662,38.9218977],[121.659989,38.9218764],[121.6601054,38.9217643],[121.6600854,38.9216505]]]}},{"type":"Feature","id":"way/287650321","properties":{"building":"yes","id":"way/287650321"},"geometry":{"type":"Polygon","coordinates":[[[121.6580385,38.9223626],[121.6584646,38.9223278],[121.6584702,38.9223695],[121.6586998,38.9223507],[121.6587148,38.9224621],[121.6584727,38.9224819],[121.6584665,38.9224358],[121.658053,38.9224696],[121.6580385,38.9223626]]]}},{"type":"Feature","id":"way/287650322","properties":{"building":"roof","layer":"1","id":"way/287650322"},"geometry":{"type":"Polygon","coordinates":[[[121.6616131,38.9218282],[121.66159,38.9217298],[121.6620474,38.9216648],[121.6620708,38.9217641],[121.661911,38.9217868],[121.6619202,38.9218257],[121.6617803,38.9218456],[121.661771,38.9218058],[121.6616131,38.9218282]]]}},{"type":"Feature","id":"way/287650323","properties":{"building":"yes","id":"way/287650323"},"geometry":{"type":"Polygon","coordinates":[[[121.6612987,38.9196704],[121.661389,38.9196593],[121.6613787,38.9196088],[121.6620408,38.9195274],[121.6620599,38.9196214],[121.6614032,38.9197022],[121.6614303,38.9198358],[121.6613347,38.9198476],[121.6612987,38.9196704]]]}},{"type":"Feature","id":"way/287650324","properties":{"building":"yes","id":"way/287650324"},"geometry":{"type":"Polygon","coordinates":[[[121.6612393,38.9193874],[121.6613266,38.9193767],[121.6613193,38.9193409],[121.6619785,38.9192599],[121.6619956,38.9193441],[121.6613525,38.9194232],[121.6613792,38.9195545],[121.6612758,38.9195673],[121.6612393,38.9193874]]]}},{"type":"Feature","id":"way/287650325","properties":{"building":"yes","id":"way/287650325"},"geometry":{"type":"Polygon","coordinates":[[[121.6611936,38.9191131],[121.6612715,38.9191035],[121.661267,38.9190814],[121.6619191,38.9190013],[121.6619352,38.9190804],[121.6612997,38.9191585],[121.6613267,38.9192915],[121.6612322,38.9193031],[121.6611936,38.9191131]]]}},{"type":"Feature","id":"way/287650326","properties":{"building":"yes","id":"way/287650326"},"geometry":{"type":"Polygon","coordinates":[[[121.6600048,38.919723],[121.6599211,38.9193107],[121.6599631,38.9193055],[121.659945,38.9192167],[121.6605429,38.9191432],[121.6605628,38.9192411],[121.6600456,38.9193047],[121.6601275,38.9197079],[121.6600048,38.919723]]]}},{"type":"Feature","id":"way/287650327","properties":{"building":"yes","id":"way/287650327"},"geometry":{"type":"Polygon","coordinates":[[[121.6574242,38.9229413],[121.6574121,38.9228033],[121.6576589,38.9227901],[121.657664,38.9228483],[121.6579406,38.9228335],[121.6579531,38.9229756],[121.6576615,38.9229911],[121.657656,38.9229289],[121.6574242,38.9229413]]]}},{"type":"Feature","id":"way/287650328","properties":{"building":"yes","id":"way/287650328"},"geometry":{"type":"Polygon","coordinates":[[[121.6589458,38.9223262],[121.6591436,38.9223057],[121.6591399,38.9222843],[121.6596253,38.922234],[121.6596402,38.9223212],[121.6591792,38.9223689],[121.6591853,38.9224043],[121.6589631,38.9224273],[121.6589458,38.9223262]]]}},{"type":"Feature","id":"way/287650329","properties":{"building":"yes","id":"way/287650329"},"geometry":{"type":"Polygon","coordinates":[[[121.6573793,38.9211179],[121.6576852,38.9204102],[121.6578819,38.9204147],[121.6578782,38.9205123],[121.6577708,38.9205098],[121.6575348,38.9210544],[121.6578475,38.9210479],[121.6578527,38.9211512],[121.6574027,38.9211649],[121.6573793,38.9211179]]]}},{"type":"Feature","id":"way/287650331","properties":{"building":"yes","id":"way/287650331"},"geometry":{"type":"Polygon","coordinates":[[[121.6606817,38.9217204],[121.6603486,38.921384],[121.6603233,38.9213461],[121.6603175,38.9213006],[121.6603486,38.9212749],[121.6603954,38.9212597],[121.6607304,38.9212339],[121.6608122,38.9216522],[121.6607869,38.9217113],[121.6606817,38.9217204]]]}},{"type":"Feature","id":"way/295547716","properties":{"brand":"Hilton","brand:wikidata":"Q598884","brand:wikipedia":"en:Hilton Hotels & Resorts","building":"yes","name":"大连富力希尔顿酒店","tourism":"hotel","id":"way/295547716"},"geometry":{"type":"Polygon","coordinates":[[[121.6655576,38.9271985],[121.6652476,38.9274455],[121.6649003,38.9271817],[121.6652103,38.9269347],[121.6655576,38.9271985]]]}},{"type":"Feature","id":"way/295547717","properties":{"addr:housenumber":"31","addr:postcode":"116001","addr:street":"人民路","addr:street:en":"Renmin Road","addr:street:ru":"Народная улица","brand":"Conrad","brand:wikidata":"Q855525","brand:wikipedia":"en:Conrad Hotels","building":"yes","name":"大连康莱德酒店","name:en":"Conrad Dalian","name:ru":"Конрад Далянь","tourism":"hotel","id":"way/295547717"},"geometry":{"type":"Polygon","coordinates":[[[121.6651691,38.9280255],[121.6648699,38.9282693],[121.6645188,38.9280085],[121.6648329,38.9277686],[121.6651691,38.9280255]]]}},{"type":"Feature","id":"way/359262561","properties":{"building":"yes","id":"way/359262561"},"geometry":{"type":"Polygon","coordinates":[[[121.6365805,38.9227485],[121.6364766,38.9227584],[121.6363579,38.9227257],[121.6364109,38.9226115],[121.6364883,38.9226356],[121.6367757,38.9223689],[121.636623,38.9223326],[121.6366792,38.9222115],[121.6369623,38.9223128],[121.6370111,38.9223722],[121.6369644,38.9224383],[121.6365805,38.9227485]]]}},{"type":"Feature","id":"way/359262595","properties":{"building":"yes","id":"way/359262595"},"geometry":{"type":"Polygon","coordinates":[[[121.6317604,38.9301768],[121.6316453,38.9301344],[121.6317683,38.9299326],[121.6318833,38.929975],[121.6317604,38.9301768]]]}},{"type":"Feature","id":"way/359262597","properties":{"building":"yes","id":"way/359262597"},"geometry":{"type":"Polygon","coordinates":[[[121.6329505,38.9274276],[121.6333075,38.9275676],[121.6332368,38.9276766],[121.6328799,38.9275366],[121.6329505,38.9274276]]]}},{"type":"Feature","id":"way/359262632","properties":{"building":"yes","id":"way/359262632"},"geometry":{"type":"Polygon","coordinates":[[[121.6317889,38.9302678],[121.6320858,38.9303833],[121.632033,38.9304655],[121.6317361,38.93035],[121.6317889,38.9302678]]]}},{"type":"Feature","id":"way/359262635","properties":{"building":"yes","name":"大连行车公寓","id":"way/359262635"},"geometry":{"type":"Polygon","coordinates":[[[121.6322537,38.9253791],[121.6328094,38.9257553],[121.6327088,38.9258453],[121.6321531,38.925469],[121.6322537,38.9253791]]]}},{"type":"Feature","id":"way/359262658","properties":{"building":"yes","id":"way/359262658"},"geometry":{"type":"Polygon","coordinates":[[[121.634478,38.9285697],[121.6343611,38.9285852],[121.6343732,38.9286403],[121.6340262,38.9286862],[121.6340036,38.9285822],[121.6343222,38.9285401],[121.6342744,38.9283205],[121.6344195,38.9283014],[121.634478,38.9285697]]]}},{"type":"Feature","id":"way/359262674","properties":{"building":"yes","id":"way/359262674"},"geometry":{"type":"Polygon","coordinates":[[[121.6323273,38.9301173],[121.6329842,38.930353],[121.632924,38.9304546],[121.6322671,38.9302189],[121.6323273,38.9301173]]]}},{"type":"Feature","id":"way/359262752","properties":{"building":"yes","id":"way/359262752"},"geometry":{"type":"Polygon","coordinates":[[[121.6338444,38.9265735],[121.6341144,38.9268979],[121.6339727,38.9269692],[121.6337028,38.9266448],[121.6338444,38.9265735]]]}},{"type":"Feature","id":"way/359262792","properties":{"building":"yes","id":"way/359262792"},"geometry":{"type":"Polygon","coordinates":[[[121.6321218,38.9303017],[121.6319396,38.9302342],[121.6320581,38.9300405],[121.6322403,38.930108],[121.6321218,38.9303017]]]}},{"type":"Feature","id":"way/359262793","properties":{"building":"yes","id":"way/359262793"},"geometry":{"type":"Polygon","coordinates":[[[121.6336524,38.9272432],[121.6336269,38.927131],[121.6340169,38.9270773],[121.6340424,38.9271896],[121.6336524,38.9272432]]]}},{"type":"Feature","id":"way/359262809","properties":{"building":"yes","id":"way/359262809"},"geometry":{"type":"Polygon","coordinates":[[[121.6338504,38.9278663],[121.6338271,38.9277422],[121.634361,38.9276815],[121.6343843,38.9278056],[121.6338504,38.9278663]]]}},{"type":"Feature","id":"way/359262854","properties":{"building":"yes","id":"way/359262854"},"geometry":{"type":"Polygon","coordinates":[[[121.6357873,38.9220851],[121.6358362,38.9219665],[121.636517,38.9221365],[121.6364681,38.9222551],[121.6357873,38.9220851]]]}},{"type":"Feature","id":"way/359262871","properties":{"building":"yes","id":"way/359262871"},"geometry":{"type":"Polygon","coordinates":[[[121.6334185,38.9270542],[121.6335295,38.9274929],[121.6333782,38.9275161],[121.6332672,38.9270774],[121.6334185,38.9270542]]]}},{"type":"Feature","id":"way/359262908","properties":{"building":"yes","id":"way/359262908"},"geometry":{"type":"Polygon","coordinates":[[[121.6335715,38.9269865],[121.6335437,38.9268586],[121.6338107,38.9268236],[121.6338384,38.9269515],[121.6335715,38.9269865]]]}},{"type":"Feature","id":"way/359262921","properties":{"building":"yes","id":"way/359262921"},"geometry":{"type":"Polygon","coordinates":[[[121.6337484,38.9276166],[121.6337094,38.9273879],[121.6338458,38.9273738],[121.6338848,38.9276025],[121.6337484,38.9276166]]]}},{"type":"Feature","id":"way/359262950","properties":{"building":"yes","id":"way/359262950"},"geometry":{"type":"Polygon","coordinates":[[[121.6313584,38.9306179],[121.6318683,38.9308104],[121.6317838,38.9309459],[121.6312739,38.9307534],[121.6313584,38.9306179]]]}},{"type":"Feature","id":"way/359262952","properties":{"building":"yes","id":"way/359262952"},"geometry":{"type":"Polygon","coordinates":[[[121.630999,38.9236089],[121.6310599,38.9235569],[121.6312849,38.9237168],[121.6312239,38.9237687],[121.630999,38.9236089]]]}},{"type":"Feature","id":"way/359262991","properties":{"building":"yes","id":"way/359262991"},"geometry":{"type":"Polygon","coordinates":[[[121.6314229,38.9304487],[121.6315894,38.930192],[121.6317133,38.9302406],[121.6315468,38.9304973],[121.6314229,38.9304487]]]}},{"type":"Feature","id":"way/359263054","properties":{"building":"yes","id":"way/359263054"},"geometry":{"type":"Polygon","coordinates":[[[121.6316929,38.9304312],[121.6319928,38.9305397],[121.6319316,38.9306421],[121.6316317,38.9305336],[121.6316929,38.9304312]]]}},{"type":"Feature","id":"way/359263067","properties":{"building":"yes","id":"way/359263067"},"geometry":{"type":"Polygon","coordinates":[[[121.6319823,38.9308465],[121.6326602,38.9311079],[121.6325644,38.9312584],[121.6318865,38.930997],[121.6319823,38.9308465]]]}},{"type":"Feature","id":"way/359263068","properties":{"building":"yes","id":"way/359263068"},"geometry":{"type":"Polygon","coordinates":[[[121.6303448,38.9243511],[121.6304246,38.9242772],[121.630783,38.9245115],[121.6307032,38.9245854],[121.6303448,38.9243511]]]}},{"type":"Feature","id":"way/359263075","properties":{"building":"yes","id":"way/359263075"},"geometry":{"type":"Polygon","coordinates":[[[121.6343625,38.9282132],[121.634225,38.9282306],[121.6341665,38.9279506],[121.634304,38.9279332],[121.6343625,38.9282132]]]}},{"type":"Feature","id":"way/359263102","properties":{"building":"yes","id":"way/359263102"},"geometry":{"type":"Polygon","coordinates":[[[121.6310944,38.9301313],[121.6314784,38.9302783],[121.6314248,38.9303631],[121.6310408,38.9302161],[121.6310944,38.9301313]]]}},{"type":"Feature","id":"way/359263174","properties":{"amenity":"hospital","building":"yes","healthcare":"hospital","name":"民乐社区医疗服务中心","id":"way/359263174"},"geometry":{"type":"Polygon","coordinates":[[[121.630858,38.9247388],[121.6309466,38.9246393],[121.6313815,38.9248736],[121.6312929,38.9249732],[121.630858,38.9247388]]]}},{"type":"Feature","id":"way/359263176","properties":{"building":"yes","id":"way/359263176"},"geometry":{"type":"Polygon","coordinates":[[[121.6375881,38.9221972],[121.6381416,38.9225577],[121.6379779,38.9227098],[121.6374245,38.9223492],[121.6375881,38.9221972]]]}},{"type":"Feature","id":"way/359263180","properties":{"building":"yes","id":"way/359263180"},"geometry":{"type":"Polygon","coordinates":[[[121.6313254,38.9297498],[121.6317169,38.9298922],[121.6316598,38.9299872],[121.6312683,38.9298448],[121.6313254,38.9297498]]]}},{"type":"Feature","id":"way/359263225","properties":{"building":"yes","id":"way/359263225"},"geometry":{"type":"Polygon","coordinates":[[[121.6338076,38.9290389],[121.6334791,38.9289133],[121.633544,38.9288107],[121.6339129,38.9289519],[121.6339801,38.929163],[121.6338547,38.9291871],[121.6338076,38.9290389]]]}},{"type":"Feature","id":"way/359263252","properties":{"building":"yes","id":"way/359263252"},"geometry":{"type":"Polygon","coordinates":[[[121.632842,38.9307434],[121.6330167,38.9304673],[121.633253,38.930553],[121.632866,38.9308974],[121.6321416,38.9306186],[121.6322133,38.9305058],[121.632842,38.9307434]]]}},{"type":"Feature","id":"way/414228086","properties":{"addr:city":"大连市中山区","addr:housenumber":"9","addr:postcode":"116001","addr:street":"五五路","building":"hotel","name":"7天连锁酒店大连火车站港湾广场","name:en":"7Days Inn Dalian Gangwan Square Station Port","phone":"+86 400 874 0087","id":"way/414228086"},"geometry":{"type":"Polygon","coordinates":[[[121.6538872,38.9228693],[121.653759,38.9229042],[121.6536363,38.9226492],[121.6536998,38.9226319],[121.6536904,38.9226163],[121.6537566,38.9226004],[121.6538872,38.9228693]]]}},{"type":"Feature","id":"way/423083135","properties":{"building":"yes","id":"way/423083135"},"geometry":{"type":"Polygon","coordinates":[[[121.6378513,38.9321915],[121.6378056,38.9318156],[121.6379756,38.931803],[121.6379982,38.9319889],[121.6385588,38.9319476],[121.6385421,38.9318108],[121.6383095,38.9318279],[121.6382989,38.9317402],[121.6387025,38.9317105],[121.638753,38.9321252],[121.6378513,38.9321915]]]}},{"type":"Feature","id":"way/423083136","properties":{"building":"yes","id":"way/423083136"},"geometry":{"type":"Polygon","coordinates":[[[121.6559145,38.9184543],[121.6566224,38.9185371],[121.6565661,38.9188283],[121.656407,38.9188097],[121.6564351,38.9186642],[121.6560714,38.9186216],[121.6560217,38.9188785],[121.6560969,38.9188873],[121.6560768,38.9189912],[121.6558166,38.9189608],[121.6559145,38.9184543]]]}},{"type":"Feature","id":"way/423083138","properties":{"building":"yes","id":"way/423083138"},"geometry":{"type":"Polygon","coordinates":[[[121.6560582,38.9177772],[121.6567528,38.9178559],[121.6566632,38.9183348],[121.6559686,38.9182561],[121.6559873,38.9181559],[121.6565534,38.9182201],[121.6565974,38.9179845],[121.6561658,38.9179357],[121.6561356,38.9180973],[121.6560012,38.9180821],[121.6560582,38.9177772]]]}},{"type":"Feature","id":"way/423083145","properties":{"building":"yes","id":"way/423083145"},"geometry":{"type":"Polygon","coordinates":[[[121.6514772,38.918637],[121.6515365,38.9184784],[121.6514923,38.9184574],[121.6512561,38.9185002],[121.6512269,38.9184025],[121.651501,38.9183528],[121.6517139,38.9184543],[121.6516154,38.9187172],[121.6512535,38.9187773],[121.6512264,38.9186786],[121.6514772,38.918637]]]}},{"type":"Feature","id":"way/423083146","properties":{"building":"yes","id":"way/423083146"},"geometry":{"type":"Polygon","coordinates":[[[121.6666101,38.9197841],[121.6665678,38.9195052],[121.6672392,38.9194435],[121.6672451,38.9194821],[121.6672975,38.9194995],[121.6671801,38.9197484],[121.6670618,38.9197181],[121.6671308,38.919553],[121.6667198,38.9195908],[121.6667472,38.9197715],[121.6666101,38.9197841]]]}},{"type":"Feature","id":"way/423083147","properties":{"building":"yes","id":"way/423083147"},"geometry":{"type":"Polygon","coordinates":[[[121.6635478,38.9196885],[121.6634561,38.9192776],[121.6642689,38.9191678],[121.6643179,38.9193874],[121.6641779,38.9194063],[121.664153,38.9192947],[121.6636067,38.9193684],[121.6636502,38.9195633],[121.6643365,38.9194706],[121.6643606,38.9195787],[121.6635478,38.9196885]]]}},{"type":"Feature","id":"way/423083152","properties":{"building":"yes","id":"way/423083152"},"geometry":{"type":"Polygon","coordinates":[[[121.6367001,38.9314437],[121.6369852,38.9314418],[121.6369862,38.931532],[121.636722,38.9315338],[121.6367229,38.9316203],[121.6365673,38.9316213],[121.6365679,38.9316753],[121.6363596,38.9316767],[121.6363585,38.9315729],[121.6365409,38.9315716],[121.6365402,38.9315035],[121.6367007,38.9315024],[121.6367001,38.9314437]]]}},{"type":"Feature","id":"way/423083153","properties":{"building":"yes","id":"way/423083153"},"geometry":{"type":"Polygon","coordinates":[[[121.6464701,38.9169987],[121.6464048,38.9166389],[121.64653,38.9166252],[121.646576,38.9168789],[121.6467098,38.9168642],[121.6466638,38.9166105],[121.6468132,38.9165941],[121.6468592,38.9168477],[121.6469922,38.9168331],[121.6469462,38.9165795],[121.6470648,38.9165664],[121.64713,38.9169263],[121.6464701,38.9169987]]]}},{"type":"Feature","id":"way/423083156","properties":{"building":"yes","id":"way/423083156"},"geometry":{"type":"Polygon","coordinates":[[[121.6462811,38.91598],[121.6469491,38.9159158],[121.6470068,38.9162793],[121.6468676,38.9162927],[121.646829,38.9160498],[121.6467352,38.9160588],[121.646772,38.9162904],[121.6465784,38.916309],[121.6465416,38.9160774],[121.6464664,38.9160846],[121.6465049,38.9163275],[121.6463388,38.9163435],[121.6462811,38.91598]]]}},{"type":"Feature","id":"way/423083157","properties":{"building":"yes","id":"way/423083157"},"geometry":{"type":"Polygon","coordinates":[[[121.6444276,38.9202131],[121.6445662,38.9201976],[121.6445864,38.9203066],[121.6452041,38.9202372],[121.6451972,38.9201996],[121.6453706,38.9201801],[121.6454173,38.9204316],[121.6450423,38.9204738],[121.6450264,38.9203879],[121.6446207,38.9204335],[121.6446412,38.9205442],[121.6444922,38.9205609],[121.6444276,38.9202131]]]}},{"type":"Feature","id":"way/423083159","properties":{"building":"yes","id":"way/423083159"},"geometry":{"type":"Polygon","coordinates":[[[121.6628563,38.9192669],[121.662811,38.9190729],[121.6629697,38.9190505],[121.6629851,38.9191168],[121.662935,38.9191239],[121.6629464,38.9191727],[121.6634424,38.9191026],[121.6634323,38.9190593],[121.6633816,38.9190664],[121.6633648,38.9189947],[121.663511,38.9189741],[121.6635562,38.9191681],[121.6628563,38.9192669]]]}},{"type":"Feature","id":"way/423083165","properties":{"building":"yes","id":"way/423083165"},"geometry":{"type":"Polygon","coordinates":[[[121.6439832,38.920621],[121.6439671,38.920537],[121.6440757,38.9205244],[121.6440469,38.9203745],[121.644184,38.9203586],[121.6442127,38.9205085],[121.6443237,38.9204956],[121.6443398,38.9205796],[121.6442278,38.9205926],[121.6442397,38.9206551],[121.6441094,38.9206702],[121.6440974,38.9206078],[121.6439832,38.920621]]]}},{"type":"Feature","id":"way/423083173","properties":{"building":"yes","id":"way/423083173"},"geometry":{"type":"Polygon","coordinates":[[[121.6486171,38.9177868],[121.6478095,38.917557],[121.6477901,38.9176413],[121.6478762,38.9181477],[121.6477035,38.9181655],[121.647613,38.9176333],[121.6476416,38.9175092],[121.6477088,38.9173662],[121.6488292,38.9176851],[121.6487467,38.9182628],[121.6483182,38.9182711],[121.6483131,38.9181114],[121.6485715,38.9181064],[121.6486171,38.9177868]]]}},{"type":"Feature","id":"way/423083174","properties":{"building":"yes","id":"way/423083174"},"geometry":{"type":"Polygon","coordinates":[[[121.6578399,38.9202753],[121.6577574,38.9202069],[121.6579197,38.9198777],[121.658239,38.9198446],[121.6585025,38.9200765],[121.6584329,38.9201243],[121.6582286,38.9199445],[121.6580284,38.9199653],[121.6579233,38.9201783],[121.6584937,38.9201902],[121.6585895,38.9201355],[121.6586648,38.9202152],[121.6585344,38.9202898],[121.6578399,38.9202753]]]}},{"type":"Feature","id":"way/423083177","properties":{"building":"yes","id":"way/423083177"},"geometry":{"type":"Polygon","coordinates":[[[121.6363856,38.9169635],[121.6362546,38.9168562],[121.6361623,38.9171941],[121.63631,38.9173598],[121.6363197,38.9173208],[121.6364349,38.9173381],[121.6364035,38.9174648],[121.6363076,38.9175165],[121.6359969,38.9171677],[121.6361268,38.9166922],[121.6362919,38.9167195],[121.6365343,38.9169181],[121.6364349,38.9172747],[121.636305,38.9172528],[121.6363856,38.9169635]]]}},{"type":"Feature","id":"way/423083181","properties":{"building":"yes","id":"way/423083181"},"geometry":{"type":"Polygon","coordinates":[[[121.6354204,38.9319479],[121.6352147,38.931434],[121.6351661,38.9314458],[121.6351123,38.9313115],[121.6352782,38.9312713],[121.6352656,38.93124],[121.6353324,38.9312238],[121.6352569,38.9310351],[121.6356129,38.9309489],[121.635724,38.9312265],[121.6359395,38.9311743],[121.636121,38.9316278],[121.6358722,38.9316881],[121.6358954,38.931746],[121.6356365,38.9318088],[121.6356682,38.9318879],[121.6354204,38.9319479]]]}},{"type":"Feature","id":"way/423083187","properties":{"building":"yes","id":"way/423083187"},"geometry":{"type":"Polygon","coordinates":[[[121.6557109,38.9181748],[121.6556531,38.9184811],[121.6555018,38.9184638],[121.655539,38.9182666],[121.6553748,38.9182479],[121.655364,38.9183047],[121.655197,38.9182856],[121.6551889,38.9183284],[121.6550402,38.9183114],[121.6550313,38.9183585],[121.6549016,38.9183436],[121.6549279,38.9182039],[121.6550544,38.9182184],[121.6550614,38.9181815],[121.6552309,38.9182009],[121.6552381,38.918163],[121.6553905,38.9181804],[121.6553983,38.9181391],[121.6557109,38.9181748]]]}},{"type":"Feature","id":"way/423083190","properties":{"building":"yes","id":"way/423083190"},"geometry":{"type":"Polygon","coordinates":[[[121.6521093,38.919359],[121.6519104,38.9192726],[121.6518404,38.9193703],[121.6519475,38.9194168],[121.6519121,38.9194662],[121.6515661,38.9193159],[121.6516017,38.9192664],[121.6517185,38.9193172],[121.6517885,38.9192196],[121.6516546,38.9191615],[121.6516028,38.9191696],[121.6515786,38.9190761],[121.6513992,38.9191043],[121.6513772,38.9190195],[121.6516939,38.9189698],[121.6517222,38.9190791],[121.6521653,38.9192716],[121.652314,38.9192369],[121.6524098,38.9194854],[121.6521788,38.9195393],[121.6521093,38.919359]]]}},{"type":"Feature","id":"way/423083191","properties":{"building":"yes","id":"way/423083191"},"geometry":{"type":"Polygon","coordinates":[[[121.6333764,38.9291884],[121.6334722,38.9292219],[121.6334599,38.9292432],[121.6334997,38.9293143],[121.6336041,38.9292937],[121.6336164,38.9292724],[121.6337175,38.9293078],[121.6336715,38.9293874],[121.6336353,38.9293747],[121.6335358,38.9294074],[121.6335671,38.9294926],[121.6336033,38.9295053],[121.6335626,38.9295755],[121.6334529,38.9295371],[121.6334664,38.9295137],[121.6334275,38.929449],[121.6333318,38.9294666],[121.6333183,38.92949],[121.6332215,38.9294561],[121.6332702,38.9293719],[121.6332987,38.9293819],[121.6333914,38.9293531],[121.6333608,38.9292746],[121.6333323,38.9292646],[121.6333764,38.9291884]]]}},{"type":"Feature","id":"way/423083198","properties":{"building":"yes","id":"way/423083198"},"geometry":{"type":"Polygon","coordinates":[[[121.629367,38.9348284],[121.6293814,38.9347448],[121.6296543,38.9347733],[121.6296399,38.9348568],[121.629367,38.9348284]]]}},{"type":"Feature","id":"way/423083202","properties":{"building":"yes","id":"way/423083202"},"geometry":{"type":"Polygon","coordinates":[[[121.6319241,38.927483],[121.6321333,38.9273764],[121.6321991,38.9274545],[121.6319898,38.9275611],[121.6319241,38.927483]]]}},{"type":"Feature","id":"way/423083218","properties":{"building":"yes","name":"十五库","id":"way/423083218"},"geometry":{"type":"Polygon","coordinates":[[[121.6593168,38.9287284],[121.6613712,38.9280617],[121.6615064,38.928314],[121.659452,38.9289806],[121.6593168,38.9287284]]]}},{"type":"Feature","id":"way/423083219","properties":{"building":"yes","id":"way/423083219"},"geometry":{"type":"Polygon","coordinates":[[[121.6401032,38.922973],[121.6400069,38.9231298],[121.6398351,38.9231231],[121.6397307,38.9229585],[121.6401032,38.922973]]]}},{"type":"Feature","id":"way/423083226","properties":{"building":"yes","id":"way/423083226"},"geometry":{"type":"Polygon","coordinates":[[[121.629766,38.9265865],[121.6299986,38.9264764],[121.6300737,38.9265723],[121.6299454,38.926633],[121.6299274,38.92661],[121.6298231,38.9266594],[121.629766,38.9265865]]]}},{"type":"Feature","id":"way/423083227","properties":{"building":"yes","id":"way/423083227"},"geometry":{"type":"Polygon","coordinates":[[[121.6411181,38.9161453],[121.6414059,38.9161632],[121.6413946,38.9162741],[121.6411068,38.9162563],[121.6411181,38.9161453]]]}},{"type":"Feature","id":"way/423083241","properties":{"building":"yes","id":"way/423083241"},"geometry":{"type":"Polygon","coordinates":[[[121.6571653,38.9163134],[121.6575618,38.9163569],[121.6575356,38.9165013],[121.6571391,38.9164578],[121.6571653,38.9163134]]]}},{"type":"Feature","id":"way/423083242","properties":{"building":"yes","name":"兆麟街10号","id":"way/423083242"},"geometry":{"type":"Polygon","coordinates":[[[121.6333953,38.9320219],[121.6336402,38.931975],[121.6338768,38.9319056],[121.6339314,38.9320331],[121.6336905,38.9321089],[121.633429,38.9321574],[121.6333953,38.9320219]]]}},{"type":"Feature","id":"way/423083243","properties":{"building":"yes","id":"way/423083243"},"geometry":{"type":"Polygon","coordinates":[[[121.6536618,38.9245133],[121.6537763,38.9242918],[121.6539386,38.9243426],[121.6538242,38.9245641],[121.6536618,38.9245133]]]}},{"type":"Feature","id":"way/423083247","properties":{"building":"yes","id":"way/423083247"},"geometry":{"type":"Polygon","coordinates":[[[121.6294681,38.9256146],[121.6295278,38.9254791],[121.6296463,38.9255106],[121.6295866,38.9256462],[121.6294681,38.9256146]]]}},{"type":"Feature","id":"way/423083248","properties":{"building":"yes","id":"way/423083248"},"geometry":{"type":"Polygon","coordinates":[[[121.6298848,38.927619],[121.6298066,38.9274911],[121.6300624,38.9273963],[121.6301407,38.9275242],[121.6298848,38.927619]]]}},{"type":"Feature","id":"way/423083252","properties":{"building":"yes","id":"way/423083252"},"geometry":{"type":"Polygon","coordinates":[[[121.6484859,38.9221355],[121.648533,38.9220399],[121.6489216,38.9221558],[121.6488744,38.9222515],[121.6484859,38.9221355]]]}},{"type":"Feature","id":"way/423083253","properties":{"building":"yes","id":"way/423083253"},"geometry":{"type":"Polygon","coordinates":[[[121.6455426,38.9211479],[121.6458207,38.9212318],[121.6457595,38.9213547],[121.6454814,38.9212708],[121.6455426,38.9211479]]]}},{"type":"Feature","id":"way/423083256","properties":{"building":"yes","id":"way/423083256"},"geometry":{"type":"Polygon","coordinates":[[[121.6491645,38.9164003],[121.6495956,38.9164065],[121.6495927,38.9165287],[121.6491616,38.9165225],[121.6491645,38.9164003]]]}},{"type":"Feature","id":"way/423083258","properties":{"building":"yes","id":"way/423083258"},"geometry":{"type":"Polygon","coordinates":[[[121.6524484,38.9213022],[121.6528582,38.92112],[121.6529243,38.9212101],[121.6525145,38.9213923],[121.6524484,38.9213022]]]}},{"type":"Feature","id":"way/423083274","properties":{"building":"yes","id":"way/423083274"},"geometry":{"type":"Polygon","coordinates":[[[121.6460616,38.9172482],[121.6464554,38.9172109],[121.6464735,38.9173267],[121.6460797,38.917364],[121.6460616,38.9172482]]]}},{"type":"Feature","id":"way/423083278","properties":{"building":"yes","id":"way/423083278"},"geometry":{"type":"Polygon","coordinates":[[[121.6291879,38.9289138],[121.6292732,38.9287242],[121.6293837,38.9287543],[121.6292984,38.9289439],[121.6291879,38.9289138]]]}},{"type":"Feature","id":"way/423083280","properties":{"building":"yes","id":"way/423083280"},"geometry":{"type":"Polygon","coordinates":[[[121.6449412,38.9220569],[121.6450131,38.9219254],[121.645117,38.9219597],[121.6450451,38.9220912],[121.6449412,38.9220569]]]}},{"type":"Feature","id":"way/423083282","properties":{"building":"yes","id":"way/423083282"},"geometry":{"type":"Polygon","coordinates":[[[121.6453635,38.9217594],[121.6456643,38.9218589],[121.6456151,38.9219489],[121.6453143,38.9218494],[121.6453635,38.9217594]]]}},{"type":"Feature","id":"way/423083288","properties":{"building":"yes","id":"way/423083288"},"geometry":{"type":"Polygon","coordinates":[[[121.6483741,38.9168579],[121.6487813,38.9168621],[121.6487785,38.9170256],[121.6483714,38.9170215],[121.6483741,38.9168579]]]}},{"type":"Feature","id":"way/423083291","properties":{"building":"yes","id":"way/423083291"},"geometry":{"type":"Polygon","coordinates":[[[121.655216,38.9166198],[121.6552432,38.9164818],[121.6559723,38.9165687],[121.6559451,38.9167068],[121.655216,38.9166198]]]}},{"type":"Feature","id":"way/423083294","properties":{"building":"yes","id":"way/423083294"},"geometry":{"type":"Polygon","coordinates":[[[121.6528129,38.9224368],[121.6533186,38.9220889],[121.6534168,38.9221754],[121.6529112,38.9225232],[121.6528129,38.9224368]]]}},{"type":"Feature","id":"way/423083298","properties":{"building":"yes","id":"way/423083298"},"geometry":{"type":"Polygon","coordinates":[[[121.6479164,38.9190889],[121.6483262,38.9190226],[121.648393,38.9192727],[121.6479832,38.9193389],[121.6479164,38.9190889]]]}},{"type":"Feature","id":"way/423083299","properties":{"building":"yes","id":"way/423083299"},"geometry":{"type":"Polygon","coordinates":[[[121.6372779,38.9173421],[121.6375631,38.9173916],[121.6375337,38.9174942],[121.6372484,38.9174447],[121.6372779,38.9173421]]]}},{"type":"Feature","id":"way/423083304","properties":{"building":"yes","id":"way/423083304"},"geometry":{"type":"Polygon","coordinates":[[[121.655192,38.9199854],[121.6552108,38.9198861],[121.6554448,38.9199129],[121.655426,38.9200122],[121.655192,38.9199854]]]}},{"type":"Feature","id":"way/423083307","properties":{"building":"yes","id":"way/423083307"},"geometry":{"type":"Polygon","coordinates":[[[121.6455925,38.9165079],[121.6454737,38.9165206],[121.6454355,38.9163047],[121.6455543,38.9162919],[121.6455925,38.9165079]]]}},{"type":"Feature","id":"way/423083309","properties":{"building":"yes","id":"way/423083309"},"geometry":{"type":"Polygon","coordinates":[[[121.6486349,38.9208374],[121.6490926,38.9209678],[121.6490388,38.9210821],[121.6485811,38.9209517],[121.6486349,38.9208374]]]}},{"type":"Feature","id":"way/423083316","properties":{"building":"yes","id":"way/423083316"},"geometry":{"type":"Polygon","coordinates":[[[121.6490953,38.9167337],[121.6495956,38.9167482],[121.6495891,38.916883],[121.6490888,38.9168685],[121.6490953,38.9167337]]]}},{"type":"Feature","id":"way/423083317","properties":{"building":"yes","id":"way/423083317"},"geometry":{"type":"Polygon","coordinates":[[[121.6530764,38.9220185],[121.6529638,38.9219176],[121.6533071,38.9216857],[121.6534197,38.9217867],[121.6530764,38.9220185]]]}},{"type":"Feature","id":"way/423083318","properties":{"building":"yes","id":"way/423083318"},"geometry":{"type":"Polygon","coordinates":[[[121.6362567,38.9161176],[121.6367151,38.9161909],[121.6366204,38.9165492],[121.636162,38.9164759],[121.6362567,38.9161176]]]}},{"type":"Feature","id":"way/423083320","properties":{"building":"yes","id":"way/423083320"},"geometry":{"type":"Polygon","coordinates":[[[121.6285348,38.9284323],[121.6289149,38.9285252],[121.6288733,38.9286283],[121.6284931,38.9285354],[121.6285348,38.9284323]]]}},{"type":"Feature","id":"way/423083330","properties":{"building":"yes","id":"way/423083330"},"geometry":{"type":"Polygon","coordinates":[[[121.6419342,38.9223582],[121.642478,38.9225228],[121.6423631,38.9227525],[121.6421882,38.9226996],[121.6422164,38.9226433],[121.642281,38.9226628],[121.6422965,38.9226319],[121.6419463,38.922526],[121.6419259,38.9225666],[121.6419802,38.922583],[121.6419528,38.9226378],[121.6418879,38.9226181],[121.6418152,38.9225961],[121.6419342,38.9223582]]]}},{"type":"Feature","id":"way/423083332","properties":{"building":"yes","id":"way/423083332"},"geometry":{"type":"Polygon","coordinates":[[[121.6584692,38.9171892],[121.6588684,38.9172285],[121.6588455,38.917369],[121.6584464,38.9173297],[121.6584692,38.9171892]]]}},{"type":"Feature","id":"way/423083338","properties":{"building":"yes","id":"way/423083338"},"geometry":{"type":"Polygon","coordinates":[[[121.6369426,38.9309063],[121.6372179,38.9309025],[121.6372203,38.9310049],[121.6369449,38.9310087],[121.6369426,38.9309063]]]}},{"type":"Feature","id":"way/423083344","properties":{"building":"yes","id":"way/423083344"},"geometry":{"type":"Polygon","coordinates":[[[121.662766,38.9188826],[121.6634631,38.9187904],[121.6634886,38.9189071],[121.6627915,38.9189994],[121.662766,38.9188826]]]}},{"type":"Feature","id":"way/423083348","properties":{"building":"yes","id":"way/423083348"},"geometry":{"type":"Polygon","coordinates":[[[121.6525761,38.9215113],[121.652515,38.9214247],[121.6529754,38.9212281],[121.6530365,38.9213146],[121.6525761,38.9215113]]]}},{"type":"Feature","id":"way/423083352","properties":{"building":"yes","id":"way/423083352"},"geometry":{"type":"Polygon","coordinates":[[[121.653252,38.9228943],[121.6532087,38.9227834],[121.653568,38.9226985],[121.6536113,38.9228094],[121.653252,38.9228943]]]}},{"type":"Feature","id":"way/423083354","properties":{"building":"yes","id":"way/423083354"},"geometry":{"type":"Polygon","coordinates":[[[121.6406282,38.9302626],[121.6408889,38.9301849],[121.6409416,38.9302918],[121.6406808,38.9303695],[121.6406282,38.9302626]]]}},{"type":"Feature","id":"way/423083360","properties":{"building":"yes","id":"way/423083360"},"geometry":{"type":"Polygon","coordinates":[[[121.6536751,38.9203871],[121.6537183,38.9201591],[121.6538109,38.9201697],[121.6537677,38.9203977],[121.6536751,38.9203871]]]}},{"type":"Feature","id":"way/423083362","properties":{"building":"yes","id":"way/423083362"},"geometry":{"type":"Polygon","coordinates":[[[121.6536778,38.9198467],[121.6536972,38.9197442],[121.6542127,38.9198032],[121.6541933,38.9199057],[121.6536778,38.9198467]]]}},{"type":"Feature","id":"way/423083374","properties":{"building":"yes","id":"way/423083374"},"geometry":{"type":"Polygon","coordinates":[[[121.6360843,38.925136],[121.6360893,38.9248356],[121.636214,38.9248369],[121.6362091,38.9251373],[121.6360843,38.925136]]]}},{"type":"Feature","id":"way/423083380","properties":{"building":"yes","id":"way/423083380"},"geometry":{"type":"Polygon","coordinates":[[[121.6291392,38.9263548],[121.6292407,38.9261206],[121.6293304,38.9261441],[121.6292623,38.9263014],[121.6293296,38.9263191],[121.6292963,38.9263961],[121.6291392,38.9263548]]]}},{"type":"Feature","id":"way/423083386","properties":{"building":"yes","id":"way/423083386"},"geometry":{"type":"Polygon","coordinates":[[[121.6614987,38.9207645],[121.6619051,38.9207074],[121.6619349,38.920836],[121.6615285,38.9208931],[121.6614987,38.9207645]]]}},{"type":"Feature","id":"way/423083389","properties":{"building":"apartments","name":"鼎森中心-北塔","id":"way/423083389"},"geometry":{"type":"Polygon","coordinates":[[[121.6434072,38.9233032],[121.6435484,38.9230308],[121.6435589,38.9230341],[121.6440175,38.9231781],[121.6438763,38.9234504],[121.6434072,38.9233032]]]}},{"type":"Feature","id":"way/423083391","properties":{"building":"yes","id":"way/423083391"},"geometry":{"type":"Polygon","coordinates":[[[121.6457742,38.920739],[121.645999,38.9208043],[121.6459479,38.9209111],[121.645723,38.9208459],[121.6457742,38.920739]]]}},{"type":"Feature","id":"way/423083397","properties":{"building":"yes","id":"way/423083397"},"geometry":{"type":"Polygon","coordinates":[[[121.6477541,38.916098],[121.6480362,38.9160835],[121.6480467,38.9162083],[121.6477647,38.9162228],[121.6477541,38.916098]]]}},{"type":"Feature","id":"way/423083398","properties":{"building":"yes","id":"way/423083398"},"geometry":{"type":"Polygon","coordinates":[[[121.6326216,38.9275043],[121.6327212,38.9273473],[121.632874,38.927406],[121.6327744,38.927563],[121.6326216,38.9275043]]]}},{"type":"Feature","id":"way/423083399","properties":{"building":"yes","id":"way/423083399"},"geometry":{"type":"Polygon","coordinates":[[[121.6374138,38.9314077],[121.6373285,38.9308408],[121.6376542,38.9308112],[121.6377395,38.931378],[121.6374138,38.9314077]]]}},{"type":"Feature","id":"way/423083400","properties":{"building":"yes","id":"way/423083400"},"geometry":{"type":"Polygon","coordinates":[[[121.6305903,38.9346464],[121.6307926,38.9344967],[121.6309054,38.9345888],[121.6307031,38.9347386],[121.6305903,38.9346464]]]}},{"type":"Feature","id":"way/423083403","properties":{"building":"yes","id":"way/423083403"},"geometry":{"type":"Polygon","coordinates":[[[121.6450264,38.9208778],[121.64521,38.9205465],[121.6453338,38.920588],[121.6451502,38.9209193],[121.6450264,38.9208778]]]}},{"type":"Feature","id":"way/423083404","properties":{"building":"yes","id":"way/423083404"},"geometry":{"type":"Polygon","coordinates":[[[121.6643321,38.9220742],[121.6642633,38.9219422],[121.6646669,38.9218148],[121.6647357,38.9219468],[121.6643321,38.9220742]]]}},{"type":"Feature","id":"way/423083405","properties":{"building":"yes","id":"way/423083405"},"geometry":{"type":"Polygon","coordinates":[[[121.6317048,38.9274675],[121.6320287,38.9275818],[121.6319829,38.9276603],[121.631659,38.927546],[121.6317048,38.9274675]]]}},{"type":"Feature","id":"way/423083408","properties":{"building":"yes","id":"way/423083408"},"geometry":{"type":"Polygon","coordinates":[[[121.6292598,38.933073],[121.6294791,38.9327166],[121.6295905,38.9327581],[121.6293711,38.9331145],[121.6292598,38.933073]]]}},{"type":"Feature","id":"way/423083418","properties":{"building":"yes","id":"way/423083418"},"geometry":{"type":"Polygon","coordinates":[[[121.6461015,38.9216459],[121.6464927,38.9217639],[121.6464245,38.9219008],[121.6460333,38.9217828],[121.6461015,38.9216459]]]}},{"type":"Feature","id":"way/423083419","properties":{"building":"yes","id":"way/423083419"},"geometry":{"type":"Polygon","coordinates":[[[121.6634575,38.9177594],[121.6634347,38.9176664],[121.6639385,38.9175917],[121.6639613,38.9176847],[121.6634575,38.9177594]]]}},{"type":"Feature","id":"way/423083426","properties":{"building":"yes","id":"way/423083426"},"geometry":{"type":"Polygon","coordinates":[[[121.6474001,38.9215123],[121.6474472,38.9214127],[121.647629,38.9214647],[121.6475819,38.9215643],[121.6474001,38.9215123]]]}},{"type":"Feature","id":"way/423083429","properties":{"building":"yes","id":"way/423083429"},"geometry":{"type":"Polygon","coordinates":[[[121.630488,38.930748],[121.6307219,38.9303953],[121.6308805,38.930459],[121.6306465,38.9308116],[121.630488,38.930748]]]}},{"type":"Feature","id":"way/423083433","properties":{"building":"yes","id":"way/423083433"},"geometry":{"type":"Polygon","coordinates":[[[121.6534835,38.9208053],[121.6535075,38.920673],[121.6540557,38.9207331],[121.6540317,38.9208653],[121.6534835,38.9208053]]]}},{"type":"Feature","id":"way/423083437","properties":{"building":"yes","id":"way/423083437"},"geometry":{"type":"Polygon","coordinates":[[[121.6473389,38.9161312],[121.6476104,38.9161167],[121.647622,38.9162487],[121.6473506,38.9162632],[121.6473389,38.9161312]]]}},{"type":"Feature","id":"way/423083438","properties":{"building":"yes","id":"way/423083438"},"geometry":{"type":"Polygon","coordinates":[[[121.6563057,38.9162285],[121.656625,38.9162616],[121.6566043,38.9163826],[121.656285,38.9163495],[121.6563057,38.9162285]]]}},{"type":"Feature","id":"way/423083439","properties":{"building":"yes","id":"way/423083439"},"geometry":{"type":"Polygon","coordinates":[[[121.6448667,38.9179246],[121.6447827,38.9175264],[121.6448877,38.9175129],[121.6449718,38.9179112],[121.6448667,38.9179246]]]}},{"type":"Feature","id":"way/423083442","properties":{"building":"yes","id":"way/423083442"},"geometry":{"type":"Polygon","coordinates":[[[121.652608,38.9247183],[121.6526764,38.9245813],[121.6533683,38.9247904],[121.6532999,38.9249274],[121.652608,38.9247183]]]}},{"type":"Feature","id":"way/423083445","properties":{"building":"yes","id":"way/423083445"},"geometry":{"type":"Polygon","coordinates":[[[121.6305648,38.9277574],[121.6304185,38.9274711],[121.6305515,38.92743],[121.6306977,38.9277163],[121.6305648,38.9277574]]]}},{"type":"Feature","id":"way/423083450","properties":{"building":"yes","id":"way/423083450"},"geometry":{"type":"Polygon","coordinates":[[[121.6458034,38.9213591],[121.6458766,38.9212173],[121.6460046,38.9212573],[121.6459314,38.9213991],[121.6458034,38.9213591]]]}},{"type":"Feature","id":"way/423083456","properties":{"building":"yes","id":"way/423083456"},"geometry":{"type":"Polygon","coordinates":[[[121.6491592,38.9160939],[121.6494599,38.9161042],[121.6494533,38.9162202],[121.6491526,38.9162098],[121.6491592,38.9160939]]]}},{"type":"Feature","id":"way/423083462","properties":{"building":"yes","id":"way/423083462"},"geometry":{"type":"Polygon","coordinates":[[[121.6371994,38.9305508],[121.6376722,38.9305262],[121.6376857,38.9306833],[121.6372129,38.9307079],[121.6371994,38.9305508]]]}},{"type":"Feature","id":"way/423083465","properties":{"building":"yes","id":"way/423083465"},"geometry":{"type":"Polygon","coordinates":[[[121.6299348,38.9323356],[121.6303272,38.9324797],[121.6302549,38.9325988],[121.6298625,38.9324547],[121.6299348,38.9323356]]]}},{"type":"Feature","id":"way/423083479","properties":{"building":"yes","id":"way/423083479"},"geometry":{"type":"Polygon","coordinates":[[[121.6537497,38.9187814],[121.6537747,38.9186653],[121.6543056,38.9187346],[121.6542806,38.9188508],[121.6537497,38.9187814]]]}},{"type":"Feature","id":"way/423083482","properties":{"building":"yes","id":"way/423083482"},"geometry":{"type":"Polygon","coordinates":[[[121.6450663,38.9218115],[121.6451488,38.9216583],[121.6452604,38.9216947],[121.6451779,38.9218479],[121.6450663,38.9218115]]]}},{"type":"Feature","id":"way/423083483","properties":{"building":"yes","id":"way/423083483"},"geometry":{"type":"Polygon","coordinates":[[[121.6631837,38.9195721],[121.6631385,38.9193723],[121.6632955,38.9193508],[121.6633407,38.9195507],[121.6631837,38.9195721]]]}},{"type":"Feature","id":"way/423083486","properties":{"building":"yes","id":"way/423083486"},"geometry":{"type":"Polygon","coordinates":[[[121.6484273,38.9165598],[121.6488026,38.916566],[121.6487988,38.9167025],[121.6484236,38.9166963],[121.6484273,38.9165598]]]}},{"type":"Feature","id":"way/423083487","properties":{"building":"yes","id":"way/423083487"},"geometry":{"type":"Polygon","coordinates":[[[121.6291576,38.9282814],[121.6292373,38.928108],[121.6294551,38.9281685],[121.6293754,38.928342],[121.6291576,38.9282814]]]}},{"type":"Feature","id":"way/423083490","properties":{"building":"yes","id":"way/423083490"},"geometry":{"type":"Polygon","coordinates":[[[121.6342757,38.9258008],[121.6339693,38.9255953],[121.6340199,38.9255496],[121.6343264,38.9257551],[121.6342757,38.9258008]]]}},{"type":"Feature","id":"way/423083503","properties":{"building":"yes","id":"way/423083503"},"geometry":{"type":"Polygon","coordinates":[[[121.654093,38.9197639],[121.6541357,38.9195381],[121.6542633,38.9195527],[121.6542206,38.9197785],[121.654093,38.9197639]]]}},{"type":"Feature","id":"way/423083508","properties":{"building":"yes","id":"way/423083508"},"geometry":{"type":"Polygon","coordinates":[[[121.6287392,38.9273841],[121.6288932,38.9273363],[121.6288598,38.9272714],[121.6289576,38.927241],[121.6289868,38.9272979],[121.6292296,38.9272225],[121.6293042,38.9273678],[121.6288097,38.9275214],[121.6287392,38.9273841]]]}},{"type":"Feature","id":"way/423083515","properties":{"building":"yes","id":"way/423083515"},"geometry":{"type":"Polygon","coordinates":[[[121.6491192,38.9169594],[121.6495716,38.9169697],[121.6495655,38.9171318],[121.6491131,38.9171214],[121.6491192,38.9169594]]]}},{"type":"Feature","id":"way/423083517","properties":{"building":"yes","id":"way/423083517"},"geometry":{"type":"Polygon","coordinates":[[[121.6534436,38.920944],[121.6544256,38.9210765],[121.6543294,38.9215081],[121.6535999,38.9214097],[121.6534436,38.920944]]]}},{"type":"Feature","id":"way/423083518","properties":{"building":"yes","id":"way/423083518"},"geometry":{"type":"Polygon","coordinates":[[[121.6523579,38.9218074],[121.6522113,38.9218749],[121.6520569,38.921672],[121.6522035,38.9216045],[121.6523579,38.9218074]]]}},{"type":"Feature","id":"way/423083519","properties":{"building":"yes","id":"way/423083519"},"geometry":{"type":"Polygon","coordinates":[[[121.648438,38.9163009],[121.6487999,38.9163072],[121.6487963,38.9164358],[121.6484343,38.9164296],[121.648438,38.9163009]]]}},{"type":"Feature","id":"way/423083525","properties":{"building":"yes","id":"way/423083525"},"geometry":{"type":"Polygon","coordinates":[[[121.6564867,38.9172927],[121.6568539,38.9173341],[121.6568256,38.917486],[121.6564584,38.9174446],[121.6564867,38.9172927]]]}},{"type":"Feature","id":"way/423083532","properties":{"building":"yes","id":"way/423083532"},"geometry":{"type":"Polygon","coordinates":[[[121.6589536,38.9172513],[121.6592277,38.9172803],[121.6592032,38.9174205],[121.6589291,38.9173915],[121.6589536,38.9172513]]]}},{"type":"Feature","id":"way/423083543","properties":{"building":"yes","id":"way/423083543"},"geometry":{"type":"Polygon","coordinates":[[[121.6319963,38.9270895],[121.6320984,38.9269345],[121.6322562,38.9269974],[121.6321541,38.9271524],[121.6319963,38.9270895]]]}},{"type":"Feature","id":"way/423083544","properties":{"building":"yes","id":"way/423083544"},"geometry":{"type":"Polygon","coordinates":[[[121.6383131,38.9299442],[121.6383032,38.9298345],[121.6387224,38.9298117],[121.6387322,38.9299214],[121.6383131,38.9299442]]]}},{"type":"Feature","id":"way/423083548","properties":{"building":"yes","id":"way/423083548"},"geometry":{"type":"Polygon","coordinates":[[[121.6286883,38.9294238],[121.6287833,38.9292133],[121.6290105,38.9292754],[121.6289155,38.9294859],[121.6286883,38.9294238]]]}},{"type":"Feature","id":"way/423083551","properties":{"building":"yes","id":"way/423083551"},"geometry":{"type":"Polygon","coordinates":[[[121.6285335,38.9317043],[121.6286004,38.9315855],[121.6289513,38.9317049],[121.6288845,38.9318238],[121.6285335,38.9317043]]]}},{"type":"Feature","id":"way/423083552","properties":{"building":"yes","id":"way/423083552"},"geometry":{"type":"Polygon","coordinates":[[[121.6395391,38.9235527],[121.6394646,38.9236913],[121.6393182,38.9236436],[121.6393927,38.9235051],[121.6395391,38.9235527]]]}},{"type":"Feature","id":"way/423083554","properties":{"building":"yes","id":"way/423083554"},"geometry":{"type":"Polygon","coordinates":[[[121.6474454,38.916597],[121.6478179,38.916597],[121.6478179,38.9167275],[121.6474454,38.9167275],[121.6474454,38.916597]]]}},{"type":"Feature","id":"way/423083555","properties":{"building":"yes","id":"way/423083555"},"geometry":{"type":"Polygon","coordinates":[[[121.6528741,38.9217763],[121.6527988,38.9216667],[121.6532565,38.9214762],[121.6533319,38.9215858],[121.6528741,38.9217763]]]}},{"type":"Feature","id":"way/423083565","properties":{"building":"yes","id":"way/423083565"},"geometry":{"type":"Polygon","coordinates":[[[121.6538801,38.9203891],[121.6539476,38.9200321],[121.6540823,38.9200475],[121.6540148,38.9204046],[121.6538801,38.9203891]]]}},{"type":"Feature","id":"way/423083572","properties":{"building":"yes","id":"way/423083572"},"geometry":{"type":"Polygon","coordinates":[[[121.6519401,38.9213219],[121.6518738,38.921229],[121.6524007,38.9210013],[121.652467,38.9210941],[121.6519401,38.9213219]]]}},{"type":"Feature","id":"way/423083581","properties":{"building":"yes","id":"way/423083581"},"geometry":{"type":"Polygon","coordinates":[[[121.6288101,38.9278275],[121.6292244,38.9276853],[121.6292741,38.9277729],[121.6288598,38.9279151],[121.6288101,38.9278275]]]}},{"type":"Feature","id":"way/423083588","properties":{"building":"yes","id":"way/423083588"},"geometry":{"type":"Polygon","coordinates":[[[121.6583841,38.9176841],[121.6587699,38.9177193],[121.6587474,38.9178688],[121.6583615,38.9178336],[121.6583841,38.9176841]]]}},{"type":"Feature","id":"way/423083589","properties":{"building":"yes","id":"way/423083589"},"geometry":{"type":"Polygon","coordinates":[[[121.6453098,38.9212204],[121.6456877,38.9205185],[121.6458105,38.9205586],[121.6454326,38.9212604],[121.6453098,38.9212204]]]}},{"type":"Feature","id":"way/423083595","properties":{"building":"yes","id":"way/423083595"},"geometry":{"type":"Polygon","coordinates":[[[121.6327412,38.9273318],[121.6328881,38.9270992],[121.6330301,38.9271536],[121.6328832,38.9273861],[121.6327412,38.9273318]]]}},{"type":"Feature","id":"way/423083597","properties":{"building":"yes","id":"way/423083597"},"geometry":{"type":"Polygon","coordinates":[[[121.6296265,38.9305006],[121.6300262,38.9306446],[121.6299638,38.9307493],[121.6295642,38.9306052],[121.6296265,38.9305006]]]}},{"type":"Feature","id":"way/423083598","properties":{"building":"yes","id":"way/423083598"},"geometry":{"type":"Polygon","coordinates":[[[121.6301493,38.9340284],[121.6303125,38.9337763],[121.6304186,38.9338179],[121.6302554,38.93407],[121.6301493,38.9340284]]]}},{"type":"Feature","id":"way/423083599","properties":{"building":"yes","id":"way/423083599"},"geometry":{"type":"Polygon","coordinates":[[[121.6300798,38.9308228],[121.6299859,38.9307901],[121.6301248,38.9305493],[121.6302187,38.9305821],[121.6300798,38.9308228]]]}},{"type":"Feature","id":"way/423083602","properties":{"building":"yes","id":"way/423083602"},"geometry":{"type":"Polygon","coordinates":[[[121.6298008,38.9322389],[121.6299445,38.9320209],[121.6301181,38.9320902],[121.6299743,38.9323082],[121.6298008,38.9322389]]]}},{"type":"Feature","id":"way/423083604","properties":{"building":"yes","id":"way/423083604"},"geometry":{"type":"Polygon","coordinates":[[[121.6648235,38.9180251],[121.6651199,38.917979],[121.6651615,38.9181412],[121.6648652,38.9181873],[121.6648235,38.9180251]]]}},{"type":"Feature","id":"way/423083605","properties":{"building":"yes","id":"way/423083605"},"geometry":{"type":"Polygon","coordinates":[[[121.6297321,38.9260234],[121.6297668,38.9259377],[121.6297279,38.9259282],[121.629758,38.9258536],[121.6299525,38.9259012],[121.629917,38.925989],[121.6298966,38.925984],[121.6298672,38.9260565],[121.6297321,38.9260234]]]}},{"type":"Feature","id":"way/423083610","properties":{"building":"yes","id":"way/423083610"},"geometry":{"type":"Polygon","coordinates":[[[121.63969,38.9304086],[121.6400896,38.9302835],[121.6401508,38.9304017],[121.6397511,38.9305268],[121.63969,38.9304086]]]}},{"type":"Feature","id":"way/423083612","properties":{"building":"yes","id":"way/423083612"},"geometry":{"type":"Polygon","coordinates":[[[121.6635125,38.9179406],[121.6638103,38.9178988],[121.66384,38.9180273],[121.6635422,38.918069],[121.6635125,38.9179406]]]}},{"type":"Feature","id":"way/423083615","properties":{"building":"yes","id":"way/423083615"},"geometry":{"type":"Polygon","coordinates":[[[121.6537656,38.9238508],[121.6536417,38.9238742],[121.6535752,38.923661],[121.6536991,38.9236376],[121.6537656,38.9238508]]]}},{"type":"Feature","id":"way/423083623","properties":{"building":"yes","id":"way/423083623"},"geometry":{"type":"Polygon","coordinates":[[[121.6415307,38.9164782],[121.6413891,38.9164706],[121.641407,38.9162704],[121.6415485,38.9162781],[121.6415307,38.9164782]]]}},{"type":"Feature","id":"way/423083625","properties":{"building":"yes","id":"way/423083625"},"geometry":{"type":"Polygon","coordinates":[[[121.6309096,38.9304712],[121.6312483,38.9305925],[121.6311626,38.9307373],[121.6308239,38.9306159],[121.6309096,38.9304712]]]}},{"type":"Feature","id":"way/423083636","properties":{"building":"yes","id":"way/423083636"},"geometry":{"type":"Polygon","coordinates":[[[121.6562498,38.9165639],[121.6566117,38.9166032],[121.6565917,38.9167147],[121.6562298,38.9166753],[121.6562498,38.9165639]]]}},{"type":"Feature","id":"way/423083642","properties":{"building":"yes","id":"way/423083642"},"geometry":{"type":"Polygon","coordinates":[[[121.6336118,38.9286787],[121.6335047,38.9282233],[121.6336905,38.9281968],[121.6337976,38.9286522],[121.6336118,38.9286787]]]}},{"type":"Feature","id":"way/423083644","properties":{"building":"yes","id":"way/423083644"},"geometry":{"type":"Polygon","coordinates":[[[121.6302626,38.9272853],[121.6304795,38.9272057],[121.6305539,38.9273284],[121.630337,38.9274081],[121.6302626,38.9272853]]]}},{"type":"Feature","id":"way/423083649","properties":{"building":"yes","id":"way/423083649"},"geometry":{"type":"Polygon","coordinates":[[[121.645862,38.9211676],[121.646031,38.9208239],[121.6461794,38.9208681],[121.6460105,38.9212118],[121.645862,38.9211676]]]}},{"type":"Feature","id":"way/423083654","properties":{"building":"yes","id":"way/423083654"},"geometry":{"type":"Polygon","coordinates":[[[121.6495104,38.9161042],[121.6497579,38.9161063],[121.6497562,38.9162305],[121.6495087,38.9162284],[121.6495104,38.9161042]]]}},{"type":"Feature","id":"way/423083659","properties":{"building":"yes","id":"way/423083659"},"geometry":{"type":"Polygon","coordinates":[[[121.6377501,38.9305508],[121.6380889,38.9305299],[121.6381004,38.9306431],[121.6377617,38.930664],[121.6377501,38.9305508]]]}},{"type":"Feature","id":"way/423083660","properties":{"building":"yes","id":"way/423083660"},"geometry":{"type":"Polygon","coordinates":[[[121.6288638,38.9297328],[121.6294072,38.929875],[121.6293615,38.9299807],[121.628818,38.9298385],[121.6288638,38.9297328]]]}},{"type":"Feature","id":"way/423083663","properties":{"building":"yes","id":"way/423083663"},"geometry":{"type":"Polygon","coordinates":[[[121.6568566,38.9181893],[121.6572717,38.9182348],[121.6572446,38.9183844],[121.6568294,38.9183389],[121.6568566,38.9181893]]]}},{"type":"Feature","id":"way/423083664","properties":{"building":"yes","id":"way/423083664"},"geometry":{"type":"Polygon","coordinates":[[[121.6296862,38.9325517],[121.6301663,38.9327337],[121.6301032,38.9328344],[121.6296231,38.9326524],[121.6296862,38.9325517]]]}},{"type":"Feature","id":"way/423083665","properties":{"building":"yes","id":"way/423083665"},"geometry":{"type":"Polygon","coordinates":[[[121.6561327,38.918856],[121.6566437,38.9189119],[121.6566203,38.9190412],[121.6561094,38.9189853],[121.6561327,38.918856]]]}},{"type":"Feature","id":"way/423083675","properties":{"building":"yes","id":"way/423083675"},"geometry":{"type":"Polygon","coordinates":[[[121.6289283,38.9318939],[121.6289884,38.9318042],[121.6291054,38.9318516],[121.6290453,38.9319413],[121.6289283,38.9318939]]]}},{"type":"Feature","id":"way/423083682","properties":{"building":"yes","id":"way/423083682"},"geometry":{"type":"Polygon","coordinates":[[[121.6473735,38.9163444],[121.647778,38.9163444],[121.647778,38.9164873],[121.6473735,38.9164873],[121.6473735,38.9163444]]]}},{"type":"Feature","id":"way/423083684","properties":{"building":"yes","id":"way/423083684"},"geometry":{"type":"Polygon","coordinates":[[[121.6295089,38.9287833],[121.6296509,38.92845],[121.629855,38.9285026],[121.629713,38.928836],[121.6295089,38.9287833]]]}},{"type":"Feature","id":"way/423083688","properties":{"building":"yes","id":"way/423083688"},"geometry":{"type":"Polygon","coordinates":[[[121.6347649,38.9313716],[121.6349354,38.9308636],[121.6350343,38.9308837],[121.6348638,38.9313917],[121.6347649,38.9313716]]]}},{"type":"Feature","id":"way/423083702","properties":{"building":"yes","id":"way/423083702"},"geometry":{"type":"Polygon","coordinates":[[[121.630845,38.9268403],[121.6307695,38.9267152],[121.6309028,38.9266664],[121.6309784,38.9267915],[121.630845,38.9268403]]]}},{"type":"Feature","id":"way/423083706","properties":{"building":"yes","id":"way/423083706"},"geometry":{"type":"Polygon","coordinates":[[[121.6342105,38.9361193],[121.6339473,38.9358805],[121.6341419,38.9357507],[121.6344051,38.9359895],[121.6342105,38.9361193]]]}},{"type":"Feature","id":"way/423083708","properties":{"building":"yes","id":"way/423083708"},"geometry":{"type":"Polygon","coordinates":[[[121.6567315,38.9162699],[121.6570748,38.9163051],[121.6570503,38.9164498],[121.656707,38.9164146],[121.6567315,38.9162699]]]}},{"type":"Feature","id":"way/423083713","properties":{"building":"yes","id":"way/423083713"},"geometry":{"type":"Polygon","coordinates":[[[121.6324821,38.9281235],[121.6328695,38.9282659],[121.6328014,38.9283779],[121.632414,38.9282355],[121.6324821,38.9281235]]]}},{"type":"Feature","id":"way/423083720","properties":{"building":"yes","id":"way/423083720"},"geometry":{"type":"Polygon","coordinates":[[[121.6480707,38.9220092],[121.6481222,38.9219083],[121.6484708,38.922016],[121.6484194,38.9221169],[121.6480707,38.9220092]]]}},{"type":"Feature","id":"way/423083732","properties":{"building":"yes","id":"way/423083732"},"geometry":{"type":"Polygon","coordinates":[[[121.6567421,38.9189181],[121.657144,38.9189657],[121.6571195,38.9190906],[121.6567177,38.919043],[121.6567421,38.9189181]]]}},{"type":"Feature","id":"way/423083744","properties":{"building":"yes","id":"way/423083744"},"geometry":{"type":"Polygon","coordinates":[[[121.6325493,38.9264267],[121.6327611,38.9265527],[121.6326533,38.9266623],[121.6324416,38.9265364],[121.6325493,38.9264267]]]}},{"type":"Feature","id":"way/423083748","properties":{"building":"yes","id":"way/423083748"},"geometry":{"type":"Polygon","coordinates":[[[121.6302626,38.9305385],[121.630171,38.9305062],[121.6303221,38.9302465],[121.6304137,38.9302788],[121.6302626,38.9305385]]]}},{"type":"Feature","id":"way/423083753","properties":{"building":"yes","id":"way/423083753"},"geometry":{"type":"Polygon","coordinates":[[[121.6479111,38.9167772],[121.648265,38.9167565],[121.6482792,38.916903],[121.6479252,38.9169237],[121.6479111,38.9167772]]]}},{"type":"Feature","id":"way/423083754","properties":{"building":"yes","id":"way/423083754"},"geometry":{"type":"Polygon","coordinates":[[[121.6290169,38.9285915],[121.6290766,38.9284607],[121.6292905,38.9285198],[121.6292307,38.9286506],[121.6290169,38.9285915]]]}},{"type":"Feature","id":"way/423083767","properties":{"building":"yes","id":"way/423083767"},"geometry":{"type":"Polygon","coordinates":[[[121.6666905,38.9191341],[121.6671308,38.9190923],[121.6671535,38.9192372],[121.6667132,38.9192789],[121.6666905,38.9191341]]]}},{"type":"Feature","id":"way/423083776","properties":{"building":"yes","id":"way/423083776"},"geometry":{"type":"Polygon","coordinates":[[[121.6501065,38.9208788],[121.6498316,38.9208002],[121.6501358,38.9201562],[121.6504107,38.9202348],[121.6501065,38.9208788]]]}},{"type":"Feature","id":"way/423083780","properties":{"building":"yes","id":"way/423083780"},"geometry":{"type":"Polygon","coordinates":[[[121.6548301,38.9199606],[121.6548524,38.9198428],[121.6551574,38.9198777],[121.6551351,38.9199955],[121.6548301,38.9199606]]]}},{"type":"Feature","id":"way/423083781","properties":{"building":"yes","id":"way/423083781"},"geometry":{"type":"Polygon","coordinates":[[[121.6353266,38.9346862],[121.6380706,38.9338787],[121.6385615,38.9348881],[121.6358175,38.9356956],[121.6353266,38.9346862]]]}},{"type":"Feature","id":"way/423083785","properties":{"building":"yes","id":"way/423083785"},"geometry":{"type":"Polygon","coordinates":[[[121.6331638,38.9315878],[121.6335025,38.9313015],[121.6336954,38.9314396],[121.6333566,38.9317259],[121.6331638,38.9315878]]]}},{"type":"Feature","id":"way/423083793","properties":{"building":"yes","id":"way/423083793"},"geometry":{"type":"Polygon","coordinates":[[[121.6286712,38.9281631],[121.6290368,38.9282598],[121.6289866,38.9283746],[121.628621,38.928278],[121.6286712,38.9281631]]]}},{"type":"Feature","id":"way/423083798","properties":{"building":"yes","id":"way/423083798"},"geometry":{"type":"Polygon","coordinates":[[[121.6521029,38.9255898],[121.6523424,38.9251179],[121.6526795,38.9252165],[121.6524973,38.9256094],[121.6521029,38.9255898]]]}},{"type":"Feature","id":"way/423083806","properties":{"building":"yes","id":"way/423083806"},"geometry":{"type":"Polygon","coordinates":[[[121.6470994,38.9280224],[121.6475625,38.9278692],[121.6476128,38.9279613],[121.6471497,38.9281145],[121.6470994,38.9280224]]]}},{"type":"Feature","id":"way/423083807","properties":{"building":"yes","id":"way/423083807"},"geometry":{"type":"Polygon","coordinates":[[[121.6319216,38.9266864],[121.6321981,38.9265895],[121.6322981,38.9267623],[121.6320216,38.9268592],[121.6319216,38.9266864]]]}},{"type":"Feature","id":"way/423083808","properties":{"building":"yes","id":"way/423083808"},"geometry":{"type":"Polygon","coordinates":[[[121.6296022,38.9299337],[121.6298922,38.9300323],[121.6298404,38.9301245],[121.6295504,38.9300259],[121.6296022,38.9299337]]]}},{"type":"Feature","id":"way/423083810","properties":{"building":"yes","id":"way/423083810"},"geometry":{"type":"Polygon","coordinates":[[[121.6297764,38.9340265],[121.6298367,38.9339311],[121.6302534,38.9340903],[121.6301931,38.9341858],[121.6297764,38.9340265]]]}},{"type":"Feature","id":"way/423083812","properties":{"building":"yes","id":"way/423083812"},"geometry":{"type":"Polygon","coordinates":[[[121.6298459,38.9303641],[121.6301139,38.9304626],[121.6300457,38.9305748],[121.6297777,38.9304763],[121.6298459,38.9303641]]]}},{"type":"Feature","id":"way/423083815","properties":{"building":"yes","id":"way/423083815"},"geometry":{"type":"Polygon","coordinates":[[[121.6306561,38.9324133],[121.6307103,38.9323229],[121.6312074,38.932503],[121.6311533,38.9325934],[121.6306561,38.9324133]]]}},{"type":"Feature","id":"way/423083821","properties":{"building":"yes","id":"way/423083821"},"geometry":{"type":"Polygon","coordinates":[[[121.6642816,38.9181239],[121.6646626,38.918069],[121.664695,38.9182051],[121.664314,38.91826],[121.6642816,38.9181239]]]}},{"type":"Feature","id":"way/423083827","properties":{"building":"yes","id":"way/423083827"},"geometry":{"type":"Polygon","coordinates":[[[121.6668627,38.9184731],[121.6668559,38.9183845],[121.667141,38.9183713],[121.6671478,38.9184599],[121.6668627,38.9184731]]]}},{"type":"Feature","id":"way/423083833","properties":{"building":"yes","id":"way/423083833"},"geometry":{"type":"Polygon","coordinates":[[[121.656963,38.9243197],[121.6568135,38.9242879],[121.6568827,38.9240912],[121.6570322,38.9241231],[121.656963,38.9243197]]]}},{"type":"Feature","id":"way/423083835","properties":{"building":"yes","id":"way/423083835"},"geometry":{"type":"Polygon","coordinates":[[[121.6333929,38.9310892],[121.633483,38.9310171],[121.6335956,38.9311024],[121.6335054,38.9311744],[121.6333929,38.9310892]]]}},{"type":"Feature","id":"way/423083851","properties":{"building":"yes","id":"way/423083851"},"geometry":{"type":"Polygon","coordinates":[[[121.6376417,38.9322446],[121.637838,38.9326225],[121.6366195,38.9330055],[121.6364232,38.9326275],[121.6376417,38.9322446]]]}},{"type":"Feature","id":"way/423083861","properties":{"building":"yes","id":"way/423083861"},"geometry":{"type":"Polygon","coordinates":[[[121.6535208,38.926625],[121.6535474,38.9263476],[121.6536887,38.9263558],[121.653662,38.9266332],[121.6535208,38.926625]]]}},{"type":"Feature","id":"way/423083868","properties":{"building":"yes","id":"way/423083868"},"geometry":{"type":"Polygon","coordinates":[[[121.6398143,38.9170191],[121.6402243,38.9170231],[121.6402228,38.9171163],[121.6398128,38.9171124],[121.6398143,38.9170191]]]}},{"type":"Feature","id":"way/423083870","properties":{"building":"yes","id":"way/423083870"},"geometry":{"type":"Polygon","coordinates":[[[121.6514903,38.9224161],[121.6514251,38.9223602],[121.6516593,38.9221946],[121.6517245,38.9222504],[121.6514903,38.9224161]]]}},{"type":"Feature","id":"way/423083871","properties":{"building":"yes","id":"way/423083871"},"geometry":{"type":"Polygon","coordinates":[[[121.667255,38.9166735],[121.6674244,38.9166164],[121.6674783,38.9167133],[121.667309,38.9167703],[121.667255,38.9166735]]]}},{"type":"Feature","id":"way/423083875","properties":{"building":"yes","id":"way/423083875"},"geometry":{"type":"Polygon","coordinates":[[[121.6321483,38.9280818],[121.6324671,38.9275663],[121.6325776,38.9276077],[121.6322588,38.9281232],[121.6321483,38.9280818]]]}},{"type":"Feature","id":"way/423083877","properties":{"building":"yes","id":"way/423083877"},"geometry":{"type":"Polygon","coordinates":[[[121.6287054,38.9300873],[121.6292025,38.9302579],[121.6291299,38.9303859],[121.6286327,38.9302153],[121.6287054,38.9300873]]]}},{"type":"Feature","id":"way/423083880","properties":{"building":"yes","id":"way/423083880"},"geometry":{"type":"Polygon","coordinates":[[[121.6568645,38.918564],[121.6572238,38.9186034],[121.6571968,38.9187524],[121.6568376,38.918713],[121.6568645,38.918564]]]}},{"type":"Feature","id":"way/423083882","properties":{"building":"yes","id":"way/423083882"},"geometry":{"type":"Polygon","coordinates":[[[121.6295181,38.9331432],[121.6297545,38.9327546],[121.629931,38.9328195],[121.6296946,38.9332082],[121.6295181,38.9331432]]]}},{"type":"Feature","id":"way/423083884","properties":{"building":"yes","id":"way/423083884"},"geometry":{"type":"Polygon","coordinates":[[[121.6567049,38.916566],[121.6575006,38.9166447],[121.6574729,38.9168141],[121.6566772,38.9167355],[121.6567049,38.916566]]]}},{"type":"Feature","id":"way/423083889","properties":{"building":"yes","id":"way/423083889"},"geometry":{"type":"Polygon","coordinates":[[[121.6666482,38.9173257],[121.6670772,38.9172686],[121.6671085,38.917411],[121.6666795,38.9174681],[121.6666482,38.9173257]]]}},{"type":"Feature","id":"way/423083893","properties":{"building":"yes","id":"way/423083893"},"geometry":{"type":"Polygon","coordinates":[[[121.6288589,38.9263033],[121.6290124,38.9259412],[121.6291229,38.9259695],[121.6289694,38.9263316],[121.6288589,38.9263033]]]}},{"type":"Feature","id":"way/423083894","properties":{"building":"yes","id":"way/423083894"},"geometry":{"type":"Polygon","coordinates":[[[121.6465406,38.9217908],[121.6468679,38.921884],[121.6468204,38.9219849],[121.6464931,38.9218917],[121.6465406,38.9217908]]]}},{"type":"Feature","id":"way/423083895","properties":{"building":"yes","id":"way/423083895"},"geometry":{"type":"Polygon","coordinates":[[[121.6288991,38.9323963],[121.6290794,38.9321176],[121.6291836,38.9321584],[121.6290032,38.932437],[121.6288991,38.9323963]]]}},{"type":"Feature","id":"way/423083899","properties":{"building":"yes","id":"way/423083899"},"geometry":{"type":"Polygon","coordinates":[[[121.6349647,38.930839],[121.6349525,38.9304219],[121.6350398,38.9304203],[121.635052,38.9308374],[121.6349647,38.930839]]]}},{"type":"Feature","id":"way/423083905","properties":{"building":"yes","id":"way/423083905"},"geometry":{"type":"Polygon","coordinates":[[[121.6530099,38.9196986],[121.652714,38.9196784],[121.6527672,38.9192084],[121.6530631,38.9192286],[121.6530099,38.9196986]]]}},{"type":"Feature","id":"way/423083908","properties":{"building":"yes","id":"way/423083908"},"geometry":{"type":"Polygon","coordinates":[[[121.6290343,38.9249771],[121.6291143,38.924775],[121.6292537,38.9248084],[121.6291737,38.9250105],[121.6290343,38.9249771]]]}},{"type":"Feature","id":"way/423083911","properties":{"building":"yes","id":"way/423083911"},"geometry":{"type":"Polygon","coordinates":[[[121.648446,38.9205558],[121.6484834,38.9204766],[121.6489197,38.9206014],[121.6488822,38.9206806],[121.648446,38.9205558]]]}},{"type":"Feature","id":"way/423083913","properties":{"building":"yes","id":"way/423083913"},"geometry":{"type":"Polygon","coordinates":[[[121.6311813,38.926717],[121.631096,38.9265654],[121.6312534,38.9265118],[121.6313387,38.9266635],[121.6311813,38.926717]]]}},{"type":"Feature","id":"way/423083915","properties":{"building":"yes","id":"way/423083915"},"geometry":{"type":"Polygon","coordinates":[[[121.6491246,38.9188518],[121.6494838,38.9188539],[121.6494821,38.9190361],[121.6491228,38.919034],[121.6491246,38.9188518]]]}},{"type":"Feature","id":"way/423083917","properties":{"building":"yes","id":"way/423083917"},"geometry":{"type":"Polygon","coordinates":[[[121.6448948,38.9180792],[121.6448681,38.9179485],[121.6454462,38.9178772],[121.6454728,38.9180078],[121.6448948,38.9180792]]]}},{"type":"Feature","id":"way/423083920","properties":{"building":"yes","id":"way/423083920"},"geometry":{"type":"Polygon","coordinates":[[[121.6597785,38.9226034],[121.6595948,38.9226202],[121.6595628,38.9224091],[121.6597466,38.9223923],[121.6597785,38.9226034]]]}},{"type":"Feature","id":"way/423083925","properties":{"building":"yes","id":"way/423083925"},"geometry":{"type":"Polygon","coordinates":[[[121.6291824,38.9186903],[121.6292288,38.9185984],[121.6293532,38.9186364],[121.6293111,38.9187262],[121.6291824,38.9186903]]]}},{"type":"Feature","id":"way/423083929","properties":{"building":"yes","id":"way/423083929"},"geometry":{"type":"Polygon","coordinates":[[[121.6310704,38.9370102],[121.6314798,38.9363581],[121.6318045,38.9364815],[121.6313951,38.9371336],[121.6310704,38.9370102]]]}},{"type":"Feature","id":"way/423083937","properties":{"building":"yes","id":"way/423083937"},"geometry":{"type":"Polygon","coordinates":[[[121.6572211,38.9191106],[121.657788,38.9187918],[121.657875,38.9188855],[121.6573082,38.9192043],[121.6572211,38.9191106]]]}},{"type":"Feature","id":"way/423083940","properties":{"building":"yes","id":"way/423083940"},"geometry":{"type":"Polygon","coordinates":[[[121.654721,38.9187628],[121.6551228,38.9188146],[121.6551011,38.9189166],[121.6546993,38.9188649],[121.654721,38.9187628]]]}},{"type":"Feature","id":"way/423083948","properties":{"building":"yes","id":"way/423083948"},"geometry":{"type":"Polygon","coordinates":[[[121.6386859,38.9303442],[121.6388955,38.9299461],[121.6395208,38.9301453],[121.6393112,38.9305434],[121.6386859,38.9303442]]]}},{"type":"Feature","id":"way/423083951","properties":{"building":"yes","id":"way/423083951"},"geometry":{"type":"Polygon","coordinates":[[[121.6286481,38.9323432],[121.6287126,38.9322386],[121.6288954,38.9323069],[121.6288309,38.9324114],[121.6286481,38.9323432]]]}},{"type":"Feature","id":"way/423083954","properties":{"building":"yes","id":"way/423083954"},"geometry":{"type":"Polygon","coordinates":[[[121.6371607,38.9166882],[121.6374281,38.9167358],[121.6373918,38.9168594],[121.6371244,38.9168118],[121.6371607,38.9166882]]]}},{"type":"Feature","id":"way/423083955","properties":{"building":"yes","id":"way/423083955"},"geometry":{"type":"Polygon","coordinates":[[[121.6290866,38.9284306],[121.6291427,38.9283037],[121.6293625,38.9283624],[121.6293065,38.9284894],[121.6290866,38.9284306]]]}},{"type":"Feature","id":"way/423083956","properties":{"building":"yes","id":"way/423083956"},"geometry":{"type":"Polygon","coordinates":[[[121.633846,38.9296147],[121.6340926,38.9297019],[121.6340419,38.9297887],[121.6337953,38.9297014],[121.633846,38.9296147]]]}},{"type":"Feature","id":"way/423083959","properties":{"building":"yes","id":"way/423083959"},"geometry":{"type":"Polygon","coordinates":[[[121.6339892,38.9257446],[121.6338472,38.925638],[121.6339121,38.9255857],[121.6340541,38.9256923],[121.6339892,38.9257446]]]}},{"type":"Feature","id":"way/423083963","properties":{"building":"yes","id":"way/423083963"},"geometry":{"type":"Polygon","coordinates":[[[121.667224,38.9191406],[121.6675768,38.918383],[121.6678947,38.9184727],[121.6675419,38.9192303],[121.667224,38.9191406]]]}},{"type":"Feature","id":"way/423083964","properties":{"building":"yes","layer":"1","id":"way/423083964"},"geometry":{"type":"Polygon","coordinates":[[[121.6364319,38.9291533],[121.6365808,38.9289233],[121.6376886,38.9293571],[121.6375396,38.9295874],[121.6364319,38.9291533]]]}},{"type":"Feature","id":"way/423083965","properties":{"building":"yes","id":"way/423083965"},"geometry":{"type":"Polygon","coordinates":[[[121.6499203,38.9205268],[121.6495955,38.920434],[121.6497766,38.9200506],[121.6501013,38.9201435],[121.6499203,38.9205268]]]}},{"type":"Feature","id":"way/423083978","properties":{"building":"yes","id":"way/423083978"},"geometry":{"type":"Polygon","coordinates":[[[121.6294864,38.9345725],[121.6298276,38.9340607],[121.6302272,38.9342218],[121.629886,38.9347337],[121.6294864,38.9345725]]]}},{"type":"Feature","id":"way/423083985","properties":{"building":"yes","id":"way/423083985"},"geometry":{"type":"Polygon","coordinates":[[[121.6545001,38.9184377],[121.6549312,38.9184895],[121.6549102,38.9185953],[121.6544791,38.9185435],[121.6545001,38.9184377]]]}},{"type":"Feature","id":"way/423083990","properties":{"building":"yes","id":"way/423083990"},"geometry":{"type":"Polygon","coordinates":[[[121.6324696,38.927043],[121.6323648,38.9270025],[121.6325342,38.926737],[121.632639,38.9267775],[121.6324696,38.927043]]]}},{"type":"Feature","id":"way/423083991","properties":{"building":"yes","id":"way/423083991"},"geometry":{"type":"Polygon","coordinates":[[[121.6381766,38.930657],[121.6380938,38.9299214],[121.6382784,38.9299088],[121.6383613,38.9306444],[121.6381766,38.930657]]]}},{"type":"Feature","id":"way/423083992","properties":{"building":"yes","id":"way/423083992"},"geometry":{"type":"Polygon","coordinates":[[[121.6294048,38.9303565],[121.629529,38.9300778],[121.6296501,38.9301105],[121.6295259,38.9303892],[121.6294048,38.9303565]]]}},{"type":"Feature","id":"way/423083994","properties":{"building":"yes","id":"way/423083994"},"geometry":{"type":"Polygon","coordinates":[[[121.6292269,38.929693],[121.6293706,38.9293385],[121.6294942,38.9293688],[121.6293504,38.9297233],[121.6292269,38.929693]]]}},{"type":"Feature","id":"way/423083996","properties":{"building":"yes","id":"way/423083996"},"geometry":{"type":"Polygon","coordinates":[[[121.6305343,38.9325802],[121.6305896,38.9324874],[121.6307261,38.9325367],[121.6306708,38.9326294],[121.6305343,38.9325802]]]}},{"type":"Feature","id":"way/423083999","properties":{"building":"yes","id":"way/423083999"},"geometry":{"type":"Polygon","coordinates":[[[121.6551255,38.9228798],[121.6551711,38.9227641],[121.6556049,38.9228676],[121.6555592,38.9229833],[121.6551255,38.9228798]]]}},{"type":"Feature","id":"way/423084004","properties":{"building":"yes","id":"way/423084004"},"geometry":{"type":"Polygon","coordinates":[[[121.6642393,38.917867],[121.6648828,38.9177638],[121.6649155,38.9178873],[121.664272,38.9179905],[121.6642393,38.917867]]]}},{"type":"Feature","id":"way/423084006","properties":{"building":"yes","id":"way/423084006"},"geometry":{"type":"Polygon","coordinates":[[[121.6504498,38.9163299],[121.6508942,38.9162865],[121.650912,38.9163965],[121.6504676,38.91644],[121.6504498,38.9163299]]]}},{"type":"Feature","id":"way/423084010","properties":{"building":"yes","id":"way/423084010"},"geometry":{"type":"Polygon","coordinates":[[[121.6657055,38.916948],[121.6656519,38.9167284],[121.6658222,38.9167032],[121.6658758,38.9169228],[121.6657055,38.916948]]]}},{"type":"Feature","id":"way/423084015","properties":{"building":"yes","id":"way/423084015"},"geometry":{"type":"Polygon","coordinates":[[[121.6512216,38.9225734],[121.6511429,38.9225033],[121.6512893,38.9224039],[121.6513679,38.922474],[121.6512216,38.9225734]]]}},{"type":"Feature","id":"way/423084017","properties":{"building":"yes","id":"way/423084017"},"geometry":{"type":"Polygon","coordinates":[[[121.6398508,38.9302172],[121.6399727,38.9300655],[121.6400739,38.9301147],[121.639952,38.9302664],[121.6398508,38.9302172]]]}},{"type":"Feature","id":"way/423084019","properties":{"building":"yes","id":"way/423084019"},"geometry":{"type":"Polygon","coordinates":[[[121.6321981,38.927264],[121.6323326,38.9270527],[121.6324485,38.9270974],[121.6323139,38.9273086],[121.6321981,38.927264]]]}},{"type":"Feature","id":"way/423084028","properties":{"building":"yes","id":"way/423084028"},"geometry":{"type":"Polygon","coordinates":[[[121.6495569,38.9255211],[121.6495643,38.9253757],[121.6498897,38.9253858],[121.6498823,38.9255312],[121.6495569,38.9255211]]]}},{"type":"Feature","id":"way/423084030","properties":{"building":"yes","id":"way/423084030"},"geometry":{"type":"Polygon","coordinates":[[[121.6490717,38.9196555],[121.6490324,38.9195332],[121.6496285,38.9194173],[121.6496678,38.9195396],[121.6490717,38.9196555]]]}},{"type":"Feature","id":"way/423084032","properties":{"building":"yes","id":"way/423084032"},"geometry":{"type":"Polygon","coordinates":[[[121.6491459,38.9186406],[121.650056,38.9186406],[121.650056,38.9188042],[121.6491459,38.9188042],[121.6491459,38.9186406]]]}},{"type":"Feature","id":"way/423084035","properties":{"building":"yes","id":"way/423084035"},"geometry":{"type":"Polygon","coordinates":[[[121.6325009,38.929819],[121.6331613,38.9300674],[121.6330996,38.9301668],[121.6324392,38.9299184],[121.6325009,38.929819]]]}},{"type":"Feature","id":"way/423084038","properties":{"building":"yes","id":"way/423084038"},"geometry":{"type":"Polygon","coordinates":[[[121.6477275,38.9216221],[121.6477897,38.9215015],[121.648439,38.9217044],[121.6483768,38.921825],[121.6477275,38.9216221]]]}},{"type":"Feature","id":"way/423084040","properties":{"building":"yes","id":"way/423084040"},"geometry":{"type":"Polygon","coordinates":[[[121.6365743,38.9322977],[121.6373688,38.9320475],[121.6374534,38.93221],[121.6366589,38.9324603],[121.6365743,38.9322977]]]}},{"type":"Feature","id":"way/423084041","properties":{"building":"yes","id":"way/423084041"},"geometry":{"type":"Polygon","coordinates":[[[121.6291684,38.925581],[121.6293365,38.9251809],[121.6294478,38.9252092],[121.6292797,38.9256093],[121.6291684,38.925581]]]}},{"type":"Feature","id":"way/423084045","properties":{"building":"yes","id":"way/423084045"},"geometry":{"type":"Polygon","coordinates":[[[121.6404736,38.9166056],[121.6409091,38.9166155],[121.6409052,38.9167185],[121.6404698,38.9167086],[121.6404736,38.9166056]]]}},{"type":"Feature","id":"way/423084049","properties":{"building":"yes","id":"way/423084049"},"geometry":{"type":"Polygon","coordinates":[[[121.6542473,38.9267368],[121.6541757,38.9266079],[121.6543912,38.9265354],[121.6544629,38.9266643],[121.6542473,38.9267368]]]}},{"type":"Feature","id":"way/423084053","properties":{"building":"yes","id":"way/423084053"},"geometry":{"type":"Polygon","coordinates":[[[121.6518682,38.9224947],[121.651784,38.9224279],[121.6519224,38.9223223],[121.6520066,38.9223891],[121.6518682,38.9224947]]]}},{"type":"Feature","id":"way/423084055","properties":{"building":"yes","id":"way/423084055"},"geometry":{"type":"Polygon","coordinates":[[[121.667303,38.9168931],[121.6674893,38.9168316],[121.6675383,38.9169215],[121.667352,38.916983],[121.667303,38.9168931]]]}},{"type":"Feature","id":"way/423084058","properties":{"building":"yes","id":"way/423084058"},"geometry":{"type":"Polygon","coordinates":[[[121.629356,38.930402],[121.6295827,38.9304778],[121.6295312,38.9305709],[121.6293045,38.9304951],[121.629356,38.930402]]]}},{"type":"Feature","id":"way/423084060","properties":{"building":"yes","id":"way/423084060"},"geometry":{"type":"Polygon","coordinates":[[[121.6297764,38.9335299],[121.6298552,38.9333964],[121.6303646,38.9335783],[121.6302857,38.9337119],[121.6297764,38.9335299]]]}},{"type":"Feature","id":"way/423084067","properties":{"building":"yes","id":"way/423084067"},"geometry":{"type":"Polygon","coordinates":[[[121.6463796,38.9165701],[121.6463503,38.9164065],[121.6464685,38.9163937],[121.6464978,38.9165573],[121.6463796,38.9165701]]]}},{"type":"Feature","id":"way/423084070","properties":{"building":"yes","id":"way/423084070"},"geometry":{"type":"Polygon","coordinates":[[[121.6299199,38.9282194],[121.6299679,38.9281376],[121.6303117,38.9282597],[121.6302637,38.9283415],[121.6299199,38.9282194]]]}},{"type":"Feature","id":"way/423084072","properties":{"building":"yes","id":"way/423084072"},"geometry":{"type":"Polygon","coordinates":[[[121.6652807,38.917957],[121.6656392,38.9179153],[121.6656702,38.9180766],[121.6653117,38.9181183],[121.6652807,38.917957]]]}},{"type":"Feature","id":"way/423084074","properties":{"building":"yes","id":"way/423084074"},"geometry":{"type":"Polygon","coordinates":[[[121.6293097,38.9259777],[121.6294157,38.9257312],[121.6295443,38.9257647],[121.6294383,38.9260112],[121.6293097,38.9259777]]]}},{"type":"Feature","id":"way/423084081","properties":{"building":"yes","id":"way/423084081"},"geometry":{"type":"Polygon","coordinates":[[[121.66327,38.9212038],[121.6632247,38.9209368],[121.663383,38.9209205],[121.6634283,38.9211876],[121.66327,38.9212038]]]}},{"type":"Feature","id":"way/423084087","properties":{"building":"yes","id":"way/423084087"},"geometry":{"type":"Polygon","coordinates":[[[121.6467428,38.9221241],[121.6468067,38.9220123],[121.6469213,38.922052],[121.6468574,38.9221638],[121.6467428,38.9221241]]]}},{"type":"Feature","id":"way/423084090","properties":{"building":"yes","id":"way/423084090"},"geometry":{"type":"Polygon","coordinates":[[[121.628929,38.9269091],[121.628996,38.9267767],[121.6292308,38.9268487],[121.6291931,38.9269232],[121.6290872,38.9268907],[121.6290578,38.9269486],[121.628929,38.9269091]]]}},{"type":"Feature","id":"way/423084093","properties":{"building":"yes","id":"way/423084093"},"geometry":{"type":"Polygon","coordinates":[[[121.6344773,38.9302418],[121.6345357,38.9301494],[121.6349817,38.93032],[121.6349233,38.9304124],[121.6344773,38.9302418]]]}},{"type":"Feature","id":"way/423084106","properties":{"building":"yes","id":"way/423084106"},"geometry":{"type":"Polygon","coordinates":[[[121.649223,38.9207753],[121.6490753,38.920733],[121.6492177,38.9204316],[121.6493654,38.9204738],[121.649223,38.9207753]]]}},{"type":"Feature","id":"way/423084110","properties":{"building":"yes","id":"way/423084110"},"geometry":{"type":"Polygon","coordinates":[[[121.6504685,38.9230247],[121.6505151,38.9229341],[121.6509009,38.9230542],[121.6508543,38.9231448],[121.6504685,38.9230247]]]}},{"type":"Feature","id":"way/423084112","properties":{"building":"yes","id":"way/423084112"},"geometry":{"type":"Polygon","coordinates":[[[121.6354436,38.9344512],[121.6353606,38.9342837],[121.636233,38.9340221],[121.636316,38.9341896],[121.6354436,38.9344512]]]}},{"type":"Feature","id":"way/423084116","properties":{"building":"yes","id":"way/423084116"},"geometry":{"type":"Polygon","coordinates":[[[121.6455951,38.9183883],[121.6455655,38.9182578],[121.6459118,38.9182103],[121.6459414,38.9183407],[121.6455951,38.9183883]]]}},{"type":"Feature","id":"way/423084127","properties":{"building":"yes","id":"way/423084127"},"geometry":{"type":"Polygon","coordinates":[[[121.6306564,38.9348399],[121.6311048,38.93451],[121.6315182,38.9348501],[121.6310698,38.9351799],[121.6306564,38.9348399]]]}},{"type":"Feature","id":"way/423084128","properties":{"building":"yes","id":"way/423084128"},"geometry":{"type":"Polygon","coordinates":[[[121.6301407,38.9270697],[121.6300384,38.9269123],[121.6301695,38.9268607],[121.6302719,38.927018],[121.6301407,38.9270697]]]}},{"type":"Feature","id":"way/423084136","properties":{"building":"yes","id":"way/423084136"},"geometry":{"type":"Polygon","coordinates":[[[121.6573702,38.9182597],[121.657913,38.9183176],[121.6578896,38.9184506],[121.6573467,38.9183926],[121.6573702,38.9182597]]]}},{"type":"Feature","id":"way/423084141","properties":{"building":"yes","id":"way/423084141"},"geometry":{"type":"Polygon","coordinates":[[[121.6544123,38.9187379],[121.6546784,38.9187649],[121.65466,38.9188751],[121.6543939,38.9188481],[121.6544123,38.9187379]]]}},{"type":"Feature","id":"way/423084149","properties":{"building":"yes","id":"way/423084149"},"geometry":{"type":"Polygon","coordinates":[[[121.6628043,38.9213239],[121.6632167,38.9212701],[121.6632459,38.9214054],[121.6628334,38.9214592],[121.6628043,38.9213239]]]}},{"type":"Feature","id":"way/423084152","properties":{"building":"yes","id":"way/423084152"},"geometry":{"type":"Polygon","coordinates":[[[121.6392757,38.9300162],[121.6393829,38.9298134],[121.6396459,38.9298975],[121.6395386,38.9301003],[121.6392757,38.9300162]]]}},{"type":"Feature","id":"way/423084155","properties":{"building":"yes","id":"way/423084155"},"geometry":{"type":"Polygon","coordinates":[[[121.6287456,38.9321934],[121.6288893,38.931966],[121.6290107,38.9320124],[121.6288669,38.9322398],[121.6287456,38.9321934]]]}},{"type":"Feature","id":"way/423084164","properties":{"building":"yes","id":"way/423084164"},"geometry":{"type":"Polygon","coordinates":[[[121.6518363,38.9221614],[121.6517552,38.9220921],[121.651992,38.9219244],[121.6520731,38.9219937],[121.6518363,38.9221614]]]}},{"type":"Feature","id":"way/423084168","properties":{"building":"yes","id":"way/423084168"},"geometry":{"type":"Polygon","coordinates":[[[121.6495424,38.9202659],[121.6494018,38.9202257],[121.6495823,38.9198436],[121.6497229,38.9198838],[121.6495424,38.9202659]]]}},{"type":"Feature","id":"way/423084170","properties":{"building":"yes","id":"way/423084170"},"geometry":{"type":"Polygon","coordinates":[[[121.6310149,38.9268013],[121.6309746,38.9267332],[121.6310095,38.9267207],[121.630952,38.9266235],[121.6310737,38.9265799],[121.6311446,38.9266997],[121.6311069,38.9267132],[121.6311339,38.9267587],[121.6310149,38.9268013]]]}},{"type":"Feature","id":"way/423084172","properties":{"building":"yes","id":"way/423084172"},"geometry":{"type":"Polygon","coordinates":[[[121.6326021,38.9352132],[121.6331284,38.9353269],[121.6330408,38.9355723],[121.6325144,38.9354586],[121.6326021,38.9352132]]]}},{"type":"Feature","id":"way/423084179","properties":{"building":"yes","id":"way/423084179"},"geometry":{"type":"Polygon","coordinates":[[[121.6339582,38.9316048],[121.6342482,38.9317716],[121.6341662,38.9318579],[121.6338762,38.9316911],[121.6339582,38.9316048]]]}},{"type":"Feature","id":"way/423084183","properties":{"building":"yes","id":"way/423084183"},"geometry":{"type":"Polygon","coordinates":[[[121.6450477,38.9260743],[121.6454123,38.9260743],[121.6454123,38.9261737],[121.6450477,38.9261737],[121.6450477,38.9260743]]]}},{"type":"Feature","id":"way/423084186","properties":{"building":"yes","id":"way/423084186"},"geometry":{"type":"Polygon","coordinates":[[[121.6289612,38.9258426],[121.6290709,38.9255772],[121.6292572,38.9256238],[121.6291476,38.9258892],[121.6289612,38.9258426]]]}},{"type":"Feature","id":"way/423084191","properties":{"building":"yes","id":"way/423084191"},"geometry":{"type":"Polygon","coordinates":[[[121.6305946,38.9194766],[121.6306768,38.9192968],[121.6307703,38.9193227],[121.6306881,38.9195025],[121.6305946,38.9194766]]]}},{"type":"Feature","id":"way/423084194","properties":{"building":"yes","id":"way/423084194"},"geometry":{"type":"Polygon","coordinates":[[[121.6285506,38.936161],[121.6290867,38.9353004],[121.6294968,38.935455],[121.6289607,38.9363156],[121.6285506,38.936161]]]}},{"type":"Feature","id":"way/423084198","properties":{"building":"yes","id":"way/423084198"},"geometry":{"type":"Polygon","coordinates":[[[121.6498432,38.9250451],[121.6500671,38.9251018],[121.6500167,38.9252223],[121.6497928,38.9251656],[121.6498432,38.9250451]]]}},{"type":"Feature","id":"way/423084203","properties":{"building":"yes","id":"way/423084203"},"geometry":{"type":"Polygon","coordinates":[[[121.6300497,38.9257978],[121.6299894,38.9257076],[121.6300097,38.9256917],[121.6299571,38.9256121],[121.6300709,38.9255666],[121.6301264,38.9256507],[121.6301562,38.9256471],[121.6302128,38.9257319],[121.6300497,38.9257978]]]}},{"type":"Feature","id":"way/423084204","properties":{"building":"yes","id":"way/423084204"},"geometry":{"type":"Polygon","coordinates":[[[121.6516061,38.9166778],[121.651463,38.9166742],[121.651471,38.9164816],[121.6516141,38.9164852],[121.6516061,38.9166778]]]}},{"type":"Feature","id":"way/423084205","properties":{"building":"yes","id":"way/423084205"},"geometry":{"type":"Polygon","coordinates":[[[121.6491432,38.918036],[121.64938,38.9180402],[121.6493753,38.9182058],[121.6491384,38.9182017],[121.6491432,38.918036]]]}},{"type":"Feature","id":"way/423084208","properties":{"building":"yes","id":"way/423084208"},"geometry":{"type":"Polygon","coordinates":[[[121.6299287,38.9300551],[121.6303284,38.9302029],[121.6302751,38.93029],[121.6298755,38.9301421],[121.6299287,38.9300551]]]}},{"type":"Feature","id":"way/423084211","properties":{"building":"yes","id":"way/423084211"},"geometry":{"type":"Polygon","coordinates":[[[121.6355711,38.9246263],[121.6357929,38.9244073],[121.6359536,38.9245058],[121.6357318,38.9247248],[121.6355711,38.9246263]]]}},{"type":"Feature","id":"way/423084220","properties":{"building":"yes","id":"way/423084220"},"geometry":{"type":"Polygon","coordinates":[[[121.6649872,38.9177418],[121.665611,38.9176606],[121.665639,38.9177909],[121.6650152,38.9178721],[121.6649872,38.9177418]]]}},{"type":"Feature","id":"way/423084225","properties":{"building":"yes","id":"way/423084225"},"geometry":{"type":"Polygon","coordinates":[[[121.6517405,38.918386],[121.6514556,38.9181137],[121.6518708,38.9179522],[121.6519853,38.9182742],[121.6517405,38.918386]]]}},{"type":"Feature","id":"way/423084227","properties":{"building":"yes","id":"way/423084227"},"geometry":{"type":"Polygon","coordinates":[[[121.666651,38.9190023],[121.6666172,38.918618],[121.6667948,38.9186085],[121.6668287,38.9189928],[121.666651,38.9190023]]]}},{"type":"Feature","id":"way/423084228","properties":{"building":"yes","id":"way/423084228"},"geometry":{"type":"Polygon","coordinates":[[[121.6508863,38.9221987],[121.6507866,38.9221056],[121.6509462,38.9220021],[121.6510459,38.9220952],[121.6508863,38.9221987]]]}},{"type":"Feature","id":"way/423084229","properties":{"building":"yes","id":"way/423084229"},"geometry":{"type":"Polygon","coordinates":[[[121.6377233,38.9303063],[121.6377119,38.9301926],[121.6380239,38.9301736],[121.6380353,38.9302873],[121.6377233,38.9303063]]]}},{"type":"Feature","id":"way/423084230","properties":{"building":"yes","id":"way/423084230"},"geometry":{"type":"Polygon","coordinates":[[[121.6504498,38.9210693],[121.6501561,38.9209853],[121.6504871,38.9202846],[121.6507808,38.9203686],[121.6504498,38.9210693]]]}},{"type":"Feature","id":"way/423084241","properties":{"building":"yes","id":"way/423084241"},"geometry":{"type":"Polygon","coordinates":[[[121.6327897,38.9277339],[121.633557,38.9280246],[121.6334621,38.9281763],[121.6326948,38.9278856],[121.6327897,38.9277339]]]}},{"type":"Feature","id":"way/423084243","properties":{"building":"yes","id":"way/423084243"},"geometry":{"type":"Polygon","coordinates":[[[121.634197,38.9309982],[121.634056,38.9310165],[121.634017,38.9308345],[121.6341581,38.9308162],[121.634197,38.9309982]]]}},{"type":"Feature","id":"way/423084247","properties":{"building":"yes","id":"way/423084247"},"geometry":{"type":"Polygon","coordinates":[[[121.6496832,38.9195378],[121.6496401,38.9193784],[121.6502054,38.9192903],[121.65029,38.9193212],[121.6503452,38.9193784],[121.6503697,38.9194156],[121.6502998,38.9194726],[121.6502329,38.9194551],[121.6496832,38.9195378]]]}},{"type":"Feature","id":"way/423084253","properties":{"building":"yes","id":"way/423084253"},"geometry":{"type":"Polygon","coordinates":[[[121.6512961,38.9238156],[121.6511694,38.9237762],[121.6513717,38.9233828],[121.6514983,38.9234223],[121.6512961,38.9238156]]]}},{"type":"Feature","id":"way/423084255","properties":{"building":"yes","id":"way/423084255"},"geometry":{"type":"Polygon","coordinates":[[[121.6484327,38.9218415],[121.648488,38.9217294],[121.6490362,38.9218929],[121.6489809,38.9220051],[121.6484327,38.9218415]]]}},{"type":"Feature","id":"way/423084257","properties":{"building":"yes","id":"way/423084257"},"geometry":{"type":"Polygon","coordinates":[[[121.636355,38.9324039],[121.6365258,38.932348],[121.6366282,38.9325376],[121.6364573,38.9325934],[121.636355,38.9324039]]]}},{"type":"Feature","id":"way/423084264","properties":{"building":"yes","id":"way/423084264"},"geometry":{"type":"Polygon","coordinates":[[[121.6518842,38.9169407],[121.6519002,38.9164956],[121.6520573,38.916499],[121.6520413,38.9169442],[121.6518842,38.9169407]]]}},{"type":"Feature","id":"way/423084279","properties":{"building":"yes","id":"way/423084279"},"geometry":{"type":"Polygon","coordinates":[[[121.6515861,38.9227038],[121.651513,38.9226469],[121.65163,38.9225558],[121.6517032,38.9226127],[121.6515861,38.9227038]]]}},{"type":"Feature","id":"way/423084281","properties":{"building":"yes","id":"way/423084281"},"geometry":{"type":"Polygon","coordinates":[[[121.6673651,38.9171193],[121.6677038,38.9170051],[121.6677633,38.917112],[121.6674246,38.9172262],[121.6673651,38.9171193]]]}},{"type":"Feature","id":"way/423084302","properties":{"building":"yes","id":"way/423084302"},"geometry":{"type":"Polygon","coordinates":[[[121.6400069,38.9231298],[121.6401032,38.922973],[121.6403481,38.9231738],[121.6401967,38.9232855],[121.6400069,38.9231298]]]}},{"type":"Feature","id":"way/423084305","properties":{"building":"yes","id":"way/423084305"},"geometry":{"type":"Polygon","coordinates":[[[121.6491751,38.9176447],[121.6500613,38.917653],[121.6500591,38.9177962],[121.6491729,38.9177879],[121.6491751,38.9176447]]]}},{"type":"Feature","id":"way/423084321","properties":{"building":"yes","id":"way/423084321"},"geometry":{"type":"Polygon","coordinates":[[[121.6469278,38.9165349],[121.6469012,38.9163486],[121.6470349,38.916337],[121.6470616,38.9165234],[121.6469278,38.9165349]]]}},{"type":"Feature","id":"way/423084338","properties":{"building":"yes","id":"way/423084338"},"geometry":{"type":"Polygon","coordinates":[[[121.6311996,38.9295972],[121.631358,38.9293394],[121.6314861,38.929387],[121.6313277,38.9296449],[121.6311996,38.9295972]]]}},{"type":"Feature","id":"way/423084341","properties":{"building":"yes","id":"way/423084341"},"geometry":{"type":"Polygon","coordinates":[[[121.6466231,38.9223312],[121.6467056,38.9221697],[121.6468085,38.9222015],[121.646726,38.922363],[121.6466231,38.9223312]]]}},{"type":"Feature","id":"way/423084347","properties":{"building":"yes","id":"way/423084347"},"geometry":{"type":"Polygon","coordinates":[[[121.6339972,38.9303972],[121.6339051,38.9303326],[121.634061,38.930198],[121.6341532,38.9302626],[121.6339972,38.9303972]]]}},{"type":"Feature","id":"way/423084354","properties":{"building":"yes","id":"way/423084354"},"geometry":{"type":"Polygon","coordinates":[[[121.6523765,38.9219316],[121.6526559,38.9221366],[121.6525692,38.9222081],[121.6522897,38.9220032],[121.6523765,38.9219316]]]}},{"type":"Feature","id":"way/423084360","properties":{"building":"yes","id":"way/423084360"},"geometry":{"type":"Polygon","coordinates":[[[121.6398881,38.9163573],[121.6402243,38.9163692],[121.640218,38.9164764],[121.6398819,38.9164646],[121.6398881,38.9163573]]]}},{"type":"Feature","id":"way/423084361","properties":{"building":"yes","id":"way/423084361"},"geometry":{"type":"Polygon","coordinates":[[[121.6473256,38.9187245],[121.6472644,38.9184036],[121.6474184,38.9183858],[121.6474796,38.9187067],[121.6473256,38.9187245]]]}},{"type":"Feature","id":"way/423084362","properties":{"building":"yes","id":"way/423084362"},"geometry":{"type":"Polygon","coordinates":[[[121.647951,38.9209057],[121.6480836,38.9206249],[121.648595,38.9207711],[121.6484624,38.9210519],[121.647951,38.9209057]]]}},{"type":"Feature","id":"way/423084364","properties":{"building":"yes","id":"way/423084364"},"geometry":{"type":"Polygon","coordinates":[[[121.6327373,38.9349402],[121.6330161,38.9348594],[121.6330785,38.9349895],[121.6327997,38.9350704],[121.6327373,38.9349402]]]}},{"type":"Feature","id":"way/423084368","properties":{"building":"yes","id":"way/423084368"},"geometry":{"type":"Polygon","coordinates":[[[121.6507159,38.9226542],[121.6508157,38.9225795],[121.6511537,38.9228528],[121.6510539,38.9229274],[121.6507159,38.9226542]]]}},{"type":"Feature","id":"way/423084370","properties":{"building":"yes","id":"way/423084370"},"geometry":{"type":"Polygon","coordinates":[[[121.6626305,38.9179658],[121.6626062,38.9178538],[121.6630408,38.9177967],[121.6630651,38.9179087],[121.6626305,38.9179658]]]}},{"type":"Feature","id":"way/423084374","properties":{"building":"yes","id":"way/423084374"},"geometry":{"type":"Polygon","coordinates":[[[121.6639344,38.9181832],[121.6638498,38.9177945],[121.6639722,38.9177784],[121.6640569,38.9181671],[121.6639344,38.9181832]]]}},{"type":"Feature","id":"way/423084378","properties":{"building":"yes","id":"way/423084378"},"geometry":{"type":"Polygon","coordinates":[[[121.6332344,38.930947],[121.6334538,38.9307669],[121.633543,38.9308327],[121.6333237,38.9310128],[121.6332344,38.930947]]]}},{"type":"Feature","id":"way/423084388","properties":{"building":"yes","id":"way/423084388"},"geometry":{"type":"Polygon","coordinates":[[[121.6398194,38.9171994],[121.640209,38.9172093],[121.6402018,38.9173807],[121.6398122,38.9173707],[121.6398194,38.9171994]]]}},{"type":"Feature","id":"way/423084389","properties":{"building":"yes","id":"way/423084389"},"geometry":{"type":"Polygon","coordinates":[[[121.664585,38.919593],[121.6645653,38.9194977],[121.665031,38.9194395],[121.6650507,38.9195348],[121.664585,38.919593]]]}},{"type":"Feature","id":"way/423084390","properties":{"building":"yes","id":"way/423084390"},"geometry":{"type":"Polygon","coordinates":[[[121.667255,38.9163946],[121.6675711,38.9162343],[121.6676537,38.9163328],[121.6673376,38.9164931],[121.667255,38.9163946]]]}},{"type":"Feature","id":"way/423084391","properties":{"building":"yes","id":"way/423084391"},"geometry":{"type":"Polygon","coordinates":[[[121.631743,38.9351829],[121.6323864,38.9349668],[121.6324536,38.9350879],[121.6318103,38.935304],[121.631743,38.9351829]]]}},{"type":"Feature","id":"way/423084392","properties":{"building":"yes","id":"way/423084392"},"geometry":{"type":"Polygon","coordinates":[[[121.6304551,38.9269768],[121.6303836,38.9268625],[121.6305688,38.9267924],[121.6306403,38.9269066],[121.6304551,38.9269768]]]}},{"type":"Feature","id":"way/423084403","properties":{"building":"yes","id":"way/423084403"},"geometry":{"type":"Polygon","coordinates":[[[121.6361466,38.9261961],[121.6359874,38.9261919],[121.6359999,38.925907],[121.6361591,38.9259112],[121.6361466,38.9261961]]]}},{"type":"Feature","id":"way/423084411","properties":{"building":"yes","id":"way/423084411"},"geometry":{"type":"Polygon","coordinates":[[[121.6348721,38.9363733],[121.6362417,38.9369079],[121.636093,38.9371383],[121.6347234,38.9366038],[121.6348721,38.9363733]]]}},{"type":"Feature","id":"way/423084412","properties":{"building":"yes","id":"way/423084412"},"geometry":{"type":"Polygon","coordinates":[[[121.6295534,38.9254203],[121.6296411,38.9252136],[121.6298269,38.9252655],[121.6297378,38.9254688],[121.6295534,38.9254203]]]}},{"type":"Feature","id":"way/423084413","properties":{"building":"yes","id":"way/423084413"},"geometry":{"type":"Polygon","coordinates":[[[121.6625035,38.9217484],[121.6624635,38.9216607],[121.6628228,38.9215614],[121.6628628,38.921649],[121.6625035,38.9217484]]]}},{"type":"Feature","id":"way/423084416","properties":{"building":"yes","id":"way/423084416"},"geometry":{"type":"Polygon","coordinates":[[[121.6291972,38.9189649],[121.6292416,38.9188768],[121.6293223,38.9189014],[121.6292778,38.9189895],[121.6291972,38.9189649]]]}},{"type":"Feature","id":"way/423084426","properties":{"building":"yes","id":"way/423084426"},"geometry":{"type":"Polygon","coordinates":[[[121.6339534,38.9322816],[121.6344895,38.9322058],[121.6345134,38.932308],[121.6339773,38.9323838],[121.6339534,38.9322816]]]}},{"type":"Feature","id":"way/423084428","properties":{"building":"yes","id":"way/423084428"},"geometry":{"type":"Polygon","coordinates":[[[121.6478499,38.920384],[121.6478932,38.9202922],[121.6484167,38.9204419],[121.6483734,38.9205336],[121.6478499,38.920384]]]}},{"type":"Feature","id":"way/423084430","properties":{"building":"yes","id":"way/423084430"},"geometry":{"type":"Polygon","coordinates":[[[121.6304575,38.9258488],[121.6308377,38.9256194],[121.6309154,38.9256973],[121.6305352,38.9259267],[121.6304575,38.9258488]]]}},{"type":"Feature","id":"way/423084431","properties":{"building":"yes","id":"way/423084431"},"geometry":{"type":"Polygon","coordinates":[[[121.6604704,38.9232142],[121.6603951,38.9230783],[121.6607038,38.9229748],[121.6607791,38.9231107],[121.6604704,38.9232142]]]}},{"type":"Feature","id":"way/423084434","properties":{"building":"yes","id":"way/423084434"},"geometry":{"type":"Polygon","coordinates":[[[121.6503008,38.923503],[121.6503502,38.9234049],[121.6507919,38.9235395],[121.6507426,38.9236376],[121.6503008,38.923503]]]}},{"type":"Feature","id":"way/423084438","properties":{"building":"yes","id":"way/423084438"},"geometry":{"type":"Polygon","coordinates":[[[121.6339192,38.9314532],[121.6340386,38.9313622],[121.6341482,38.9314491],[121.6340288,38.9315401],[121.6339192,38.9314532]]]}},{"type":"Feature","id":"way/423084442","properties":{"building":"yes","id":"way/423084442"},"geometry":{"type":"Polygon","coordinates":[[[121.6298008,38.9348663],[121.6298209,38.9347383],[121.6303594,38.9347895],[121.6303393,38.9349175],[121.6298008,38.9348663]]]}},{"type":"Feature","id":"way/423084447","properties":{"building":"yes","id":"way/423084447"},"geometry":{"type":"Polygon","coordinates":[[[121.6299659,38.9190427],[121.6300134,38.9189418],[121.6301955,38.9189937],[121.6301481,38.9190946],[121.6299659,38.9190427]]]}},{"type":"Feature","id":"way/423084450","properties":{"building":"yes","id":"way/423084450"},"geometry":{"type":"Polygon","coordinates":[[[121.6302906,38.9366652],[121.6307195,38.9359828],[121.6310699,38.9361161],[121.630641,38.9367985],[121.6302906,38.9366652]]]}},{"type":"Feature","id":"way/423084460","properties":{"building":"yes","id":"way/423084460"},"geometry":{"type":"Polygon","coordinates":[[[121.655208,38.9188353],[121.6555832,38.9188808],[121.6555648,38.9189725],[121.6551896,38.9189269],[121.655208,38.9188353]]]}},{"type":"Feature","id":"way/423084462","properties":{"building":"yes","id":"way/423084462"},"geometry":{"type":"Polygon","coordinates":[[[121.6333328,38.9277746],[121.6334084,38.9276607],[121.633599,38.9277372],[121.6335234,38.9278512],[121.6333328,38.9277746]]]}},{"type":"Feature","id":"way/423084475","properties":{"building":"yes","id":"way/423084475"},"geometry":{"type":"Polygon","coordinates":[[[121.6301501,38.9249717],[121.6305466,38.9251021],[121.6304565,38.9252679],[121.6303572,38.9252353],[121.6303701,38.9252115],[121.6301535,38.9251403],[121.6301361,38.9251723],[121.6300555,38.9251458],[121.6301501,38.9249717]]]}},{"type":"Feature","id":"way/423084477","properties":{"building":"yes","id":"way/423084477"},"geometry":{"type":"Polygon","coordinates":[[[121.6516141,38.9164231],[121.6514685,38.9164195],[121.6514764,38.9162228],[121.6516221,38.9162264],[121.6516141,38.9164231]]]}},{"type":"Feature","id":"way/423084479","properties":{"building":"yes","id":"way/423084479"},"geometry":{"type":"Polygon","coordinates":[[[121.6286837,38.9272271],[121.6288294,38.9269214],[121.6289738,38.9269632],[121.6289553,38.9270008],[121.6291444,38.9270562],[121.629096,38.9271561],[121.6289061,38.9271004],[121.6288247,38.9272685],[121.6286837,38.9272271]]]}},{"type":"Feature","id":"way/423084484","properties":{"building":"yes","id":"way/423084484"},"geometry":{"type":"Polygon","coordinates":[[[121.6368628,38.9173183],[121.6371938,38.9173778],[121.6371459,38.9175394],[121.6368148,38.91748],[121.6368628,38.9173183]]]}},{"type":"Feature","id":"way/423084490","properties":{"building":"yes","id":"way/423084490"},"geometry":{"type":"Polygon","coordinates":[[[121.6504472,38.9184626],[121.6503803,38.9182516],[121.6513942,38.918057],[121.6514611,38.9182679],[121.6504472,38.9184626]]]}},{"type":"Feature","id":"way/423084495","properties":{"building":"yes","id":"way/423084495"},"geometry":{"type":"Polygon","coordinates":[[[121.6397307,38.9229585],[121.6398351,38.9231231],[121.6397501,38.923253],[121.6395817,38.9231862],[121.6397307,38.9229585]]]}},{"type":"Feature","id":"way/423084503","properties":{"building":"yes","id":"way/423084503"},"geometry":{"type":"Polygon","coordinates":[[[121.6460229,38.9243184],[121.6463019,38.9237804],[121.6463567,38.923723],[121.6464739,38.9237807],[121.646575,38.9238522],[121.6466728,38.9239253],[121.6467509,38.9239956],[121.6468443,38.9239271],[121.6469289,38.9238957],[121.6469735,38.9239281],[121.6470135,38.9239612],[121.6470484,38.9239894],[121.6470021,38.9240617],[121.6470266,38.9240723],[121.6470077,38.9241032],[121.6468254,38.9240451],[121.6467208,38.9242609],[121.6466305,38.9244431],[121.6465244,38.9244713],[121.6460229,38.9243184]]]}},{"type":"Feature","id":"way/423084507","properties":{"building":"yes","id":"way/423084507"},"geometry":{"type":"Polygon","coordinates":[[[121.6345017,38.9313262],[121.634838,38.9315062],[121.6347612,38.931593],[121.6344249,38.9314129],[121.6345017,38.9313262]]]}},{"type":"Feature","id":"way/423084510","properties":{"building":"yes","id":"way/423084510"},"geometry":{"type":"Polygon","coordinates":[[[121.6470249,38.9187473],[121.646977,38.9184615],[121.6472325,38.9184356],[121.6472804,38.9187213],[121.6470249,38.9187473]]]}},{"type":"Feature","id":"way/423084512","properties":{"building":"yes","id":"way/423084512"},"geometry":{"type":"Polygon","coordinates":[[[121.6505057,38.9194833],[121.6510167,38.9198291],[121.650809,38.9200148],[121.6502981,38.919669],[121.6505057,38.9194833]]]}},{"type":"Feature","id":"way/423084515","properties":{"building":"yes","id":"way/423084515"},"geometry":{"type":"Polygon","coordinates":[[[121.6512242,38.9229047],[121.6516261,38.9232049],[121.651521,38.92329],[121.6511192,38.9229898],[121.6512242,38.9229047]]]}},{"type":"Feature","id":"way/423084529","properties":{"building":"yes","id":"way/423084529"},"geometry":{"type":"Polygon","coordinates":[[[121.6495983,38.9180464],[121.65004,38.9180526],[121.6500367,38.9181935],[121.649595,38.9181873],[121.6495983,38.9180464]]]}},{"type":"Feature","id":"way/423084538","properties":{"building":"yes","id":"way/423084538"},"geometry":{"type":"Polygon","coordinates":[[[121.6504232,38.9171312],[121.6509235,38.9170857],[121.6509367,38.9171735],[121.6504364,38.9172191],[121.6504232,38.9171312]]]}},{"type":"Feature","id":"way/423084542","properties":{"building":"yes","id":"way/423084542"},"geometry":{"type":"Polygon","coordinates":[[[121.6309973,38.92991],[121.6311265,38.9296939],[121.6312515,38.9297391],[121.6311223,38.9299552],[121.6309973,38.92991]]]}},{"type":"Feature","id":"way/423084544","properties":{"building":"yes","id":"way/423084544"},"geometry":{"type":"Polygon","coordinates":[[[121.6509155,38.9222359],[121.6511444,38.9224285],[121.6510474,38.9224983],[121.6508185,38.9223057],[121.6509155,38.9222359]]]}},{"type":"Feature","id":"way/423084547","properties":{"building":"yes","id":"way/423084547"},"geometry":{"type":"Polygon","coordinates":[[[121.6559345,38.9244471],[121.656012,38.9242286],[121.6562915,38.9242886],[121.6562139,38.9245071],[121.6559345,38.9244471]]]}},{"type":"Feature","id":"way/423084554","properties":{"building":"yes","name":"兆麟街6号","id":"way/423084554"},"geometry":{"type":"Polygon","coordinates":[[[121.6326813,38.9319745],[121.6329409,38.9320314],[121.6331881,38.9320465],[121.6331686,38.9321855],[121.6329214,38.932172],[121.6326328,38.9321071],[121.6326813,38.9319745]]]}},{"type":"Feature","id":"way/423084556","properties":{"building":"yes","id":"way/423084556"},"geometry":{"type":"Polygon","coordinates":[[[121.6598717,38.9188767],[121.6602895,38.9188166],[121.6603119,38.9189111],[121.6598941,38.9189711],[121.6598717,38.9188767]]]}},{"type":"Feature","id":"way/423084560","properties":{"building":"yes","id":"way/423084560"},"geometry":{"type":"Polygon","coordinates":[[[121.6398856,38.9160918],[121.6402778,38.9161017],[121.6402726,38.916225],[121.6398804,38.9162151],[121.6398856,38.9160918]]]}},{"type":"Feature","id":"way/423084562","properties":{"building":"yes","id":"way/423084562"},"geometry":{"type":"Polygon","coordinates":[[[121.646316,38.918626],[121.6466272,38.9185894],[121.6466541,38.9187283],[121.6463429,38.9187648],[121.646316,38.918626]]]}},{"type":"Feature","id":"way/423084564","properties":{"building":"yes","id":"way/423084564"},"geometry":{"type":"Polygon","coordinates":[[[121.6481612,38.9198291],[121.648123,38.9197065],[121.6488681,38.9195657],[121.6489064,38.9196883],[121.6481612,38.9198291]]]}},{"type":"Feature","id":"way/423084569","properties":{"building":"yes","id":"way/423084569"},"geometry":{"type":"Polygon","coordinates":[[[121.6503939,38.9228136],[121.6505589,38.9224616],[121.6507183,38.9225068],[121.6505533,38.9228588],[121.6503939,38.9228136]]]}},{"type":"Feature","id":"way/423084570","properties":{"building":"yes","id":"way/423084570"},"geometry":{"type":"Polygon","coordinates":[[[121.6626926,38.9182271],[121.6626659,38.9181124],[121.6631019,38.918051],[121.6631286,38.9181656],[121.6626926,38.9182271]]]}},{"type":"Feature","id":"way/423084576","properties":{"building":"yes","id":"way/423084576"},"geometry":{"type":"Polygon","coordinates":[[[121.6334611,38.9306854],[121.6338388,38.9303536],[121.6339693,38.9304435],[121.6335915,38.9307753],[121.6334611,38.9306854]]]}},{"type":"Feature","id":"way/423084582","properties":{"building":"yes","id":"way/423084582"},"geometry":{"type":"Polygon","coordinates":[[[121.6510251,38.9252315],[121.6510687,38.9251434],[121.6513863,38.9252386],[121.6513427,38.9253266],[121.6510251,38.9252315]]]}},{"type":"Feature","id":"way/423084586","properties":{"addr:city":"大连市","addr:district":"中山区","addr:housenumber":"85","addr:province":"辽宁省","addr:street":"一德街","building":"yes","government":"administrative","name":"大连市中山区人民政府","office":"government","id":"way/423084586"},"geometry":{"type":"Polygon","coordinates":[[[121.6397837,38.9176314],[121.6401657,38.9176433],[121.6401595,38.9177641],[121.6397775,38.9177522],[121.6397837,38.9176314]]]}},{"type":"Feature","id":"way/423084587","properties":{"building":"yes","id":"way/423084587"},"geometry":{"type":"Polygon","coordinates":[[[121.6651565,38.9195216],[121.6651349,38.9194184],[121.6658348,38.9193295],[121.6658565,38.9194327],[121.6651565,38.9195216]]]}},{"type":"Feature","id":"way/423084589","properties":{"building":"yes","id":"way/423084589"},"geometry":{"type":"Polygon","coordinates":[[[121.6448747,38.9173807],[121.6454735,38.9173124],[121.6454901,38.9174009],[121.6448914,38.9174693],[121.6448747,38.9173807]]]}},{"type":"Feature","id":"way/423084593","properties":{"building":"yes","id":"way/423084593"},"geometry":{"type":"Polygon","coordinates":[[[121.6286932,38.92811],[121.6287565,38.9279621],[121.6288794,38.927994],[121.628816,38.9281419],[121.6286932,38.92811]]]}},{"type":"Feature","id":"way/423084603","properties":{"building":"yes","id":"way/423084603"},"geometry":{"type":"Polygon","coordinates":[[[121.6329143,38.9282785],[121.6334038,38.9284616],[121.6333291,38.9285824],[121.6328396,38.9283993],[121.6329143,38.9282785]]]}},{"type":"Feature","id":"way/423084615","properties":{"building":"yes","id":"way/423084615"},"geometry":{"type":"Polygon","coordinates":[[[121.6293797,38.9266367],[121.6294207,38.9265593],[121.6296015,38.9266135],[121.6296721,38.926727],[121.6295469,38.9267824],[121.6295173,38.9267496],[121.6294738,38.9267677],[121.6294111,38.926694],[121.6294426,38.9266538],[121.6293797,38.9266367]]]}},{"type":"Feature","id":"way/423084625","properties":{"building":"yes","id":"way/423084625"},"geometry":{"type":"Polygon","coordinates":[[[121.6315628,38.9272775],[121.6319091,38.9271554],[121.6319702,38.9272603],[121.631624,38.9273824],[121.6315628,38.9272775]]]}},{"type":"Feature","id":"way/423084635","properties":{"building":"yes","id":"way/423084635"},"geometry":{"type":"Polygon","coordinates":[[[121.6491884,38.9211976],[121.6497899,38.9213736],[121.6497288,38.9215],[121.6491273,38.921324],[121.6491884,38.9211976]]]}},{"type":"Feature","id":"way/423084639","properties":{"building":"yes","id":"way/423084639"},"geometry":{"type":"Polygon","coordinates":[[[121.6341459,38.9304181],[121.6345748,38.9303517],[121.6346582,38.9306781],[121.6342293,38.9307445],[121.6341459,38.9304181]]]}},{"type":"Feature","id":"way/423084650","properties":{"building":"yes","id":"way/423084650"},"geometry":{"type":"Polygon","coordinates":[[[121.6470196,38.9195734],[121.6469839,38.9193355],[121.6473937,38.9192982],[121.6474294,38.9195361],[121.6470196,38.9195734]]]}},{"type":"Feature","id":"way/423084679","properties":{"building":"yes","id":"way/423084679"},"geometry":{"type":"Polygon","coordinates":[[[121.6610026,38.9234067],[121.6608377,38.9231065],[121.6609379,38.9230732],[121.6611029,38.9233734],[121.6610026,38.9234067]]]}},{"type":"Feature","id":"way/423084683","properties":{"building":"yes","id":"way/423084683"},"geometry":{"type":"Polygon","coordinates":[[[121.6507878,38.9234678],[121.6509767,38.9230869],[121.6511085,38.9231264],[121.6509195,38.9235074],[121.6507878,38.9234678]]]}},{"type":"Feature","id":"way/423084690","properties":{"building":"yes","id":"way/423084690"},"geometry":{"type":"Polygon","coordinates":[[[121.6339899,38.9310551],[121.6343579,38.9312617],[121.6342585,38.9313689],[121.6338905,38.9311622],[121.6339899,38.9310551]]]}},{"type":"Feature","id":"way/423084705","properties":{"building":"yes","id":"way/423084705"},"geometry":{"type":"Polygon","coordinates":[[[121.6367086,38.9311091],[121.6369742,38.9311053],[121.6369768,38.9312127],[121.6367111,38.9312165],[121.6367086,38.9311091]]]}},{"type":"Feature","id":"way/423084713","properties":{"building":"yes","id":"way/423084713"},"geometry":{"type":"Polygon","coordinates":[[[121.6296119,38.9281991],[121.6299117,38.9283053],[121.6298403,38.9284273],[121.6295405,38.9283211],[121.6296119,38.9281991]]]}},{"type":"Feature","id":"way/423084727","properties":{"building":"yes","id":"way/423084727"},"geometry":{"type":"Polygon","coordinates":[[[121.6306313,38.9251607],[121.6310494,38.9252948],[121.6309734,38.9254383],[121.6308745,38.9254066],[121.6308869,38.9253833],[121.6307012,38.9253238],[121.6306824,38.9253602],[121.6306156,38.9253412],[121.6305456,38.9253173],[121.6306313,38.9251607]]]}},{"type":"Feature","id":"way/423084728","properties":{"building":"yes","id":"way/423084728"},"geometry":{"type":"Polygon","coordinates":[[[121.653079,38.9227121],[121.6530362,38.9226028],[121.6535072,38.922491],[121.6535501,38.9226003],[121.653079,38.9227121]]]}},{"type":"Feature","id":"way/423084734","properties":{"building":"yes","id":"way/423084734"},"geometry":{"type":"Polygon","coordinates":[[[121.6536898,38.9181251],[121.6537137,38.9179973],[121.6543723,38.9180718],[121.6543484,38.9181996],[121.6536898,38.9181251]]]}},{"type":"Feature","id":"way/423084737","properties":{"building":"yes","id":"way/423084737"},"geometry":{"type":"Polygon","coordinates":[[[121.6369748,38.9170191],[121.6372779,38.9170726],[121.6372291,38.91724],[121.636926,38.9171865],[121.6369748,38.9170191]]]}},{"type":"Feature","id":"way/423084746","properties":{"building":"yes","id":"way/423084746"},"geometry":{"type":"Polygon","coordinates":[[[121.6520385,38.9218757],[121.6519024,38.9219553],[121.6516603,38.9217048],[121.6517964,38.9216252],[121.6520385,38.9218757]]]}},{"type":"Feature","id":"way/423084747","properties":{"building":"yes","id":"way/423084747"},"geometry":{"type":"Polygon","coordinates":[[[121.6482464,38.9212991],[121.648909,38.9215041],[121.6488528,38.9216141],[121.6481901,38.9214092],[121.6482464,38.9212991]]]}},{"type":"Feature","id":"way/423084758","properties":{"building":"yes","id":"way/423084758"},"geometry":{"type":"Polygon","coordinates":[[[121.6496728,38.9169428],[121.6501331,38.9169449],[121.6501321,38.9170879],[121.6496717,38.9170858],[121.6496728,38.9169428]]]}},{"type":"Feature","id":"way/423084767","properties":{"building":"yes","id":"way/423084767"},"geometry":{"type":"Polygon","coordinates":[[[121.6597572,38.9183922],[121.6602149,38.9183301],[121.6602463,38.91847],[121.6597886,38.9185321],[121.6597572,38.9183922]]]}},{"type":"Feature","id":"way/423084771","properties":{"building":"yes","id":"way/423084771"},"geometry":{"type":"Polygon","coordinates":[[[121.6343628,38.9318152],[121.6346406,38.9315669],[121.6347412,38.931635],[121.6344634,38.9318834],[121.6343628,38.9318152]]]}},{"type":"Feature","id":"way/423084772","properties":{"building":"yes","id":"way/423084772"},"geometry":{"type":"Polygon","coordinates":[[[121.629026,38.9265893],[121.6290773,38.9264813],[121.6292624,38.9265345],[121.629202,38.9266617],[121.6291178,38.9266375],[121.6291269,38.9266183],[121.629026,38.9265893]]]}},{"type":"Feature","id":"way/423084775","properties":{"building":"yes","id":"way/423084775"},"geometry":{"type":"Polygon","coordinates":[[[121.6394883,38.9161671],[121.6397328,38.916177],[121.6397266,38.9162699],[121.6394821,38.91626],[121.6394883,38.9161671]]]}},{"type":"Feature","id":"way/423084780","properties":{"building":"yes","id":"way/423084780"},"geometry":{"type":"Polygon","coordinates":[[[121.6614902,38.9205757],[121.6622099,38.9204769],[121.662235,38.9205874],[121.6615153,38.9206862],[121.6614902,38.9205757]]]}},{"type":"Feature","id":"way/423084783","properties":{"building":"yes","id":"way/423084783"},"geometry":{"type":"Polygon","coordinates":[[[121.6494253,38.9209554],[121.649476,38.9208479],[121.6499894,38.9209947],[121.6499387,38.9211022],[121.6494253,38.9209554]]]}},{"type":"Feature","id":"way/423084786","properties":{"building":"yes","id":"way/423084786"},"geometry":{"type":"Polygon","coordinates":[[[121.6508996,38.9235589],[121.6511976,38.9236417],[121.6511481,38.9237495],[121.6508501,38.9236667],[121.6508996,38.9235589]]]}},{"type":"Feature","id":"way/423084787","properties":{"building":"yes","id":"way/423084787"},"geometry":{"type":"Polygon","coordinates":[[[121.6492124,38.9220548],[121.6492661,38.9219477],[121.6496547,38.9220657],[121.6496009,38.9221728],[121.6492124,38.9220548]]]}},{"type":"Feature","id":"way/423084797","properties":{"building":"yes","id":"way/423084797"},"geometry":{"type":"Polygon","coordinates":[[[121.6515169,38.9219337],[121.6514316,38.9218395],[121.6516392,38.9217257],[121.6517245,38.9218198],[121.6515169,38.9219337]]]}},{"type":"Feature","id":"way/423084803","properties":{"building":"yes","id":"way/423084803"},"geometry":{"type":"Polygon","coordinates":[[[121.6531695,38.9187059],[121.6531917,38.9185961],[121.653716,38.9186602],[121.6536938,38.91877],[121.6531695,38.9187059]]]}},{"type":"Feature","id":"way/423084804","properties":{"building":"yes","id":"way/423084804"},"geometry":{"type":"Polygon","coordinates":[[[121.6318394,38.9278551],[121.6318319,38.9276716],[121.6319659,38.9276683],[121.6319734,38.9278518],[121.6318394,38.9278551]]]}},{"type":"Feature","id":"way/423084814","properties":{"building":"yes","id":"way/423084814"},"geometry":{"type":"Polygon","coordinates":[[[121.6532334,38.9234181],[121.6531983,38.9233213],[121.6535283,38.9232489],[121.6535634,38.9233457],[121.6532334,38.9234181]]]}},{"type":"Feature","id":"way/423084815","properties":{"building":"yes","id":"way/423084815"},"geometry":{"type":"Polygon","coordinates":[[[121.6491379,38.9184005],[121.6500719,38.9184067],[121.6500706,38.918527],[121.6491366,38.9185208],[121.6491379,38.9184005]]]}},{"type":"Feature","id":"way/423084822","properties":{"building":"yes","id":"way/423084822"},"geometry":{"type":"Polygon","coordinates":[[[121.6298881,38.9197238],[121.629924,38.9196372],[121.6300618,38.9196718],[121.6300259,38.9197583],[121.6298881,38.9197238]]]}},{"type":"Feature","id":"way/423084829","properties":{"building":"yes","id":"way/423084829"},"geometry":{"type":"Polygon","coordinates":[[[121.6307975,38.930202],[121.6309461,38.9299783],[121.6310689,38.9300276],[121.6309202,38.9302513],[121.6307975,38.930202]]]}},{"type":"Feature","id":"way/423084831","properties":{"building":"yes","id":"way/423084831"},"geometry":{"type":"Polygon","coordinates":[[[121.6501997,38.9218581],[121.6504631,38.9219347],[121.6504046,38.9220566],[121.6501411,38.92198],[121.6501997,38.9218581]]]}},{"type":"Feature","id":"way/423084832","properties":{"building":"yes","id":"way/423084832"},"geometry":{"type":"Polygon","coordinates":[[[121.6304112,38.9292645],[121.6307963,38.9293328],[121.6307608,38.929454],[121.6303757,38.9293857],[121.6304112,38.9292645]]]}},{"type":"Feature","id":"way/423084834","properties":{"building":"yes","id":"way/423084834"},"geometry":{"type":"Polygon","coordinates":[[[121.6294535,38.9268758],[121.6297606,38.9267621],[121.6298288,38.9268736],[121.6295217,38.9269873],[121.6294535,38.9268758]]]}},{"type":"Feature","id":"way/423084837","properties":{"building":"yes","id":"way/423084837"},"geometry":{"type":"Polygon","coordinates":[[[121.6521942,38.9171167],[121.6522469,38.9170347],[121.6524119,38.9170989],[121.6523592,38.9171809],[121.6521942,38.9171167]]]}},{"type":"Feature","id":"way/423084854","properties":{"building":"yes","id":"way/423084854"},"geometry":{"type":"Polygon","coordinates":[[[121.6466843,38.9189088],[121.6466657,38.9187224],[121.6468063,38.9187139],[121.6468249,38.9189003],[121.6466843,38.9189088]]]}},{"type":"Feature","id":"way/423084856","properties":{"building":"yes","id":"way/423084856"},"geometry":{"type":"Polygon","coordinates":[[[121.6623567,38.9206547],[121.6628732,38.9205932],[121.662897,38.9207142],[121.6623805,38.9207757],[121.6623567,38.9206547]]]}},{"type":"Feature","id":"way/423084860","properties":{"building":"yes","id":"way/423084860"},"geometry":{"type":"Polygon","coordinates":[[[121.650181,38.9233457],[121.6503221,38.9230537],[121.650469,38.9230967],[121.650328,38.9233886],[121.650181,38.9233457]]]}},{"type":"Feature","id":"way/423084861","properties":{"building":"yes","id":"way/423084861"},"geometry":{"type":"Polygon","coordinates":[[[121.6627518,38.9185126],[121.6627249,38.9183988],[121.6631539,38.9183373],[121.6631809,38.9184511],[121.6627518,38.9185126]]]}},{"type":"Feature","id":"way/423084872","properties":{"building":"yes","id":"way/423084872"},"geometry":{"type":"Polygon","coordinates":[[[121.6514937,38.9251909],[121.65178,38.9252679],[121.6517374,38.925364],[121.651451,38.925287],[121.6514937,38.9251909]]]}},{"type":"Feature","id":"way/423084875","properties":{"building":"yes","id":"way/423084875"},"geometry":{"type":"Polygon","coordinates":[[[121.6392489,38.9176552],[121.6396309,38.917671],[121.639623,38.9177863],[121.639241,38.9177705],[121.6392489,38.9176552]]]}},{"type":"Feature","id":"way/423084876","properties":{"building":"yes","id":"way/423084876"},"geometry":{"type":"Polygon","coordinates":[[[121.6659666,38.9194162],[121.6659454,38.9193105],[121.6664068,38.9192545],[121.666428,38.9193602],[121.6659666,38.9194162]]]}},{"type":"Feature","id":"way/423084879","properties":{"building":"yes","id":"way/423084879"},"geometry":{"type":"Polygon","coordinates":[[[121.6450317,38.9176126],[121.6452898,38.9175878],[121.6453112,38.9177221],[121.6450531,38.917747],[121.6450317,38.9176126]]]}},{"type":"Feature","id":"way/423084895","properties":{"building":"yes","id":"way/423084895"},"geometry":{"type":"Polygon","coordinates":[[[121.6295038,38.926447],[121.6295331,38.92636],[121.6295849,38.9263614],[121.6295712,38.9262568],[121.629642,38.9262503],[121.6296559,38.9263593],[121.6297302,38.9263461],[121.6297958,38.9264184],[121.629718,38.9264708],[121.629623,38.9264871],[121.6295038,38.926447]]]}},{"type":"Feature","id":"way/423084896","properties":{"building":"yes","id":"way/423084896"},"geometry":{"type":"Polygon","coordinates":[[[121.6641242,38.9208622],[121.6641023,38.920762],[121.6645094,38.9207081],[121.6645313,38.9208084],[121.6641242,38.9208622]]]}},{"type":"Feature","id":"way/423084897","properties":{"building":"yes","id":"way/423084897"},"geometry":{"type":"Polygon","coordinates":[[[121.6410768,38.9166137],[121.641503,38.916624],[121.6414981,38.9167462],[121.6410719,38.9167359],[121.6410768,38.9166137]]]}},{"type":"Feature","id":"way/423084902","properties":{"building":"yes","id":"way/423084902"},"geometry":{"type":"Polygon","coordinates":[[[121.6451139,38.9252755],[121.6451217,38.9251036],[121.6455968,38.9251182],[121.645589,38.9252902],[121.6451139,38.9252755]]]}},{"type":"Feature","id":"way/423084906","properties":{"building":"yes","id":"way/423084906"},"geometry":{"type":"Polygon","coordinates":[[[121.6493428,38.9209637],[121.6499203,38.9211417],[121.6498571,38.9212657],[121.6492796,38.9210876],[121.6493428,38.9209637]]]}},{"type":"Feature","id":"way/423084907","properties":{"building":"yes","id":"way/423084907"},"geometry":{"type":"Polygon","coordinates":[[[121.6440057,38.9208242],[121.644081,38.920673],[121.6442542,38.9207252],[121.644179,38.9208763],[121.6440057,38.9208242]]]}},{"type":"Feature","id":"way/423084911","properties":{"building":"yes","id":"way/423084911"},"geometry":{"type":"Polygon","coordinates":[[[121.6337048,38.9307517],[121.6341093,38.9306854],[121.6341367,38.9307864],[121.6337322,38.9308527],[121.6337048,38.9307517]]]}},{"type":"Feature","id":"way/423084913","properties":{"building":"yes","id":"way/423084913"},"geometry":{"type":"Polygon","coordinates":[[[121.6296168,38.9277233],[121.6295412,38.927564],[121.6296264,38.9275396],[121.6297019,38.9276988],[121.6296168,38.9277233]]]}},{"type":"Feature","id":"way/423084914","properties":{"building":"yes","id":"way/423084914"},"geometry":{"type":"Polygon","coordinates":[[[121.6553038,38.9207183],[121.6551294,38.9206957],[121.6551587,38.9205591],[121.6553331,38.9205817],[121.6553038,38.9207183]]]}},{"type":"Feature","id":"way/423084916","properties":{"building":"yes","id":"way/423084916"},"geometry":{"type":"Polygon","coordinates":[[[121.6471553,38.9192545],[121.6470808,38.9188798],[121.6472999,38.9188534],[121.6473744,38.9192282],[121.6471553,38.9192545]]]}},{"type":"Feature","id":"way/423084921","properties":{"building":"yes","id":"way/423084921"},"geometry":{"type":"Polygon","coordinates":[[[121.6496994,38.9164169],[121.6501331,38.9164252],[121.6501292,38.9165493],[121.6496955,38.9165411],[121.6496994,38.9164169]]]}},{"type":"Feature","id":"way/423084923","properties":{"building":"yes","id":"way/423084923"},"geometry":{"type":"Polygon","coordinates":[[[121.6519667,38.9215299],[121.6524058,38.9213312],[121.6524788,38.9214288],[121.6520397,38.9216276],[121.6519667,38.9215299]]]}},{"type":"Feature","id":"way/423084925","properties":{"building":"yes","id":"way/423084925"},"geometry":{"type":"Polygon","coordinates":[[[121.6336365,38.9311916],[121.6338291,38.9310361],[121.6339211,38.9311051],[121.6337285,38.9312605],[121.6336365,38.9311916]]]}},{"type":"Feature","id":"way/423084933","properties":{"building":"yes","id":"way/423084933"},"geometry":{"type":"Polygon","coordinates":[[[121.6460908,38.917476],[121.646498,38.9174387],[121.646516,38.9175576],[121.6461088,38.9175949],[121.6460908,38.917476]]]}},{"type":"Feature","id":"way/423084936","properties":{"building":"yes","id":"way/423084936"},"geometry":{"type":"Polygon","coordinates":[[[121.6290027,38.9287716],[121.6290612,38.9286313],[121.6292026,38.928667],[121.6291441,38.9288073],[121.6290027,38.9287716]]]}},{"type":"Feature","id":"way/423084938","properties":{"building":"yes","id":"way/423084938"},"geometry":{"type":"Polygon","coordinates":[[[121.6456438,38.9220061],[121.6457329,38.9218405],[121.6458642,38.9218833],[121.6457751,38.9220489],[121.6456438,38.9220061]]]}},{"type":"Feature","id":"way/423084940","properties":{"building":"yes","id":"way/423084940"},"geometry":{"type":"Polygon","coordinates":[[[121.6451451,38.9219804],[121.6456667,38.9221543],[121.645607,38.9222625],[121.6450855,38.9220886],[121.6451451,38.9219804]]]}},{"type":"Feature","id":"way/423084948","properties":{"building":"yes","id":"way/423084948"},"geometry":{"type":"Polygon","coordinates":[[[121.6531775,38.9232111],[121.6530391,38.9229192],[121.6531898,38.9228759],[121.6533282,38.9231679],[121.6531775,38.9232111]]]}},{"type":"Feature","id":"way/423084950","properties":{"building":"yes","id":"way/423084950"},"geometry":{"type":"Polygon","coordinates":[[[121.6297466,38.9249948],[121.629804,38.9248641],[121.6300276,38.9249303],[121.6299653,38.925068],[121.6298889,38.925049],[121.6299181,38.9249858],[121.629847,38.9249694],[121.6298269,38.9250177],[121.6297466,38.9249948]]]}},{"type":"Feature","id":"way/423084951","properties":{"building":"yes","id":"way/423084951"},"geometry":{"type":"Polygon","coordinates":[[[121.6537204,38.9225113],[121.6535843,38.9225443],[121.65339,38.9220599],[121.6535261,38.9220268],[121.6537204,38.9225113]]]}},{"type":"Feature","id":"way/423084955","properties":{"building":"yes","id":"way/423084955"},"geometry":{"type":"Polygon","coordinates":[[[121.6530538,38.9180536],[121.6530757,38.917935],[121.6536412,38.9179981],[121.6536193,38.9181168],[121.6530538,38.9180536]]]}},{"type":"Feature","id":"way/423084958","properties":{"building":"yes","id":"way/423084958"},"geometry":{"type":"Polygon","coordinates":[[[121.653252,38.9213457],[121.6531103,38.9213856],[121.6529746,38.9210936],[121.6531163,38.9210537],[121.653252,38.9213457]]]}},{"type":"Feature","id":"way/423084959","properties":{"building":"yes","id":"way/423084959"},"geometry":{"type":"Polygon","coordinates":[[[121.6373823,38.9170805],[121.6375911,38.9171222],[121.637527,38.9173168],[121.6373182,38.9172752],[121.6373823,38.9170805]]]}},{"type":"Feature","id":"way/423084970","properties":{"building":"yes","id":"way/423084970"},"geometry":{"type":"Polygon","coordinates":[[[121.6478579,38.9211666],[121.6481506,38.9212577],[121.6480862,38.921383],[121.6477934,38.9212919],[121.6478579,38.9211666]]]}},{"type":"Feature","id":"way/423084971","properties":{"building":"yes","id":"way/423084971"},"geometry":{"type":"Polygon","coordinates":[[[121.6290709,38.9293043],[121.6292464,38.9293461],[121.6292046,38.9294523],[121.6290292,38.9294105],[121.6290709,38.9293043]]]}},{"type":"Feature","id":"way/423084975","properties":{"building":"yes","id":"way/423084975"},"geometry":{"type":"Polygon","coordinates":[[[121.6523871,38.9243415],[121.6525243,38.9240563],[121.6526932,38.9241055],[121.652556,38.9243906],[121.6523871,38.9243415]]]}},{"type":"Feature","id":"way/423084979","properties":{"building":"yes","id":"way/423084979"},"geometry":{"type":"Polygon","coordinates":[[[121.6497233,38.9167047],[121.6501385,38.916713],[121.650134,38.9168499],[121.6497188,38.9168416],[121.6497233,38.9167047]]]}},{"type":"Feature","id":"way/423084982","properties":{"building":"yes","id":"way/423084982"},"geometry":{"type":"Polygon","coordinates":[[[121.6526932,38.9223146],[121.6525934,38.922237],[121.6527584,38.9221086],[121.6528582,38.9221862],[121.6526932,38.9223146]]]}},{"type":"Feature","id":"way/423084984","properties":{"building":"yes","id":"way/423084984"},"geometry":{"type":"Polygon","coordinates":[[[121.6602735,38.9182804],[121.660432,38.9182594],[121.6604799,38.9184789],[121.6603214,38.9184998],[121.6602735,38.9182804]]]}},{"type":"Feature","id":"way/423084986","properties":{"building":"yes","id":"way/423084986"},"geometry":{"type":"Polygon","coordinates":[[[121.663703,38.9191659],[121.6636773,38.9190409],[121.6639595,38.9190057],[121.6639852,38.9191308],[121.663703,38.9191659]]]}},{"type":"Feature","id":"way/423084994","properties":{"building":"yes","id":"way/423084994"},"geometry":{"type":"Polygon","coordinates":[[[121.6402675,38.9285735],[121.6404381,38.9286816],[121.6403563,38.9287598],[121.6401857,38.9286517],[121.6402675,38.9285735]]]}},{"type":"Feature","id":"way/423084995","properties":{"building":"yes","id":"way/423084995"},"geometry":{"type":"Polygon","coordinates":[[[121.6584346,38.9174335],[121.6588099,38.9174729],[121.6587814,38.9176372],[121.6584062,38.9175979],[121.6584346,38.9174335]]]}},{"type":"Feature","id":"way/423084997","properties":{"building":"yes","id":"way/423084997"},"geometry":{"type":"Polygon","coordinates":[[[121.6490634,38.9223281],[121.6491139,38.9222314],[121.6494998,38.9223535],[121.6494492,38.9224502],[121.6490634,38.9223281]]]}},{"type":"Feature","id":"way/423085013","properties":{"building":"yes","id":"way/423085013"},"geometry":{"type":"Polygon","coordinates":[[[121.6527304,38.9215858],[121.65269,38.9215276],[121.65302,38.9213889],[121.6530604,38.9214471],[121.6527304,38.9215858]]]}},{"type":"Feature","id":"way/423085023","properties":{"building":"yes","id":"way/423085023"},"geometry":{"type":"Polygon","coordinates":[[[121.6536272,38.9233249],[121.6535798,38.9231995],[121.6540135,38.9231001],[121.654061,38.9232256],[121.6536272,38.9233249]]]}},{"type":"Feature","id":"way/423085029","properties":{"building":"yes","id":"way/423085029"},"geometry":{"type":"Polygon","coordinates":[[[121.629486,38.9196149],[121.6295259,38.9195265],[121.6296525,38.9195611],[121.6296127,38.9196494],[121.629486,38.9196149]]]}},{"type":"Feature","id":"way/423085031","properties":{"building":"yes","id":"way/423085031"},"geometry":{"type":"Polygon","coordinates":[[[121.6367991,38.917566],[121.6372015,38.9176353],[121.6371697,38.9177469],[121.6367673,38.9176776],[121.6367991,38.917566]]]}},{"type":"Feature","id":"way/423085034","properties":{"building":"yes","id":"way/423085034"},"geometry":{"type":"Polygon","coordinates":[[[121.6535554,38.9205838],[121.6535906,38.9203978],[121.6537683,38.9204181],[121.6537331,38.9206041],[121.6535554,38.9205838]]]}},{"type":"Feature","id":"way/423085039","properties":{"building":"yes","id":"way/423085039"},"geometry":{"type":"Polygon","coordinates":[[[121.6292446,38.917168],[121.6293604,38.9169329],[121.6295228,38.9169812],[121.629407,38.9172164],[121.6292446,38.917168]]]}},{"type":"Feature","id":"way/423085042","properties":{"building":"yes","id":"way/423085042"},"geometry":{"type":"Polygon","coordinates":[[[121.6504418,38.9213798],[121.6507159,38.9214606],[121.6506458,38.9216047],[121.6503717,38.921524],[121.6504418,38.9213798]]]}},{"type":"Feature","id":"way/423085043","properties":{"building":"yes","id":"way/423085043"},"geometry":{"type":"Polygon","coordinates":[[[121.6445434,38.9171385],[121.6447722,38.9171157],[121.6447855,38.9171962],[121.6445566,38.9172189],[121.6445434,38.9171385]]]}},{"type":"Feature","id":"way/423085045","properties":{"building":"yes","id":"way/423085045"},"geometry":{"type":"Polygon","coordinates":[[[121.6295753,38.9296589],[121.630382,38.9299489],[121.6303212,38.9300512],[121.6295145,38.9297612],[121.6295753,38.9296589]]]}},{"type":"Feature","id":"way/423085066","properties":{"building":"yes","id":"way/423085066"},"geometry":{"type":"Polygon","coordinates":[[[121.6302406,38.9277308],[121.6303567,38.9276891],[121.6306272,38.9281441],[121.6305111,38.9281858],[121.6302406,38.9277308]]]}},{"type":"Feature","id":"way/423085077","properties":{"building":"yes","id":"way/423085077"},"geometry":{"type":"Polygon","coordinates":[[[121.6462287,38.9185978],[121.6462103,38.9185012],[121.6464825,38.9184698],[121.6465009,38.9185664],[121.6462287,38.9185978]]]}},{"type":"Feature","id":"way/423085081","properties":{"building":"yes","id":"way/423085081"},"geometry":{"type":"Polygon","coordinates":[[[121.6619813,38.9206943],[121.6622551,38.9206591],[121.6622775,38.9207646],[121.6620037,38.9207997],[121.6619813,38.9206943]]]}},{"type":"Feature","id":"way/423085090","properties":{"building":"yes","id":"way/423085090"},"geometry":{"type":"Polygon","coordinates":[[[121.6436195,38.9236591],[121.6436663,38.9235556],[121.6438293,38.9236002],[121.6437318,38.923816],[121.6436082,38.9237822],[121.643659,38.9236699],[121.6436195,38.9236591]]]}},{"type":"Feature","id":"way/423085096","properties":{"building":"yes","id":"way/423085096"},"geometry":{"type":"Polygon","coordinates":[[[121.6456824,38.9209243],[121.6458979,38.9209854],[121.645839,38.9211112],[121.6456235,38.9210502],[121.6456824,38.9209243]]]}},{"type":"Feature","id":"way/423085099","properties":{"building":"yes","id":"way/423085099"},"geometry":{"type":"Polygon","coordinates":[[[121.6498617,38.9161105],[121.6501465,38.9161125],[121.650145,38.9162328],[121.6498603,38.9162307],[121.6498617,38.9161105]]]}},{"type":"Feature","id":"way/423085101","properties":{"building":"yes","id":"way/423085101"},"geometry":{"type":"Polygon","coordinates":[[[121.6321244,38.9160131],[121.6324915,38.9161196],[121.6327624,38.9162007],[121.6325974,38.9165405],[121.6319594,38.9163528],[121.6321244,38.9160131]]]}},{"type":"Feature","id":"way/423085108","properties":{"building":"yes","id":"way/423085108"},"geometry":{"type":"Polygon","coordinates":[[[121.6399276,38.9236003],[121.6398933,38.9237696],[121.6395048,38.9237219],[121.6394646,38.9236913],[121.6395391,38.9235527],[121.6399276,38.9236003]]]}},{"type":"Feature","id":"way/423085110","properties":{"building":"yes","id":"way/423085110"},"geometry":{"type":"Polygon","coordinates":[[[121.6548274,38.9167461],[121.6552426,38.9167896],[121.6552184,38.916929],[121.6549388,38.9168998],[121.6549053,38.9170933],[121.6547698,38.9170791],[121.6548274,38.9167461]]]}},{"type":"Feature","id":"way/423085111","properties":{"building":"yes","id":"way/423085111"},"geometry":{"type":"Polygon","coordinates":[[[121.6456888,38.9215195],[121.645986,38.9216107],[121.645886,38.921808],[121.6457719,38.9217729],[121.6458285,38.9216613],[121.6456454,38.9216051],[121.6456888,38.9215195]]]}},{"type":"Feature","id":"way/423085114","properties":{"building":"yes","id":"way/423085114"},"geometry":{"type":"Polygon","coordinates":[[[121.6443544,38.9210881],[121.6449865,38.9212629],[121.64492,38.9214084],[121.6444782,38.9212862],[121.6444927,38.9212546],[121.6443024,38.921202],[121.6443544,38.9210881]]]}},{"type":"Feature","id":"way/423085115","properties":{"building":"yes","id":"way/423085115"},"geometry":{"type":"Polygon","coordinates":[[[121.6499628,38.9212556],[121.650005,38.9211664],[121.6501856,38.9212181],[121.6502307,38.9211226],[121.6503614,38.92116],[121.6502742,38.9213446],[121.6499628,38.9212556]]]}},{"type":"Feature","id":"way/423085116","properties":{"building":"yes","id":"way/423085116"},"geometry":{"type":"Polygon","coordinates":[[[121.6335686,38.9303671],[121.6331543,38.9302116],[121.633232,38.9300863],[121.633555,38.9302076],[121.6335969,38.9301801],[121.6337036,38.9302788],[121.6335686,38.9303671]]]}},{"type":"Feature","id":"way/423085119","properties":{"building":"yes","id":"way/423085119"},"geometry":{"type":"Polygon","coordinates":[[[121.6547902,38.9219834],[121.653886,38.9218502],[121.6539733,38.9214914],[121.654565,38.9215785],[121.6546001,38.9214342],[121.6549126,38.9214802],[121.6547902,38.9219834]]]}},{"type":"Feature","id":"way/423085120","properties":{"building":"yes","id":"way/423085120"},"geometry":{"type":"Polygon","coordinates":[[[121.6622043,38.9200399],[121.6627462,38.9199696],[121.6627994,38.9202178],[121.6626634,38.9202354],[121.6626348,38.9201015],[121.6622288,38.9201542],[121.6622043,38.9200399]]]}},{"type":"Feature","id":"way/423085127","properties":{"building":"yes","id":"way/423085127"},"geometry":{"type":"Polygon","coordinates":[[[121.6529114,38.9206987],[121.652672,38.9207612],[121.6525002,38.9203633],[121.6520131,38.9204906],[121.6519587,38.9203647],[121.6526852,38.9201748],[121.6529114,38.9206987]]]}},{"type":"Feature","id":"way/423085129","properties":{"building":"yes","id":"way/423085129"},"geometry":{"type":"Polygon","coordinates":[[[121.6575698,38.9178311],[121.6575968,38.9176771],[121.6578773,38.917707],[121.657917,38.9174813],[121.6580649,38.917497],[121.6579982,38.9178766],[121.6575698,38.9178311]]]}},{"type":"Feature","id":"way/423085133","properties":{"building":"yes","id":"way/423085133"},"geometry":{"type":"Polygon","coordinates":[[[121.6658141,38.9173598],[121.6659406,38.9173432],[121.6659647,38.917454],[121.6665071,38.9173828],[121.666529,38.9174839],[121.6658601,38.9175717],[121.6658141,38.9173598]]]}},{"type":"Feature","id":"way/423085134","properties":{"building":"yes","id":"way/423085134"},"geometry":{"type":"Polygon","coordinates":[[[121.6536432,38.9234906],[121.6541355,38.9233664],[121.6542663,38.9236801],[121.6540832,38.9237263],[121.6539944,38.9235134],[121.6536853,38.9235914],[121.6536432,38.9234906]]]}},{"type":"Feature","id":"way/423085140","properties":{"building":"yes","id":"way/423085140"},"geometry":{"type":"Polygon","coordinates":[[[121.6479084,38.9184222],[121.6487334,38.9184284],[121.6487241,38.9191763],[121.6485012,38.9191746],[121.6485072,38.918692],[121.6479051,38.9186874],[121.6479084,38.9184222]]]}},{"type":"Feature","id":"way/423085141","properties":{"building":"yes","id":"way/423085141"},"geometry":{"type":"Polygon","coordinates":[[[121.6382266,38.9162206],[121.6382405,38.9159947],[121.6383608,38.9159992],[121.6383505,38.916165],[121.6387294,38.9163157],[121.6386748,38.9163989],[121.6382266,38.9162206]]]}},{"type":"Feature","id":"way/423085143","properties":{"building":"yes","id":"way/423085143"},"geometry":{"type":"Polygon","coordinates":[[[121.6552585,38.9209937],[121.6548817,38.9209436],[121.6549123,38.9208042],[121.6551399,38.9208345],[121.6551625,38.9207316],[121.6553118,38.9207515],[121.6552585,38.9209937]]]}},{"type":"Feature","id":"way/423085145","properties":{"building":"yes","id":"way/423085145"},"geometry":{"type":"Polygon","coordinates":[[[121.661383,38.9201453],[121.6620914,38.9200574],[121.662114,38.9201678],[121.6615429,38.9202386],[121.6615812,38.9204259],[121.6614439,38.9204429],[121.661383,38.9201453]]]}},{"type":"Feature","id":"way/423085147","properties":{"building":"yes","id":"way/423085147"},"geometry":{"type":"Polygon","coordinates":[[[121.6635691,38.9187778],[121.6641025,38.9187031],[121.664189,38.9190775],[121.6640496,38.919097],[121.6639967,38.9188679],[121.6636026,38.918923],[121.6635691,38.9187778]]]}},{"type":"Feature","id":"way/423085149","properties":{"building":"yes","id":"way/423085149"},"geometry":{"type":"Polygon","coordinates":[[[121.6531961,38.9197928],[121.6532622,38.9194437],[121.6533985,38.9194593],[121.6533553,38.9196877],[121.6536406,38.9197204],[121.6536177,38.9198411],[121.6531961,38.9197928]]]}},{"type":"Feature","id":"way/423085150","properties":{"building":"yes","id":"way/423085150"},"geometry":{"type":"Polygon","coordinates":[[[121.6321841,38.92962],[121.6324814,38.9297299],[121.6324211,38.9298287],[121.6322352,38.92976],[121.6321619,38.9298799],[121.6320505,38.9298387],[121.6321841,38.92962]]]}},{"type":"Feature","id":"way/423085151","properties":{"building":"yes","id":"way/423085151"},"geometry":{"type":"Polygon","coordinates":[[[121.6577853,38.9170733],[121.6581446,38.9171064],[121.6580984,38.9174095],[121.657923,38.9173934],[121.6579456,38.917245],[121.6577617,38.917228],[121.6577853,38.9170733]]]}},{"type":"Feature","id":"way/423085152","properties":{"building":"yes","id":"way/423085152"},"geometry":{"type":"Polygon","coordinates":[[[121.6546465,38.9176095],[121.6551574,38.9176613],[121.6551326,38.9178095],[121.6547684,38.9177726],[121.6547405,38.9179395],[121.6545937,38.9179247],[121.6546465,38.9176095]]]}},{"type":"Feature","id":"way/423085154","properties":{"building":"yes","id":"way/423085154"},"geometry":{"type":"Polygon","coordinates":[[[121.6361442,38.936525],[121.6362912,38.9363013],[121.6364178,38.9363516],[121.6363578,38.9364428],[121.6366602,38.9365631],[121.6365731,38.9366956],[121.6361442,38.936525]]]}},{"type":"Feature","id":"way/423085155","properties":{"building":"yes","id":"way/423085155"},"geometry":{"type":"Polygon","coordinates":[[[121.6657466,38.9170924],[121.6658901,38.9170741],[121.6659055,38.917147],[121.6665184,38.9170688],[121.6665364,38.9171543],[121.66578,38.9172509],[121.6657466,38.9170924]]]}},{"type":"Feature","id":"way/423085159","properties":{"building":"yes","id":"way/423085159"},"geometry":{"type":"Polygon","coordinates":[[[121.6527943,38.9243518],[121.6529008,38.924151],[121.6532633,38.9242673],[121.6532179,38.9243529],[121.6529885,38.9242794],[121.6529275,38.9243946],[121.6527943,38.9243518]]]}},{"type":"Feature","id":"way/423085161","properties":{"building":"yes","id":"way/423085161"},"geometry":{"type":"Polygon","coordinates":[[[121.6358627,38.9307299],[121.6365889,38.9309574],[121.6364589,38.9312087],[121.6363497,38.9311745],[121.6364092,38.9310596],[121.6357921,38.9308663],[121.6358627,38.9307299]]]}},{"type":"Feature","id":"way/423085164","properties":{"building":"yes","id":"way/423085164"},"geometry":{"type":"Polygon","coordinates":[[[121.6521077,38.9209906],[121.6519906,38.9209078],[121.6520149,38.920728],[121.6521506,38.9206763],[121.6524217,38.9208332],[121.6523499,38.9209347],[121.6521077,38.9209906]]]}},{"type":"Feature","id":"way/423085168","properties":{"building":"yes","id":"way/423085168"},"geometry":{"type":"Polygon","coordinates":[[[121.6649195,38.9174563],[121.6655714,38.9173773],[121.6656184,38.9176119],[121.6654556,38.9176316],[121.6654327,38.9175169],[121.6649435,38.9175762],[121.6649195,38.9174563]]]}},{"type":"Feature","id":"way/423085172","properties":{"building":"yes","id":"way/423085172"},"geometry":{"type":"Polygon","coordinates":[[[121.6497978,38.9215455],[121.6498509,38.921444],[121.650037,38.9215029],[121.6500902,38.9214012],[121.6502181,38.9214416],[121.6501119,38.9216448],[121.6497978,38.9215455]]]}},{"type":"Feature","id":"way/423085173","properties":{"building":"yes","id":"way/423085173"},"geometry":{"type":"Polygon","coordinates":[[[121.657136,38.9170008],[121.6576682,38.9170567],[121.6576433,38.9172002],[121.657251,38.917159],[121.6572214,38.9173297],[121.6570815,38.917315],[121.657136,38.9170008]]]}},{"type":"Feature","id":"way/423085174","properties":{"building":"yes","id":"way/423085174"},"geometry":{"type":"Polygon","coordinates":[[[121.6544921,38.9183425],[121.6545507,38.9180733],[121.6548276,38.9181098],[121.6548056,38.9182106],[121.6546711,38.9181929],[121.6546345,38.9183612],[121.6544921,38.9183425]]]}},{"type":"Feature","id":"way/423085178","properties":{"building":"yes","id":"way/423085178"},"geometry":{"type":"Polygon","coordinates":[[[121.6554182,38.9172244],[121.6558626,38.91727],[121.6558046,38.9176126],[121.6556373,38.9175954],[121.6556731,38.9173844],[121.6553959,38.917356],[121.6554182,38.9172244]]]}},{"type":"Feature","id":"way/423085179","properties":{"building":"yes","id":"way/423085179"},"geometry":{"type":"Polygon","coordinates":[[[121.6665805,38.9168272],[121.6669869,38.9167767],[121.6670183,38.9169295],[121.6667609,38.9169615],[121.6668129,38.9172151],[121.6666639,38.9172336],[121.6665805,38.9168272]]]}},{"type":"Feature","id":"way/423085180","properties":{"building":"yes","id":"way/423085180"},"geometry":{"type":"Polygon","coordinates":[[[121.6327471,38.9294304],[121.6333977,38.9296788],[121.633299,38.9298352],[121.63276,38.9296295],[121.6326821,38.9297531],[121.6325704,38.9297105],[121.6327471,38.9294304]]]}},{"type":"Feature","id":"way/423085181","properties":{"building":"yes","id":"way/423085181"},"geometry":{"type":"Polygon","coordinates":[[[121.652938,38.9240723],[121.6530391,38.9238715],[121.6535777,38.9240357],[121.6535332,38.9241241],[121.6531244,38.9239995],[121.6530678,38.9241119],[121.652938,38.9240723]]]}},{"type":"Feature","id":"way/423085183","properties":{"building":"yes","id":"way/423085183"},"geometry":{"type":"Polygon","coordinates":[[[121.6556098,38.9230558],[121.6556695,38.9229055],[121.6560695,38.9230017],[121.6561716,38.9227448],[121.656357,38.9227894],[121.6561953,38.9231966],[121.6556098,38.9230558]]]}},{"type":"Feature","id":"way/423085186","properties":{"building":"yes","id":"way/423085186"},"geometry":{"type":"Polygon","coordinates":[[[121.653248,38.9177244],[121.653441,38.9174925],[121.6537244,38.9175195],[121.6537057,38.9176387],[121.653511,38.9176202],[121.6533723,38.917787],[121.653248,38.9177244]]]}},{"type":"Feature","id":"way/423085187","properties":{"building":"yes","id":"way/423085187"},"geometry":{"type":"Polygon","coordinates":[[[121.6569524,38.9178704],[121.6579822,38.9179719],[121.6579375,38.9182466],[121.6577541,38.9182285],[121.6577766,38.91809],[121.6569302,38.9180066],[121.6569524,38.9178704]]]}},{"type":"Feature","id":"way/423085190","properties":{"building":"yes","id":"way/423085190"},"geometry":{"type":"Polygon","coordinates":[[[121.6641631,38.9175771],[121.6648235,38.9174805],[121.6648521,38.9175988],[121.6643154,38.9176773],[121.6643445,38.9177978],[121.6642208,38.9178159],[121.6641631,38.9175771]]]}},{"type":"Feature","id":"way/423085191","properties":{"building":"yes","id":"way/423085191"},"geometry":{"type":"Polygon","coordinates":[[[121.633572,38.9351677],[121.6349318,38.9347545],[121.6355272,38.93594],[121.6350256,38.9360924],[121.6346428,38.9353303],[121.6337846,38.9355911],[121.633572,38.9351677]]]}},{"type":"Feature","id":"way/423085195","properties":{"building":"yes","id":"way/423085195"},"geometry":{"type":"Polygon","coordinates":[[[121.6530977,38.9237949],[121.6531988,38.9236044],[121.6535607,38.9235113],[121.653599,38.9236014],[121.6533091,38.923676],[121.6532244,38.9238356],[121.6530977,38.9237949]]]}},{"type":"Feature","id":"way/423085199","properties":{"building":"yes","id":"way/423085199"},"geometry":{"type":"Polygon","coordinates":[[[121.63157,38.9290058],[121.6320379,38.929165],[121.6319601,38.9293033],[121.6315984,38.9291803],[121.6315187,38.929322],[121.6314125,38.9292858],[121.63157,38.9290058]]]}},{"type":"Feature","id":"way/423085203","properties":{"building":"yes","id":"way/423085203"},"geometry":{"type":"Polygon","coordinates":[[[121.6637284,38.9184423],[121.6637104,38.9183627],[121.6639629,38.9183282],[121.6639351,38.918205],[121.6640438,38.9181901],[121.6640897,38.9183929],[121.6637284,38.9184423]]]}},{"type":"Feature","id":"way/423085208","properties":{"building":"yes","id":"way/423085208"},"geometry":{"type":"Polygon","coordinates":[[[121.6375962,38.9167001],[121.6379094,38.916718],[121.637881,38.9170204],[121.6377451,38.9170126],[121.6377598,38.9168562],[121.6375825,38.9168462],[121.6375962,38.9167001]]]}},{"type":"Feature","id":"way/423085210","properties":{"building":"yes","id":"way/423085210"},"geometry":{"type":"Polygon","coordinates":[[[121.6341723,38.9293744],[121.6344701,38.9293342],[121.634433,38.9291679],[121.6345512,38.9291519],[121.6346133,38.9294298],[121.6341972,38.929486],[121.6341723,38.9293744]]]}},{"type":"Feature","id":"way/423085214","properties":{"building":"yes","id":"way/423085214"},"geometry":{"type":"Polygon","coordinates":[[[121.6509847,38.9202929],[121.651328,38.9204005],[121.651209,38.9206303],[121.6510975,38.9205953],[121.6511569,38.9204808],[121.650925,38.920408],[121.6509847,38.9202929]]]}},{"type":"Feature","id":"way/423085217","properties":{"building":"yes","id":"way/423085217"},"geometry":{"type":"Polygon","coordinates":[[[121.6550323,38.9184998],[121.6556205,38.9185682],[121.6555771,38.9187939],[121.6554671,38.9187811],[121.6554899,38.9186623],[121.6550118,38.9186068],[121.6550323,38.9184998]]]}},{"type":"Feature","id":"way/423085218","properties":{"building":"yes","id":"way/423085218"},"geometry":{"type":"Polygon","coordinates":[[[121.6597971,38.9186034],[121.6602868,38.9185392],[121.6603079,38.9186365],[121.6599211,38.9186872],[121.6599548,38.9188427],[121.6598519,38.9188562],[121.6597971,38.9186034]]]}},{"type":"Feature","id":"way/423085226","properties":{"building":"yes","id":"way/423085226"},"geometry":{"type":"Polygon","coordinates":[[[121.6318234,38.9294873],[121.6321159,38.9295916],[121.632055,38.9296948],[121.6318795,38.9296322],[121.631819,38.9297349],[121.6317021,38.9296932],[121.6318234,38.9294873]]]}},{"type":"Feature","id":"way/423085227","properties":{"building":"yes","id":"way/423085227"},"geometry":{"type":"Polygon","coordinates":[[[121.6514903,38.9226686],[121.6517602,38.9228689],[121.6518788,38.9227721],[121.6519522,38.9228266],[121.6517475,38.9229935],[121.6514043,38.9227389],[121.6514903,38.9226686]]]}},{"type":"Feature","id":"way/423085228","properties":{"building":"yes","id":"way/423085228"},"geometry":{"type":"Polygon","coordinates":[[[121.6508224,38.9206241],[121.6511737,38.9207318],[121.6510256,38.9210242],[121.6509178,38.9209911],[121.6510128,38.9208034],[121.6507694,38.9207288],[121.6508224,38.9206241]]]}},{"type":"Feature","id":"way/423085229","properties":{"building":"yes","id":"way/423085229"},"geometry":{"type":"Polygon","coordinates":[[[121.6537763,38.9184936],[121.6538015,38.9183733],[121.6543231,38.9184396],[121.6542848,38.9186221],[121.6541699,38.9186075],[121.654183,38.9185453],[121.6537763,38.9184936]]]}},{"type":"Feature","id":"way/423085230","properties":{"building":"yes","id":"way/423085230"},"geometry":{"type":"Polygon","coordinates":[[[121.6496016,38.9218703],[121.6496722,38.9217329],[121.6497727,38.9217641],[121.6498351,38.9216428],[121.6500462,38.9217085],[121.6499131,38.9219673],[121.6496016,38.9218703]]]}},{"type":"Feature","id":"way/423085231","properties":{"building":"yes","id":"way/423085231"},"geometry":{"type":"Polygon","coordinates":[[[121.6379046,38.9163695],[121.6378799,38.9167108],[121.6377555,38.9167053],[121.6377732,38.9164605],[121.637471,38.9163846],[121.6375175,38.9162723],[121.6379046,38.9163695]]]}},{"type":"Feature","id":"way/423085232","properties":{"building":"yes","id":"way/423085232"},"geometry":{"type":"Polygon","coordinates":[[[121.6601963,38.9181044],[121.6607179,38.9180381],[121.6607961,38.9184109],[121.6606387,38.9184309],[121.6605864,38.9181821],[121.6602223,38.9182283],[121.6601963,38.9181044]]]}},{"type":"Feature","id":"way/423085233","properties":{"building":"yes","id":"way/423085233"},"geometry":{"type":"Polygon","coordinates":[[[121.6393457,38.9158758],[121.6397659,38.9158917],[121.6397595,38.9159947],[121.639465,38.9159836],[121.6394246,38.9166313],[121.6392989,38.9166265],[121.6393457,38.9158758]]]}},{"type":"Feature","id":"way/423085234","properties":{"building":"yes","id":"way/423085234"},"geometry":{"type":"Polygon","coordinates":[[[121.6677814,38.9212498],[121.6677656,38.9211596],[121.6679719,38.9211377],[121.6679598,38.9210689],[121.668064,38.9210578],[121.6680919,38.9212169],[121.6677814,38.9212498]]]}},{"type":"Feature","id":"way/423085242","properties":{"building":"yes","id":"way/423085242"},"geometry":{"type":"Polygon","coordinates":[[[121.655679,38.920004],[121.6557771,38.9194312],[121.6570358,38.9195616],[121.656993,38.9198114],[121.6572915,38.9198424],[121.6572362,38.9201654],[121.655679,38.920004]]]}},{"type":"Feature","id":"way/423085245","properties":{"building":"yes","id":"way/423085245"},"geometry":{"type":"Polygon","coordinates":[[[121.6321208,38.9291934],[121.6326691,38.9293925],[121.632592,38.929521],[121.6321552,38.9293624],[121.6320953,38.9294624],[121.6319837,38.9294219],[121.6321208,38.9291934]]]}},{"type":"Feature","id":"way/423085246","properties":{"building":"yes","id":"way/423085246"},"geometry":{"type":"Polygon","coordinates":[[[121.6517565,38.9224471],[121.6520208,38.9226576],[121.6521673,38.9225462],[121.652241,38.9226049],[121.6520093,38.922781],[121.6516713,38.9225118],[121.6517565,38.9224471]]]}},{"type":"Feature","id":"way/423085247","properties":{"building":"yes","id":"way/423085247"},"geometry":{"type":"Polygon","coordinates":[[[121.6436583,38.9206804],[121.6438152,38.920338],[121.6439658,38.9203798],[121.643842,38.9206498],[121.6440081,38.9206959],[121.6439749,38.9207682],[121.6436583,38.9206804]]]}},{"type":"Feature","id":"way/423085255","properties":{"building":"yes","id":"way/423085255"},"geometry":{"type":"Polygon","coordinates":[[[121.6511391,38.9199802],[121.6515116,38.9200837],[121.6514052,38.9203156],[121.6512752,38.9202795],[121.6513295,38.9201613],[121.6510869,38.9200939],[121.6511391,38.9199802]]]}},{"type":"Feature","id":"way/423085258","properties":{"building":"yes","id":"way/423085258"},"geometry":{"type":"Polygon","coordinates":[[[121.6522075,38.9238613],[121.6522426,38.9237884],[121.6526617,38.9239105],[121.6528004,38.9236221],[121.652946,38.9236645],[121.6527722,38.9240257],[121.6522075,38.9238613]]]}},{"type":"Feature","id":"way/423085260","properties":{"building":"yes","id":"way/423085260"},"geometry":{"type":"Polygon","coordinates":[[[121.660364,38.9188001],[121.6606801,38.91876],[121.6606445,38.9185902],[121.660818,38.9185682],[121.6608743,38.9188364],[121.6603846,38.9188986],[121.660364,38.9188001]]]}},{"type":"Feature","id":"way/423085261","properties":{"building":"yes","id":"way/423085261"},"geometry":{"type":"Polygon","coordinates":[[[121.6437623,38.9199916],[121.6436612,38.9195568],[121.643798,38.9195376],[121.6438785,38.9198837],[121.6440977,38.9198528],[121.6441183,38.9199415],[121.6437623,38.9199916]]]}},{"type":"Feature","id":"way/423085262","properties":{"building":"yes","id":"way/423085262"},"geometry":{"type":"Polygon","coordinates":[[[121.6585584,38.9207535],[121.6585424,38.9204347],[121.6589462,38.9204448],[121.6590134,38.9205082],[121.658899,38.92059],[121.6589089,38.9207429],[121.6585584,38.9207535]]]}},{"type":"Feature","id":"way/423085264","properties":{"building":"yes","id":"way/423085264"},"geometry":{"type":"Polygon","coordinates":[[[121.6552599,38.9176603],[121.6557681,38.9177141],[121.6557109,38.9180414],[121.6555711,38.9180266],[121.6556045,38.9178355],[121.655236,38.9177965],[121.6552599,38.9176603]]]}},{"type":"Feature","id":"way/423085265","properties":{"building":"yes","id":"way/423085265"},"geometry":{"type":"Polygon","coordinates":[[[121.6370035,38.931183],[121.6373105,38.9311792],[121.6373165,38.9314694],[121.6371757,38.9314712],[121.6371729,38.9313299],[121.6370065,38.9313319],[121.6370035,38.931183]]]}},{"type":"Feature","id":"way/423085271","properties":{"building":"yes","id":"way/423085271"},"geometry":{"type":"Polygon","coordinates":[[[121.6453576,38.9162761],[121.6452568,38.9163628],[121.6451647,38.9162979],[121.6453353,38.9161513],[121.64552,38.9161394],[121.6455333,38.9162649],[121.6453576,38.9162761]]]}},{"type":"Feature","id":"way/423085274","properties":{"building":"yes","id":"way/423085274"},"geometry":{"type":"Polygon","coordinates":[[[121.6622777,38.9203363],[121.6628083,38.9202726],[121.6628541,38.9205037],[121.6627371,38.9205177],[121.6627171,38.9204168],[121.6623035,38.9204664],[121.6622777,38.9203363]]]}},{"type":"Feature","id":"way/423085278","properties":{"building":"yes","id":"way/423085278"},"geometry":{"type":"Polygon","coordinates":[[[121.6531163,38.918417],[121.6531422,38.9182927],[121.653725,38.9183662],[121.6536887,38.9185406],[121.6535895,38.9185281],[121.6536,38.918478],[121.6531163,38.918417]]]}},{"type":"Feature","id":"way/423085279","properties":{"building":"yes","id":"way/423085279"},"geometry":{"type":"Polygon","coordinates":[[[121.6303978,38.9308617],[121.6304648,38.9307579],[121.6308493,38.9309082],[121.6309212,38.9307968],[121.6310753,38.930857],[121.6309364,38.9310721],[121.6303978,38.9308617]]]}},{"type":"Feature","id":"way/423085281","properties":{"building":"yes","id":"way/423085281"},"geometry":{"type":"Polygon","coordinates":[[[121.6303795,38.930093],[121.6306204,38.9297133],[121.6296558,38.9295261],[121.6296888,38.9294231],[121.6307733,38.9296335],[121.6307775,38.9296918],[121.6304949,38.9301373],[121.6303795,38.930093]]]}},{"type":"Feature","id":"way/423085282","properties":{"building":"yes","id":"way/423085282"},"geometry":{"type":"Polygon","coordinates":[[[121.6492275,38.9254291],[121.6494867,38.9254376],[121.6494796,38.9255684],[121.6491125,38.9255562],[121.6490735,38.9254813],[121.6491609,38.9252773],[121.6492797,38.9253079],[121.6492275,38.9254291]]]}},{"type":"Feature","id":"way/423085284","properties":{"building":"yes","id":"way/423085284"},"geometry":{"type":"Polygon","coordinates":[[[121.6600207,38.9224502],[121.6599302,38.9222639],[121.6599754,38.9222059],[121.6603081,38.922179],[121.6603236,38.922295],[121.6601082,38.9223124],[121.6601559,38.9224105],[121.6600207,38.9224502]]]}},{"type":"Feature","id":"way/423085285","properties":{"building":"yes","id":"way/423085285"},"geometry":{"type":"Polygon","coordinates":[[[121.6388326,38.9163563],[121.6388491,38.9161394],[121.6389647,38.9161447],[121.6389417,38.9164459],[121.6388415,38.9165198],[121.6387055,38.9164081],[121.6388057,38.9163342],[121.6388326,38.9163563]]]}},{"type":"Feature","id":"way/423085286","properties":{"building":"yes","id":"way/423085286"},"geometry":{"type":"Polygon","coordinates":[[[121.6392616,38.9174458],[121.6393583,38.9174487],[121.6393609,38.9173966],[121.6396539,38.9174055],[121.6396485,38.9175111],[121.6393662,38.9175025],[121.6393601,38.9176238],[121.6392528,38.9176206],[121.6392616,38.9174458]]]}},{"type":"Feature","id":"way/423085288","properties":{"building":"yes","id":"way/423085288"},"geometry":{"type":"Polygon","coordinates":[[[121.6459523,38.916722],[121.6459378,38.9166425],[121.6458967,38.916647],[121.6458764,38.9165349],[121.6459939,38.916522],[121.6460128,38.9166263],[121.6462561,38.9165995],[121.6462719,38.9166868],[121.6459523,38.916722]]]}},{"type":"Feature","id":"way/423085294","properties":{"building":"yes","id":"way/423085294"},"geometry":{"type":"Polygon","coordinates":[[[121.6547503,38.9203519],[121.6552072,38.9204015],[121.6552207,38.9203262],[121.6553264,38.9203377],[121.6552976,38.9204979],[121.6551927,38.9204865],[121.6551869,38.9205189],[121.6547292,38.9204692],[121.6547503,38.9203519]]]}},{"type":"Feature","id":"way/423085296","properties":{"building":"yes","id":"way/423085296"},"geometry":{"type":"Polygon","coordinates":[[[121.6310704,38.9311404],[121.6312448,38.9308761],[121.6313662,38.9309246],[121.6312867,38.9310451],[121.6314623,38.9311153],[121.6315418,38.9309947],[121.6317005,38.9310581],[121.6315261,38.9313224],[121.6310704,38.9311404]]]}},{"type":"Feature","id":"way/423085298","properties":{"building":"yes","id":"way/423085298"},"geometry":{"type":"Polygon","coordinates":[[[121.6294389,38.9280247],[121.6294543,38.9279982],[121.6293502,38.9279616],[121.6294511,38.9277883],[121.6295493,38.9278229],[121.6294928,38.9279198],[121.6298862,38.9280584],[121.6298264,38.9281612],[121.6294389,38.9280247]]]}},{"type":"Feature","id":"way/423085299","properties":{"building":"yes","id":"way/423085299"},"geometry":{"type":"Polygon","coordinates":[[[121.6538228,38.9175184],[121.6544389,38.9175816],[121.6543883,38.9178803],[121.6542274,38.9178638],[121.6542539,38.9177072],[121.653946,38.9176756],[121.6539195,38.9178322],[121.6537723,38.9178171],[121.6538228,38.9175184]]]}},{"type":"Feature","id":"way/423085300","properties":{"building":"yes","id":"way/423085300"},"geometry":{"type":"Polygon","coordinates":[[[121.6648884,38.9186015],[121.6649144,38.9187177],[121.6645609,38.9187655],[121.664584,38.9188689],[121.6644421,38.9188881],[121.6644038,38.9187166],[121.6645213,38.9187007],[121.6645106,38.9186526],[121.6648884,38.9186015]]]}},{"type":"Feature","id":"way/423085301","properties":{"building":"yes","id":"way/423085301"},"geometry":{"type":"Polygon","coordinates":[[[121.6377483,38.9172731],[121.6376241,38.9172518],[121.6376548,38.917144],[121.6378738,38.9171816],[121.6378407,38.9176036],[121.6374281,38.9178236],[121.6373602,38.9177464],[121.6377265,38.9175512],[121.6377483,38.9172731]]]}},{"type":"Feature","id":"way/423085302","properties":{"building":"yes","id":"way/423085302"},"geometry":{"type":"Polygon","coordinates":[[[121.655357,38.9168124],[121.6559345,38.9168766],[121.6558769,38.9171902],[121.6557169,38.9171724],[121.6557522,38.9169801],[121.6554571,38.9169473],[121.6554218,38.9171396],[121.6552994,38.917126],[121.655357,38.9168124]]]}},{"type":"Feature","id":"way/423085307","properties":{"building":"yes","id":"way/423085307"},"geometry":{"type":"Polygon","coordinates":[[[121.6649449,38.9188618],[121.6649717,38.9189736],[121.6646041,38.919027],[121.6646319,38.9191432],[121.6645,38.9191623],[121.6644568,38.9189821],[121.6645822,38.9189639],[121.6645707,38.918916],[121.6649449,38.9188618]]]}},{"type":"Feature","id":"way/423085308","properties":{"building":"yes","id":"way/423085308"},"geometry":{"type":"Polygon","coordinates":[[[121.6318113,38.9310968],[121.631993,38.9311644],[121.631898,38.931319],[121.6321399,38.931409],[121.632235,38.9312544],[121.6324278,38.9313262],[121.6322484,38.9316179],[121.6316319,38.9313886],[121.6318113,38.9310968]]]}},{"type":"Feature","id":"way/423085314","properties":{"building":"yes","id":"way/423085314"},"geometry":{"type":"Polygon","coordinates":[[[121.6541089,38.920884],[121.6541484,38.9206754],[121.6537953,38.920635],[121.6538379,38.9204099],[121.6539705,38.9204251],[121.653954,38.920512],[121.6548797,38.920618],[121.6548141,38.9209647],[121.6541089,38.920884]]]}},{"type":"Feature","id":"way/423085323","properties":{"building":"yes","id":"way/423085323"},"geometry":{"type":"Polygon","coordinates":[[[121.6547476,38.9171561],[121.6553091,38.9172203],[121.6552467,38.9175506],[121.6551038,38.9175343],[121.6551414,38.9173349],[121.6548536,38.917302],[121.6548159,38.9175014],[121.6546852,38.9174864],[121.6547476,38.9171561]]]}},{"type":"Feature","id":"way/423085325","properties":{"building":"yes","id":"way/423085325"},"geometry":{"type":"Polygon","coordinates":[[[121.6460077,38.9170251],[121.6459938,38.9169487],[121.6459574,38.9169527],[121.6459303,38.9168038],[121.6460495,38.9167907],[121.6460746,38.9169286],[121.6463162,38.916902],[121.6463321,38.9169894],[121.6460077,38.9170251]]]}},{"type":"Feature","id":"way/423085328","properties":{"building":"yes","id":"way/423085328"},"geometry":{"type":"Polygon","coordinates":[[[121.6590656,38.9178139],[121.6593367,38.9178415],[121.6593155,38.9179677],[121.6589083,38.9179263],[121.6589562,38.9176261],[121.6592702,38.9175743],[121.6592992,38.9176806],[121.6590812,38.9177165],[121.6590656,38.9178139]]]}},{"type":"Feature","id":"way/423085336","properties":{"building":"yes","id":"way/423085336"},"geometry":{"type":"Polygon","coordinates":[[[121.6293658,38.9251222],[121.6294779,38.9248739],[121.6292755,38.9248186],[121.629324,38.924711],[121.6295329,38.9247681],[121.6294989,38.9248433],[121.629581,38.9248658],[121.6294543,38.9251464],[121.6293658,38.9251222]]]}},{"type":"Feature","id":"way/423085339","properties":{"building":"yes","id":"way/423085339"},"geometry":{"type":"Polygon","coordinates":[[[121.6339417,38.9299104],[121.6339539,38.9300431],[121.633756,38.9302077],[121.6336743,38.9301366],[121.6338218,38.9300323],[121.6338181,38.929963],[121.633391,38.9298109],[121.6334477,38.9297224],[121.6339417,38.9299104]]]}},{"type":"Feature","id":"way/423085348","properties":{"building":"yes","id":"way/423085348"},"geometry":{"type":"Polygon","coordinates":[[[121.6569683,38.9177565],[121.6570473,38.9173747],[121.6577909,38.9174678],[121.6577595,38.9176198],[121.6571619,38.9175449],[121.6571408,38.9176471],[121.6574578,38.9176868],[121.6574314,38.9178145],[121.6569683,38.9177565]]]}},{"type":"Feature","id":"way/423085351","properties":{"building":"yes","id":"way/423085351"},"geometry":{"type":"Polygon","coordinates":[[[121.6377477,38.9308333],[121.638703,38.9307707],[121.6387222,38.9309478],[121.6381129,38.9309877],[121.6381345,38.9311869],[121.6378618,38.9312048],[121.6378403,38.9310056],[121.6377669,38.9310104],[121.6377477,38.9308333]]]}},{"type":"Feature","id":"way/423085354","properties":{"building":"yes","id":"way/423085354"},"geometry":{"type":"Polygon","coordinates":[[[121.6444264,38.9206253],[121.6446041,38.9206752],[121.6445411,38.920811],[121.6451248,38.9209751],[121.6450465,38.9211438],[121.6444424,38.920974],[121.64446,38.9209362],[121.6443026,38.920892],[121.6444264,38.9206253]]]}},{"type":"Feature","id":"way/423085362","properties":{"building":"yes","id":"way/423085362"},"geometry":{"type":"Polygon","coordinates":[[[121.650535,38.9169263],[121.6504183,38.9169248],[121.6504236,38.9166701],[121.6505033,38.9166711],[121.6505004,38.9166467],[121.6509262,38.9166157],[121.6509375,38.9167099],[121.6505389,38.916739],[121.650535,38.9169263]]]}},{"type":"Feature","id":"way/423085365","properties":{"building":"yes","id":"way/423085365"},"geometry":{"type":"Polygon","coordinates":[[[121.6290819,38.9319423],[121.6291433,38.931898],[121.6292269,38.9319005],[121.6292837,38.9319483],[121.6292805,38.9320133],[121.6292191,38.9320576],[121.6291355,38.932055],[121.6290786,38.9320073],[121.6290819,38.9319423]]]}},{"type":"Feature","id":"way/423085368","properties":{"building":"yes","id":"way/423085368"},"geometry":{"type":"Polygon","coordinates":[[[121.6332454,38.9350957],[121.6329384,38.934455],[121.6334103,38.9343181],[121.6333316,38.9341538],[121.6343386,38.9338617],[121.6344174,38.9340261],[121.634951,38.9338713],[121.6352581,38.9345121],[121.6332454,38.9350957]]]}},{"type":"Feature","id":"way/423085370","properties":{"building":"yes","id":"way/423085370"},"geometry":{"type":"Polygon","coordinates":[[[121.6629682,38.9197365],[121.6628793,38.9193139],[121.6629876,38.9193001],[121.6630603,38.9196458],[121.6634177,38.9196003],[121.6634416,38.9197136],[121.6630771,38.91976],[121.6630695,38.9197236],[121.6629682,38.9197365]]]}},{"type":"Feature","id":"way/423085373","properties":{"building":"yes","id":"way/423085373"},"geometry":{"type":"Polygon","coordinates":[[[121.6287833,38.9247771],[121.6290051,38.9248302],[121.628964,38.9249341],[121.6287701,38.9248877],[121.6287333,38.9249807],[121.6286446,38.9249595],[121.6286983,38.9248238],[121.6287591,38.9248384],[121.6287833,38.9247771]]]}},{"type":"Feature","id":"way/423085375","properties":{"building":"yes","id":"way/423085375"},"geometry":{"type":"Polygon","coordinates":[[[121.6562205,38.9169035],[121.6569018,38.9169822],[121.6568456,38.9172768],[121.6566964,38.9172595],[121.6567199,38.9171362],[121.6563512,38.9170936],[121.6562441,38.9176551],[121.6560807,38.9176363],[121.6562205,38.9169035]]]}},{"type":"Feature","id":"way/423085378","properties":{"building":"yes","id":"way/423085378"},"geometry":{"type":"Polygon","coordinates":[[[121.6355812,38.9293565],[121.6352474,38.9288825],[121.6356626,38.9287055],[121.6359965,38.9291795],[121.6355812,38.9293565]]]}},{"type":"Feature","id":"way/423085381","properties":{"building":"yes","id":"way/423085381"},"geometry":{"type":"Polygon","coordinates":[[[121.6650112,38.9191396],[121.6650315,38.9192336],[121.6646633,38.9192818],[121.6646869,38.9193913],[121.6645514,38.9194091],[121.6645163,38.9192468],[121.6646326,38.9192316],[121.6646236,38.9191902],[121.6650112,38.9191396]]]}},{"type":"Feature","id":"way/423085383","properties":{"building":"yes","id":"way/423085383"},"geometry":{"type":"Polygon","coordinates":[[[121.6458705,38.9164966],[121.6458515,38.9163922],[121.6459041,38.9163864],[121.6458913,38.916316],[121.6461893,38.9162832],[121.6462066,38.9163782],[121.6459779,38.9164033],[121.6459924,38.9164832],[121.6458705,38.9164966]]]}},{"type":"Feature","id":"way/423085386","properties":{"building":"yes","id":"way/423085386"},"geometry":{"type":"Polygon","coordinates":[[[121.6633149,38.9184764],[121.6632425,38.918123],[121.6636045,38.9180781],[121.6636297,38.9182011],[121.6634011,38.9182295],[121.6634251,38.9183466],[121.6636537,38.9183182],[121.6636769,38.9184314],[121.6633149,38.9184764]]]}},{"type":"Feature","id":"way/423085394","properties":{"building":"yes","id":"way/423085394"},"geometry":{"type":"Polygon","coordinates":[[[121.6596854,38.9181686],[121.6601324,38.9181106],[121.6601672,38.9182728],[121.6600584,38.9182869],[121.6600497,38.9182459],[121.6598317,38.9182742],[121.6598405,38.9183151],[121.6597201,38.9183307],[121.6596854,38.9181686]]]}},{"type":"Feature","id":"way/423085397","properties":{"building":"yes","id":"way/423085397"},"geometry":{"type":"Polygon","coordinates":[[[121.6351933,38.9342664],[121.6347364,38.9333899],[121.6351725,38.9332523],[121.6352791,38.9334568],[121.6378563,38.9326438],[121.6380342,38.9329851],[121.6354448,38.933802],[121.6356172,38.9341327],[121.6351933,38.9342664]]]}},{"type":"Feature","id":"way/423085401","properties":{"building":"yes","id":"way/423085401"},"geometry":{"type":"Polygon","coordinates":[[[121.6426195,38.9207828],[121.6426191,38.9207834],[121.6422039,38.9206116],[121.6423229,38.9204375],[121.6425813,38.9205445],[121.6425811,38.9205431],[121.6433368,38.9204727],[121.6433737,38.9207126],[121.6426195,38.9207828]]]}},{"type":"Feature","id":"way/423085404","properties":{"building":"yes","id":"way/423085404"},"geometry":{"type":"Polygon","coordinates":[[[121.6458241,38.9162473],[121.645791,38.9160651],[121.645847,38.9160589],[121.6458332,38.9159828],[121.6459741,38.9159673],[121.6459935,38.916074],[121.6459252,38.9160815],[121.6459528,38.9162331],[121.6458241,38.9162473]]]}},{"type":"Feature","id":"way/423085406","properties":{"building":"yes","id":"way/423085406"},"geometry":{"type":"Polygon","coordinates":[[[121.6513615,38.9218721],[121.6516962,38.9221392],[121.6515944,38.9222163],[121.6512889,38.9219725],[121.651142,38.9220839],[121.6510494,38.92201],[121.651154,38.9219308],[121.6512173,38.9219814],[121.6513615,38.9218721]]]}},{"type":"Feature","id":"way/423085409","properties":{"building":"yes","id":"way/423085409"},"geometry":{"type":"Polygon","coordinates":[[[121.6494945,38.9224689],[121.6495569,38.9223504],[121.6500524,38.9225084],[121.6501251,38.9223703],[121.6496296,38.9222123],[121.6496912,38.9220953],[121.6503991,38.922321],[121.6502023,38.9226945],[121.6494945,38.9224689]]]}},{"type":"Feature","id":"way/423085411","properties":{"building":"yes","id":"way/423085411"},"geometry":{"type":"Polygon","coordinates":[[[121.6392904,38.9171488],[121.6393846,38.9171512],[121.6393864,38.9171066],[121.6396946,38.9171142],[121.6396898,38.9172333],[121.6394019,38.9172262],[121.6393978,38.9173282],[121.6392832,38.9173254],[121.6392904,38.9171488]]]}},{"type":"Feature","id":"way/423085418","properties":{"building":"yes","id":"way/423085418"},"geometry":{"type":"Polygon","coordinates":[[[121.6553251,38.9161726],[121.6560383,38.9162471],[121.6559991,38.916474],[121.6558418,38.9164576],[121.6558605,38.9163496],[121.6554268,38.9163043],[121.6554082,38.9164123],[121.6552859,38.9163995],[121.6553251,38.9161726]]]}},{"type":"Feature","id":"way/423085423","properties":{"building":"yes","id":"way/423085423"},"geometry":{"type":"Polygon","coordinates":[[[121.653763,38.917094],[121.6545214,38.9171685],[121.6544648,38.9175171],[121.6542889,38.9174998],[121.6543165,38.9173296],[121.6538329,38.917282],[121.6536929,38.9174412],[121.6535006,38.9174224],[121.653763,38.917094]]]}},{"type":"Feature","id":"way/423085441","properties":{"building":"yes","id":"way/423085441"},"geometry":{"type":"Polygon","coordinates":[[[121.6575471,38.9197432],[121.6574912,38.9198964],[121.6573341,38.9198617],[121.6573596,38.9197917],[121.6572186,38.9195603],[121.6571815,38.9195559],[121.6572038,38.9194429],[121.6573768,38.9194636],[121.6575471,38.9197432]]]}},{"type":"Feature","id":"way/423085444","properties":{"building":"yes","id":"way/423085444"},"geometry":{"type":"Polygon","coordinates":[[[121.6451887,38.9215889],[121.6452545,38.9214783],[121.6453033,38.9214959],[121.645352,38.921414],[121.6456232,38.9215115],[121.6455724,38.921597],[121.6453799,38.9215277],[121.6453163,38.9216348],[121.6451887,38.9215889]]]}},{"type":"Feature","id":"way/423085447","properties":{"building":"yes","id":"way/423085447"},"geometry":{"type":"Polygon","coordinates":[[[121.6529234,38.9187079],[121.6526945,38.9183508],[121.6528143,38.9182058],[121.6529224,38.9182599],[121.6528646,38.9183298],[121.6530473,38.9186148],[121.6531229,38.9186241],[121.6531017,38.9187297],[121.6529234,38.9187079]]]}},{"type":"Feature","id":"way/423085448","properties":{"building":"yes","id":"way/423085448"},"geometry":{"type":"Polygon","coordinates":[[[121.6519773,38.9222546],[121.6521962,38.9220879],[121.6523071,38.922176],[121.6521818,38.9222714],[121.6523596,38.9224127],[121.6524848,38.9223173],[121.6525687,38.922384],[121.6523499,38.9225506],[121.6519773,38.9222546]]]}},{"type":"Feature","id":"way/423085450","properties":{"building":"yes","id":"way/423085450"},"geometry":{"type":"Polygon","coordinates":[[[121.6593301,38.9211034],[121.6589575,38.9211117],[121.6589533,38.9209952],[121.6592207,38.9209893],[121.6592379,38.9209554],[121.6589703,38.9207237],[121.6590906,38.9206397],[121.6594206,38.9209254],[121.6593301,38.9211034]]]}},{"type":"Feature","id":"way/423085451","properties":{"building":"yes","id":"way/423085451"},"geometry":{"type":"Polygon","coordinates":[[[121.6540956,38.9166861],[121.6545986,38.916742],[121.6545319,38.9171049],[121.6543742,38.9170874],[121.6544068,38.9169095],[121.6541442,38.9168803],[121.6539967,38.9170454],[121.6538071,38.9170243],[121.6540956,38.9166861]]]}},{"type":"Feature","id":"way/423085452","properties":{"building":"yes","id":"way/423085452"},"geometry":{"type":"Polygon","coordinates":[[[121.6541125,38.9202009],[121.6542206,38.920214],[121.6542087,38.9202738],[121.6546837,38.9203312],[121.6546601,38.9204494],[121.6541971,38.9203935],[121.6542041,38.9203583],[121.654084,38.9203438],[121.6541125,38.9202009]]]}},{"type":"Feature","id":"way/423085453","properties":{"building":"yes","id":"way/423085453"},"geometry":{"type":"Polygon","coordinates":[[[121.6489888,38.9216117],[121.6490949,38.9213872],[121.6491865,38.9214134],[121.6491211,38.9215519],[121.6494956,38.921659],[121.6495611,38.9215205],[121.6496701,38.9215517],[121.649564,38.9217762],[121.6489888,38.9216117]]]}},{"type":"Feature","id":"way/423085454","properties":{"building":"yes","id":"way/423085454"},"geometry":{"type":"Polygon","coordinates":[[[121.6438608,38.9194595],[121.6438288,38.919305],[121.6439906,38.9192848],[121.6439416,38.9190483],[121.6441304,38.9190246],[121.6441794,38.9192611],[121.6443078,38.919245],[121.6443398,38.9193995],[121.6438608,38.9194595]]]}},{"type":"Feature","id":"way/423085455","properties":{"building":"yes","id":"way/423085455"},"geometry":{"type":"Polygon","coordinates":[[[121.6406074,38.9302489],[121.640207,38.9303703],[121.6401575,38.9302714],[121.640371,38.9302067],[121.6403205,38.930106],[121.6401594,38.9301549],[121.6400706,38.9299776],[121.6404186,38.9298721],[121.6406074,38.9302489]]]}},{"type":"Feature","id":"way/423085458","properties":{"building":"yes","id":"way/423085458"},"geometry":{"type":"Polygon","coordinates":[[[121.665866,38.9162048],[121.6659581,38.9161585],[121.6660456,38.9162639],[121.665988,38.9162929],[121.6659722,38.9163452],[121.6656589,38.9162881],[121.6656762,38.9162306],[121.6656448,38.9161892],[121.6658001,38.9161179],[121.665866,38.9162048]]]}},{"type":"Feature","id":"way/423085460","properties":{"building":"yes","id":"way/423085460"},"geometry":{"type":"Polygon","coordinates":[[[121.6547562,38.9161022],[121.6545184,38.9163779],[121.654974,38.9164306],[121.6549419,38.9165991],[121.6543325,38.9165287],[121.6542686,38.9164417],[121.6546864,38.9159572],[121.6549605,38.9159883],[121.6549354,38.9161225],[121.6547562,38.9161022]]]}},{"type":"Feature","id":"way/423085461","properties":{"building":"yes","id":"way/423085461"},"geometry":{"type":"Polygon","coordinates":[[[121.6663783,38.9161921],[121.6664704,38.9161459],[121.6665579,38.9162513],[121.6665002,38.9162802],[121.6664845,38.9163325],[121.6661712,38.9162754],[121.6661885,38.916218],[121.6661571,38.9161766],[121.6663123,38.9161052],[121.6663783,38.9161921]]]}},{"type":"Feature","id":"way/423085462","properties":{"building":"yes","id":"way/423085462"},"geometry":{"type":"Polygon","coordinates":[[[121.6514052,38.9209119],[121.6517026,38.9210335],[121.6519545,38.9209253],[121.6520199,38.9210175],[121.6517883,38.9211169],[121.6517939,38.9212308],[121.6515861,38.921237],[121.6515792,38.9210968],[121.651345,38.9210011],[121.6514052,38.9209119]]]}},{"type":"Feature","id":"way/423085464","properties":{"building":"yes","id":"way/423085464"},"geometry":{"type":"Polygon","coordinates":[[[121.6668313,38.9164008],[121.6669234,38.9163545],[121.6670109,38.9164599],[121.6669532,38.9164889],[121.6669375,38.9165412],[121.6666242,38.9164841],[121.6666415,38.9164266],[121.6666101,38.9163852],[121.6667653,38.9163139],[121.6668313,38.9164008]]]}},{"type":"Feature","id":"way/483445648","properties":{"building":"yes","id":"way/483445648"},"geometry":{"type":"Polygon","coordinates":[[[121.6649276,38.9233326],[121.6648423,38.9231792],[121.6654002,38.9229914],[121.6654855,38.9231448],[121.6649276,38.9233326]]]}},{"type":"Feature","id":"way/483445649","properties":{"building":"yes","id":"way/483445649"},"geometry":{"type":"Polygon","coordinates":[[[121.6643804,38.9238876],[121.6642959,38.9237323],[121.6648538,38.9235487],[121.6649383,38.923704],[121.6643804,38.9238876]]]}},{"type":"Feature","id":"way/483445650","properties":{"building":"yes","id":"way/483445650"},"geometry":{"type":"Polygon","coordinates":[[[121.6634041,38.9238376],[121.663314,38.9236842],[121.6638772,38.9234839],[121.6639673,38.9236372],[121.6634041,38.9238376]]]}},{"type":"Feature","id":"way/483445652","properties":{"building":"apartments","id":"way/483445652"},"geometry":{"type":"Polygon","coordinates":[[[121.6615746,38.9261379],[121.6614386,38.9260386],[121.6616223,38.9258863],[121.6615964,38.9258674],[121.6616668,38.9258089],[121.6617735,38.9258868],[121.6618158,38.9258517],[121.661871,38.925892],[121.6615746,38.9261379]]]}},{"type":"Feature","id":"way/483445653","properties":{"building":"apartments","id":"way/483445653"},"geometry":{"type":"Polygon","coordinates":[[[121.6585145,38.9250781],[121.6588277,38.9249738],[121.6590163,38.9253241],[121.6588989,38.9253615],[121.6586228,38.9252822],[121.6585145,38.9250781]]]}},{"type":"Feature","id":"way/483445654","properties":{"building":"apartments","id":"way/483445654"},"geometry":{"type":"Polygon","coordinates":[[[121.658461,38.9261099],[121.6582445,38.9260541],[121.6587843,38.9255818],[121.6589844,38.9256522],[121.658461,38.9261099]]]}},{"type":"Feature","id":"way/483445655","properties":{"building":"yes","id":"way/483445655"},"geometry":{"type":"Polygon","coordinates":[[[121.6524593,38.9298616],[121.6524013,38.929751],[121.652868,38.9296029],[121.652926,38.9297135],[121.6524593,38.9298616]]]}},{"type":"Feature","id":"way/483445656","properties":{"building":"yes","id":"way/483445656"},"geometry":{"type":"Polygon","coordinates":[[[121.6527222,38.9284115],[121.6527986,38.9283906],[121.6528308,38.9283113],[121.6526015,38.9278961],[121.6527479,38.9278464],[121.6529944,38.9282696],[121.6530105,38.9283426],[121.6529891,38.9284198],[121.6529408,38.9284782],[121.6527828,38.9285266],[121.6527222,38.9284115]]]}},{"type":"Feature","id":"way/483445657","properties":{"building":"yes","id":"way/483445657"},"geometry":{"type":"Polygon","coordinates":[[[121.6512765,38.9283051],[121.6516144,38.9288851],[121.6511842,38.9290368],[121.6508462,38.9284568],[121.6512765,38.9283051]]]}},{"type":"Feature","id":"way/483445658","properties":{"building":"yes","id":"way/483445658"},"geometry":{"type":"Polygon","coordinates":[[[121.6519524,38.9278293],[121.6518911,38.9277124],[121.6525616,38.9274996],[121.6526229,38.9276165],[121.6519524,38.9278293]]]}},{"type":"Feature","id":"way/483445659","properties":{"building":"yes","id":"way/483445659"},"geometry":{"type":"Polygon","coordinates":[[[121.6507561,38.9281966],[121.650694,38.9280757],[121.6513645,38.927867],[121.6514267,38.9279879],[121.6507561,38.9281966]]]}},{"type":"Feature","id":"way/483445660","properties":{"building":"yes","id":"way/483445660"},"geometry":{"type":"Polygon","coordinates":[[[121.6517968,38.9288058],[121.6517121,38.9286517],[121.6523022,38.9284555],[121.6523869,38.9286097],[121.6517968,38.9288058]]]}},{"type":"Feature","id":"way/483445661","properties":{"building":"yes","id":"way/483445661"},"geometry":{"type":"Polygon","coordinates":[[[121.6529877,38.9296613],[121.6529264,38.9295273],[121.6535594,38.929352],[121.6536207,38.9294861],[121.6529877,38.9296613]]]}},{"type":"Feature","id":"way/483445662","properties":{"building":"yes","id":"way/483445662"},"geometry":{"type":"Polygon","coordinates":[[[121.6517539,38.9300578],[121.6516843,38.9299146],[121.6522797,38.9297393],[121.6523494,38.9298825],[121.6517539,38.9300578]]]}},{"type":"Feature","id":"way/483457964","properties":{"building":"yes","id":"way/483457964"},"geometry":{"type":"Polygon","coordinates":[[[121.6553918,38.9299829],[121.6552507,38.9297298],[121.6559186,38.9295044],[121.6560597,38.9297576],[121.6553918,38.9299829]]]}},{"type":"Feature","id":"way/485430623","properties":{"building":"yes","id":"way/485430623"},"geometry":{"type":"Polygon","coordinates":[[[121.68157,38.9162402],[121.6815193,38.916149],[121.6818999,38.9160211],[121.6819505,38.9161124],[121.68157,38.9162402]]]}},{"type":"Feature","id":"way/485430624","properties":{"building":"yes","id":"way/485430624"},"geometry":{"type":"Polygon","coordinates":[[[121.6811261,38.9163717],[121.6810799,38.9162885],[121.6814131,38.9161766],[121.6814592,38.9162598],[121.6811261,38.9163717]]]}},{"type":"Feature","id":"way/485430625","properties":{"building":"yes","id":"way/485430625"},"geometry":{"type":"Polygon","coordinates":[[[121.6806647,38.9165376],[121.6806166,38.9164508],[121.6809826,38.9163279],[121.6810307,38.9164146],[121.6806647,38.9165376]]]}},{"type":"Feature","id":"way/485430626","properties":{"building":"yes","id":"way/485430626"},"geometry":{"type":"Polygon","coordinates":[[[121.6802128,38.9166931],[121.6801609,38.9165996],[121.6805132,38.9164813],[121.680565,38.9165747],[121.6802128,38.9166931]]]}},{"type":"Feature","id":"way/485430627","properties":{"building":"yes","id":"way/485430627"},"geometry":{"type":"Polygon","coordinates":[[[121.6797528,38.9168527],[121.6797006,38.9167587],[121.6800547,38.9166398],[121.6801068,38.9167338],[121.6797528,38.9168527]]]}},{"type":"Feature","id":"way/485430631","properties":{"building":"yes","id":"way/485430631"},"geometry":{"type":"Polygon","coordinates":[[[121.6801491,38.91633],[121.6800944,38.9162344],[121.6804334,38.9161171],[121.680488,38.9162126],[121.6801491,38.91633]]]}},{"type":"Feature","id":"way/485430632","properties":{"building":"yes","id":"way/485430632"},"geometry":{"type":"Polygon","coordinates":[[[121.6795952,38.9165157],[121.6795489,38.9164347],[121.6799016,38.9163126],[121.6799479,38.9163936],[121.6795952,38.9165157]]]}},{"type":"Feature","id":"way/485430633","properties":{"building":"yes","id":"way/485430633"},"geometry":{"type":"Polygon","coordinates":[[[121.6786269,38.9164896],[121.6786055,38.9163868],[121.6792411,38.9163065],[121.6792626,38.9164093],[121.6786269,38.9164896]]]}},{"type":"Feature","id":"way/485430639","properties":{"building":"yes","id":"way/485430639"},"geometry":{"type":"Polygon","coordinates":[[[121.6645775,38.9300888],[121.66472,38.9297969],[121.6651569,38.9299261],[121.6650143,38.9302179],[121.6645775,38.9300888]]]}},{"type":"Feature","id":"way/485430640","properties":{"building":"yes","id":"way/485430640"},"geometry":{"type":"Polygon","coordinates":[[[121.6637755,38.9301493],[121.663837,38.9300233],[121.6644327,38.9301994],[121.6643711,38.9303253],[121.6637755,38.9301493]]]}},{"type":"Feature","id":"way/485430641","properties":{"building":"yes","id":"way/485430641"},"geometry":{"type":"Polygon","coordinates":[[[121.6641537,38.9294128],[121.6643129,38.9290869],[121.6651953,38.9293477],[121.6650362,38.9296736],[121.6641537,38.9294128]]]}},{"type":"Feature","id":"way/485430642","properties":{"building":"yes","id":"way/485430642"},"geometry":{"type":"Polygon","coordinates":[[[121.6705166,38.9251509],[121.6705578,38.9246783],[121.67099,38.9247012],[121.6709487,38.9251737],[121.6705166,38.9251509]]]}},{"type":"Feature","id":"way/485430643","properties":{"building":"yes","id":"way/485430643"},"geometry":{"type":"Polygon","coordinates":[[[121.6700231,38.9251248],[121.6700495,38.9248223],[121.670543,38.9248484],[121.6705166,38.9251509],[121.6700231,38.9251248]]]}},{"type":"Feature","id":"way/485430644","properties":{"building":"yes","id":"way/485430644"},"geometry":{"type":"Polygon","coordinates":[[[121.670646,38.9243955],[121.6706633,38.9243076],[121.6712319,38.9243754],[121.6712146,38.9244633],[121.670646,38.9243955]]]}},{"type":"Feature","id":"way/485430645","properties":{"building":"yes","id":"way/485430645"},"geometry":{"type":"Polygon","coordinates":[[[121.669038,38.9243976],[121.6690343,38.9243036],[121.6696029,38.92429],[121.6696066,38.924384],[121.669038,38.9243976]]]}},{"type":"Feature","id":"way/485430646","properties":{"building":"yes","id":"way/485430646"},"geometry":{"type":"Polygon","coordinates":[[[121.6691507,38.9251415],[121.6691515,38.9250476],[121.6697389,38.9250507],[121.6697381,38.9251446],[121.6691507,38.9251415]]]}},{"type":"Feature","id":"way/485430647","properties":{"building":"yes","layer":"1","id":"way/485430647"},"geometry":{"type":"Polygon","coordinates":[[[121.6781247,38.9266647],[121.6783285,38.9266011],[121.6784184,38.9267753],[121.6782145,38.926839],[121.6781247,38.9266647]]]}},{"type":"Feature","id":"way/485430648","properties":{"building":"yes","id":"way/485430648"},"geometry":{"type":"Polygon","coordinates":[[[121.6773475,38.9276465],[121.6772928,38.9275405],[121.6773743,38.927515],[121.677429,38.927621],[121.6773475,38.9276465]]]}},{"type":"Feature","id":"way/485430649","properties":{"building":"yes","id":"way/485430649"},"geometry":{"type":"Polygon","coordinates":[[[121.6726637,38.9274712],[121.6730188,38.9273603],[121.6731411,38.9275974],[121.672786,38.9277083],[121.6726637,38.9274712]]]}},{"type":"Feature","id":"way/485430650","properties":{"building":"yes","id":"way/485430650"},"geometry":{"type":"Polygon","coordinates":[[[121.6744507,38.9272792],[121.674317,38.9270201],[121.6748638,38.9268494],[121.6749975,38.9271086],[121.6744507,38.9272792]]]}},{"type":"Feature","id":"way/485430651","properties":{"building":"yes","id":"way/485430651"},"geometry":{"type":"Polygon","coordinates":[[[121.6753211,38.9269819],[121.6751646,38.9266785],[121.6758736,38.9264571],[121.6760301,38.9267605],[121.6753211,38.9269819]]]}},{"type":"Feature","id":"way/485430652","properties":{"building":"yes","id":"way/485430652"},"geometry":{"type":"Polygon","coordinates":[[[121.6763336,38.9266146],[121.6762342,38.9264219],[121.6766486,38.9262926],[121.676748,38.9264853],[121.6763336,38.9266146]]]}},{"type":"Feature","id":"way/485430718","properties":{"building":"yes","id":"way/485430718"},"geometry":{"type":"Polygon","coordinates":[[[121.6866414,38.9162875],[121.6869597,38.9161693],[121.6870142,38.9162582],[121.6866959,38.9163764],[121.6866414,38.9162875]]]}},{"type":"Feature","id":"way/485430720","properties":{"building":"yes","id":"way/485430720"},"geometry":{"type":"Polygon","coordinates":[[[121.68375,38.916348],[121.6840531,38.9162355],[121.6841067,38.9163229],[121.6838036,38.9164354],[121.68375,38.916348]]]}},{"type":"Feature","id":"way/485430721","properties":{"building":"yes","id":"way/485430721"},"geometry":{"type":"Polygon","coordinates":[[[121.6850374,38.9164711],[121.6847561,38.9165755],[121.6847062,38.9164941],[121.6849875,38.9163897],[121.6850374,38.9164711]]]}},{"type":"Feature","id":"way/485430722","properties":{"building":"yes","id":"way/485430722"},"geometry":{"type":"Polygon","coordinates":[[[121.6845184,38.9170012],[121.6848831,38.9168659],[121.6849449,38.9169668],[121.6845803,38.917102],[121.6845184,38.9170012]]]}},{"type":"Feature","id":"way/485430723","properties":{"building":"yes","id":"way/485430723"},"geometry":{"type":"Polygon","coordinates":[[[121.6838237,38.9172892],[121.6842256,38.9171401],[121.6842824,38.9172328],[121.6838806,38.9173819],[121.6838237,38.9172892]]]}},{"type":"Feature","id":"way/485430724","properties":{"building":"yes","id":"way/485430724"},"geometry":{"type":"Polygon","coordinates":[[[121.683227,38.9170221],[121.6835201,38.9169133],[121.683581,38.9170127],[121.6832879,38.9171214],[121.683227,38.9170221]]]}},{"type":"Feature","id":"way/485430725","properties":{"building":"yes","id":"way/485430725"},"geometry":{"type":"Polygon","coordinates":[[[121.6819174,38.9170909],[121.6818573,38.9169929],[121.6821668,38.9168781],[121.6822269,38.9169761],[121.6819174,38.9170909]]]}},{"type":"Feature","id":"way/485430726","properties":{"building":"yes","id":"way/485430726"},"geometry":{"type":"Polygon","coordinates":[[[121.6817377,38.9171556],[121.6814541,38.9172608],[121.6814024,38.9171765],[121.681686,38.9170713],[121.6817377,38.9171556]]]}},{"type":"Feature","id":"way/485430727","properties":{"building":"yes","id":"way/485430727"},"geometry":{"type":"Polygon","coordinates":[[[121.6813139,38.9178026],[121.6812544,38.9177056],[121.6815499,38.917596],[121.6816093,38.9176929],[121.6813139,38.9178026]]]}},{"type":"Feature","id":"way/485430728","properties":{"building":"yes","id":"way/485430728"},"geometry":{"type":"Polygon","coordinates":[[[121.6824779,38.9172808],[121.682769,38.9171728],[121.6828186,38.9172537],[121.6825275,38.9173617],[121.6824779,38.9172808]]]}},{"type":"Feature","id":"way/485430729","properties":{"building":"yes","id":"way/485430729"},"geometry":{"type":"Polygon","coordinates":[[[121.6825289,38.9178839],[121.6824719,38.9177909],[121.6827891,38.9176732],[121.6828461,38.9177662],[121.6825289,38.9178839]]]}},{"type":"Feature","id":"way/485430730","properties":{"building":"yes","id":"way/485430730"},"geometry":{"type":"Polygon","coordinates":[[[121.6818905,38.9181365],[121.6818318,38.9180406],[121.6821641,38.9179173],[121.6822229,38.9180132],[121.6818905,38.9181365]]]}},{"type":"Feature","id":"way/485430742","properties":{"building":"yes","id":"way/485430742"},"geometry":{"type":"Polygon","coordinates":[[[121.6835917,38.9225647],[121.6833267,38.9221322],[121.683691,38.9219971],[121.683956,38.9224295],[121.6835917,38.9225647]]]}},{"type":"Feature","id":"way/485430743","properties":{"building":"yes","id":"way/485430743"},"geometry":{"type":"Polygon","coordinates":[[[121.6828273,38.9232512],[121.6825179,38.9227465],[121.6828729,38.9226148],[121.6831823,38.9231195],[121.6828273,38.9232512]]]}},{"type":"Feature","id":"way/485430744","properties":{"building":"yes","id":"way/485430744"},"geometry":{"type":"Polygon","coordinates":[[[121.6855551,38.9222537],[121.6854593,38.9220974],[121.6861908,38.921826],[121.6862866,38.9219823],[121.6855551,38.9222537]]]}},{"type":"Feature","id":"way/485430745","properties":{"building":"yes","id":"way/485430745"},"geometry":{"type":"Polygon","coordinates":[[[121.6845305,38.9220106],[121.6844378,38.9218594],[121.6851327,38.9216016],[121.6852253,38.9217529],[121.6845305,38.9220106]]]}},{"type":"Feature","id":"way/485430746","properties":{"building":"yes","id":"way/485430746"},"geometry":{"type":"Polygon","coordinates":[[[121.6854753,38.9200657],[121.6854177,38.9199717],[121.6861512,38.9196995],[121.6862089,38.9197936],[121.6854753,38.9200657]]]}},{"type":"Feature","id":"way/485430747","properties":{"building":"yes","id":"way/485430747"},"geometry":{"type":"Polygon","coordinates":[[[121.6863886,38.9193406],[121.6863175,38.9192246],[121.6869639,38.9189848],[121.687035,38.9191007],[121.6863886,38.9193406]]]}},{"type":"Feature","id":"way/485430748","properties":{"building":"yes","id":"way/485430748"},"geometry":{"type":"Polygon","coordinates":[[[121.6895838,38.919207],[121.6895173,38.9190986],[121.6901672,38.9188575],[121.6902336,38.9189659],[121.6895838,38.919207]]]}},{"type":"Feature","id":"way/485430750","properties":{"building":"yes","id":"way/485430750"},"geometry":{"type":"Polygon","coordinates":[[[121.6886531,38.9184745],[121.6885859,38.918365],[121.689168,38.918149],[121.6892352,38.9182585],[121.6886531,38.9184745]]]}},{"type":"Feature","id":"way/485430751","properties":{"building":"yes","id":"way/485430751"},"geometry":{"type":"Polygon","coordinates":[[[121.6880127,38.9190547],[121.6879368,38.9189309],[121.6886033,38.9186836],[121.6886792,38.9188074],[121.6880127,38.9190547]]]}},{"type":"Feature","id":"way/485430752","properties":{"building":"yes","id":"way/485430752"},"geometry":{"type":"Polygon","coordinates":[[[121.689282,38.9226054],[121.6892252,38.9224984],[121.6894309,38.9224322],[121.6894878,38.9225392],[121.689282,38.9226054]]]}},{"type":"Feature","id":"way/485430753","properties":{"building":"yes","id":"way/485430753"},"geometry":{"type":"Polygon","coordinates":[[[121.6891292,38.9225083],[121.6890902,38.9224351],[121.6892713,38.9223769],[121.6893102,38.9224501],[121.6891292,38.9225083]]]}},{"type":"Feature","id":"way/485430754","properties":{"building":"yes","id":"way/485430754"},"geometry":{"type":"Polygon","coordinates":[[[121.6888422,38.9226252],[121.6887887,38.9225247],[121.6890245,38.9224489],[121.689078,38.9225493],[121.6888422,38.9226252]]]}},{"type":"Feature","id":"way/485430755","properties":{"building":"yes","id":"way/485430755"},"geometry":{"type":"Polygon","coordinates":[[[121.6881481,38.9235872],[121.6880668,38.9235318],[121.6882076,38.9234066],[121.6882889,38.923462],[121.6881481,38.9235872]]]}},{"type":"Feature","id":"way/485430756","properties":{"building":"yes","id":"way/485430756"},"geometry":{"type":"Polygon","coordinates":[[[121.6868849,38.9239884],[121.6867283,38.9236938],[121.687019,38.9236002],[121.6871756,38.9238948],[121.6868849,38.9239884]]]}},{"type":"Feature","id":"way/485430757","properties":{"building":"yes","id":"way/485430757"},"geometry":{"type":"Polygon","coordinates":[[[121.685832,38.9246514],[121.6857654,38.9245261],[121.6859662,38.9244615],[121.6860328,38.9245868],[121.685832,38.9246514]]]}},{"type":"Feature","id":"way/485430758","properties":{"building":"yes","id":"way/485430758"},"geometry":{"type":"Polygon","coordinates":[[[121.6847082,38.9250468],[121.6846421,38.9249225],[121.6848329,38.9248611],[121.684899,38.9249854],[121.6847082,38.9250468]]]}},{"type":"Feature","id":"way/485430759","properties":{"building":"yes","id":"way/485430759"},"geometry":{"type":"Polygon","coordinates":[[[121.6835562,38.924304],[121.6833949,38.9240888],[121.683588,38.9240012],[121.6837493,38.9242163],[121.6835562,38.924304]]]}},{"type":"Feature","id":"way/485430760","properties":{"building":"yes","id":"way/485430760"},"geometry":{"type":"Polygon","coordinates":[[[121.6836545,38.9244118],[121.6836204,38.9242973],[121.68379,38.9242668],[121.6838241,38.9243813],[121.6836545,38.9244118]]]}},{"type":"Feature","id":"way/485430761","properties":{"building":"yes","id":"way/485430761"},"geometry":{"type":"Polygon","coordinates":[[[121.6837547,38.9245714],[121.6837179,38.9244478],[121.6839062,38.9244139],[121.683943,38.9245375],[121.6837547,38.9245714]]]}},{"type":"Feature","id":"way/485430762","properties":{"building":"yes","id":"way/485430762"},"geometry":{"type":"Polygon","coordinates":[[[121.6843917,38.9246754],[121.6843154,38.924532],[121.6845312,38.9244625],[121.6846074,38.924606],[121.6843917,38.9246754]]]}},{"type":"Feature","id":"way/485430763","properties":{"building":"yes","id":"way/485430763"},"geometry":{"type":"Polygon","coordinates":[[[121.6841825,38.9251376],[121.6840986,38.9249799],[121.6844547,38.9248653],[121.6845386,38.925023],[121.6841825,38.9251376]]]}},{"type":"Feature","id":"way/485430764","properties":{"building":"yes","id":"way/485430764"},"geometry":{"type":"Polygon","coordinates":[[[121.6853849,38.924821],[121.6853224,38.9247034],[121.6856022,38.9246134],[121.6856647,38.924731],[121.6853849,38.924821]]]}},{"type":"Feature","id":"way/485430765","properties":{"building":"yes","id":"way/485430765"},"geometry":{"type":"Polygon","coordinates":[[[121.685043,38.924939],[121.6849853,38.9248305],[121.6852737,38.9247377],[121.6853314,38.9248462],[121.685043,38.924939]]]}},{"type":"Feature","id":"way/485430766","properties":{"building":"yes","id":"way/485430766"},"geometry":{"type":"Polygon","coordinates":[[[121.6847323,38.9246483],[121.6846649,38.9245214],[121.6853439,38.9243029],[121.6854113,38.9244298],[121.6847323,38.9246483]]]}},{"type":"Feature","id":"way/485430767","properties":{"building":"yes","id":"way/485430767"},"geometry":{"type":"Polygon","coordinates":[[[121.6852406,38.924175],[121.6851887,38.9239764],[121.6856313,38.9239065],[121.6856831,38.9241051],[121.6852406,38.924175]]]}},{"type":"Feature","id":"way/485430768","properties":{"building":"yes","id":"way/485430768"},"geometry":{"type":"Polygon","coordinates":[[[121.6842086,38.9243937],[121.6841802,38.9242983],[121.6848924,38.92417],[121.6849208,38.9242654],[121.6842086,38.9243937]]]}},{"type":"Feature","id":"way/485430769","properties":{"building":"yes","id":"way/485430769"},"geometry":{"type":"Polygon","coordinates":[[[121.6849933,38.9238515],[121.6849471,38.9237647],[121.6851864,38.9236877],[121.6852326,38.9237745],[121.6849933,38.9238515]]]}},{"type":"Feature","id":"way/485430770","properties":{"building":"yes","id":"way/485430770"},"geometry":{"type":"Polygon","coordinates":[[[121.6847362,38.9239158],[121.6846928,38.923834],[121.6848797,38.9237739],[121.6849232,38.9238556],[121.6847362,38.9239158]]]}},{"type":"Feature","id":"way/485430771","properties":{"building":"yes","id":"way/485430771"},"geometry":{"type":"Polygon","coordinates":[[[121.6844023,38.9240252],[121.6843573,38.9239406],[121.6845807,38.9238687],[121.6846257,38.9239533],[121.6844023,38.9240252]]]}},{"type":"Feature","id":"way/485430772","properties":{"building":"yes","id":"way/485430772"},"geometry":{"type":"Polygon","coordinates":[[[121.684091,38.9241493],[121.6840439,38.9240608],[121.6842841,38.9239834],[121.6843312,38.924072],[121.684091,38.9241493]]]}},{"type":"Feature","id":"way/485430773","properties":{"building":"yes","id":"way/485430773"},"geometry":{"type":"Polygon","coordinates":[[[121.6838841,38.9240546],[121.6837793,38.9238574],[121.6839739,38.9237948],[121.6840788,38.9239919],[121.6838841,38.9240546]]]}},{"type":"Feature","id":"way/485430774","properties":{"building":"yes","id":"way/485430774"},"geometry":{"type":"Polygon","coordinates":[[[121.6847015,38.9237207],[121.684628,38.9235824],[121.6850153,38.9234578],[121.6850888,38.9235961],[121.6847015,38.9237207]]]}},{"type":"Feature","id":"way/485430775","properties":{"building":"yes","id":"way/485430775"},"geometry":{"type":"Polygon","coordinates":[[[121.6841731,38.9238981],[121.6841035,38.9237672],[121.6845137,38.9236352],[121.6845833,38.9237661],[121.6841731,38.9238981]]]}},{"type":"Feature","id":"way/485430776","properties":{"building":"yes","id":"way/485430776"},"geometry":{"type":"Polygon","coordinates":[[[121.6856981,38.9235207],[121.6855311,38.9232607],[121.686548,38.9229005],[121.686715,38.9231742],[121.6856981,38.9235207]]]}},{"type":"Feature","id":"way/485430777","properties":{"building":"yes","id":"way/485430777"},"geometry":{"type":"Polygon","coordinates":[[[121.6878444,38.9236686],[121.6877999,38.9235849],[121.6880455,38.9235058],[121.68809,38.9235895],[121.6878444,38.9236686]]]}},{"type":"Feature","id":"way/485430778","properties":{"building":"yes","id":"way/485430778"},"geometry":{"type":"Polygon","coordinates":[[[121.6875654,38.9237593],[121.6874824,38.9236032],[121.687717,38.9235277],[121.6878,38.9236838],[121.6875654,38.9237593]]]}},{"type":"Feature","id":"way/485430779","properties":{"building":"yes","id":"way/485430779"},"geometry":{"type":"Polygon","coordinates":[[[121.6874327,38.9235538],[121.6873081,38.9233196],[121.6877411,38.9231803],[121.6878656,38.9234144],[121.6874327,38.9235538]]]}},{"type":"Feature","id":"way/485430780","properties":{"building":"yes","id":"way/485430780"},"geometry":{"type":"Polygon","coordinates":[[[121.6863929,38.9244568],[121.6862562,38.9241998],[121.6868971,38.9239935],[121.6870338,38.9242505],[121.6863929,38.9244568]]]}},{"type":"Feature","id":"way/485430781","properties":{"building":"yes","id":"way/485430781"},"geometry":{"type":"Polygon","coordinates":[[[121.6875849,38.924185],[121.6874973,38.9240204],[121.6877445,38.9239409],[121.687832,38.9241055],[121.6875849,38.924185]]]}},{"type":"Feature","id":"way/485430782","properties":{"building":"yes","id":"way/485430782"},"geometry":{"type":"Polygon","coordinates":[[[121.6896982,38.9235262],[121.6896307,38.923398],[121.6898375,38.9233322],[121.6897605,38.9231858],[121.6899115,38.9231378],[121.6900559,38.9234124],[121.6896982,38.9235262]]]}},{"type":"Feature","id":"way/485430784","properties":{"building":"yes","id":"way/485430784"},"geometry":{"type":"Polygon","coordinates":[[[121.6891694,38.923704],[121.6890949,38.9235639],[121.689392,38.9234682],[121.6894665,38.9236084],[121.6891694,38.923704]]]}},{"type":"Feature","id":"way/485430785","properties":{"building":"yes","id":"way/485430785"},"geometry":{"type":"Polygon","coordinates":[[[121.6887845,38.9237938],[121.688713,38.9236593],[121.6889307,38.9235893],[121.6890022,38.9237237],[121.6887845,38.9237938]]]}},{"type":"Feature","id":"way/485430786","properties":{"building":"yes","id":"way/485430786"},"geometry":{"type":"Polygon","coordinates":[[[121.6883996,38.9239419],[121.6883397,38.9238292],[121.6886088,38.9237426],[121.6886687,38.9238553],[121.6883996,38.9239419]]]}},{"type":"Feature","id":"way/485430787","properties":{"building":"yes","id":"way/485430787"},"geometry":{"type":"Polygon","coordinates":[[[121.6879852,38.9240849],[121.6879287,38.9239786],[121.6881917,38.9238939],[121.6882482,38.9240002],[121.6879852,38.9240849]]]}},{"type":"Feature","id":"way/485430788","properties":{"building":"yes","id":"way/485430788"},"geometry":{"type":"Polygon","coordinates":[[[121.688922,38.9230926],[121.6888705,38.9229958],[121.6891727,38.9228986],[121.6892242,38.9229953],[121.688922,38.9230926]]]}},{"type":"Feature","id":"way/485430789","properties":{"building":"yes","id":"way/485430789"},"geometry":{"type":"Polygon","coordinates":[[[121.6889394,38.9233065],[121.6888862,38.9232064],[121.6891781,38.9231124],[121.6892313,38.9232126],[121.6889394,38.9233065]]]}},{"type":"Feature","id":"way/485430790","properties":{"building":"yes","id":"way/485430790"},"geometry":{"type":"Polygon","coordinates":[[[121.6886363,38.923294],[121.6887337,38.9234772],[121.6883694,38.9235945],[121.688272,38.9234112],[121.6886363,38.923294]]]}},{"type":"Feature","id":"way/485430791","properties":{"building":"yes","id":"way/485430791"},"geometry":{"type":"Polygon","coordinates":[[[121.6885773,38.9232022],[121.6885268,38.9231072],[121.6888281,38.9230102],[121.6888786,38.9231052],[121.6885773,38.9232022]]]}},{"type":"Feature","id":"way/485430792","properties":{"building":"yes","id":"way/485430792"},"geometry":{"type":"Polygon","coordinates":[[[121.6883587,38.923319],[121.688296,38.9232012],[121.6885263,38.923127],[121.688589,38.9232449],[121.6883587,38.923319]]]}},{"type":"Feature","id":"way/485430793","properties":{"building":"yes","id":"way/485430793"},"geometry":{"type":"Polygon","coordinates":[[[121.6882957,38.9231156],[121.688213,38.92296],[121.6891043,38.9226732],[121.689187,38.9228287],[121.6882957,38.9231156]]]}},{"type":"Feature","id":"way/485430794","properties":{"building":"yes","id":"way/485430794"},"geometry":{"type":"Polygon","coordinates":[[[121.6878102,38.9230916],[121.6881878,38.9229701],[121.6882474,38.9230822],[121.6878698,38.9232037],[121.6878102,38.9230916]]]}},{"type":"Feature","id":"way/485430795","properties":{"building":"yes","id":"way/485430795"},"geometry":{"type":"Polygon","coordinates":[[[121.6879067,38.9229142],[121.6878537,38.9228144],[121.6880784,38.922742],[121.6881315,38.9228419],[121.6879067,38.9229142]]]}},{"type":"Feature","id":"way/485430796","properties":{"building":"yes","id":"way/485430796"},"geometry":{"type":"Polygon","coordinates":[[[121.6881924,38.922861],[121.6881167,38.9227187],[121.6883748,38.9226356],[121.6884505,38.9227779],[121.6881924,38.922861]]]}},{"type":"Feature","id":"way/485430797","properties":{"building":"yes","id":"way/485430797"},"geometry":{"type":"Polygon","coordinates":[[[121.6884901,38.9227733],[121.6884052,38.9226136],[121.6886738,38.9225271],[121.6887588,38.9226869],[121.6884901,38.9227733]]]}},{"type":"Feature","id":"way/485430798","properties":{"building":"yes","id":"way/485430798"},"geometry":{"type":"Polygon","coordinates":[[[121.6888375,38.9223539],[121.6887609,38.9222099],[121.6890722,38.9221098],[121.6891487,38.9222537],[121.6888375,38.9223539]]]}},{"type":"Feature","id":"way/485430799","properties":{"building":"yes","id":"way/485430799"},"geometry":{"type":"Polygon","coordinates":[[[121.6882058,38.9225542],[121.6881345,38.9224201],[121.6885478,38.9222871],[121.6886191,38.9224212],[121.6882058,38.9225542]]]}},{"type":"Feature","id":"way/485430800","properties":{"building":"yes","id":"way/485430800"},"geometry":{"type":"Polygon","coordinates":[[[121.6877183,38.922717],[121.6876484,38.9225856],[121.6880053,38.9224708],[121.6880752,38.9226022],[121.6877183,38.922717]]]}},{"type":"Feature","id":"way/485430801","properties":{"building":"yes","id":"way/485430801"},"geometry":{"type":"Polygon","coordinates":[[[121.6871819,38.9228965],[121.6871068,38.9227552],[121.687485,38.9226335],[121.68756,38.9227748],[121.6871819,38.9228965]]]}},{"type":"Feature","id":"way/485430802","properties":{"building":"yes","id":"way/485430802"},"geometry":{"type":"Polygon","coordinates":[[[121.6874769,38.9230864],[121.6874098,38.9229602],[121.6877505,38.9228506],[121.6878176,38.9229767],[121.6874769,38.9230864]]]}},{"type":"Feature","id":"way/485430803","properties":{"building":"yes","id":"way/485430803"},"geometry":{"type":"Polygon","coordinates":[[[121.6828447,38.9254631],[121.6827559,38.9252959],[121.6832739,38.9251292],[121.6833628,38.9252964],[121.6828447,38.9254631]]]}},{"type":"Feature","id":"way/485430804","properties":{"building":"yes","id":"way/485430804"},"geometry":{"type":"Polygon","coordinates":[[[121.6822158,38.9258314],[121.6821077,38.9256282],[121.6824585,38.9255153],[121.6825666,38.9257185],[121.6822158,38.9258314]]]}},{"type":"Feature","id":"way/485430805","properties":{"building":"yes","id":"way/485430805"},"geometry":{"type":"Polygon","coordinates":[[[121.6790461,38.9258794],[121.6789581,38.925714],[121.6792191,38.92563],[121.6792438,38.9256765],[121.679307,38.9257954],[121.6790461,38.9258794]]]}},{"type":"Feature","id":"way/485430807","properties":{"building":"yes","id":"way/485430807"},"geometry":{"type":"Polygon","coordinates":[[[121.67985,38.9260922],[121.6798328,38.9260599],[121.6797616,38.9259259],[121.680091,38.9258199],[121.680133,38.9258064],[121.6802215,38.9259727],[121.67985,38.9260922]]]}},{"type":"Feature","id":"way/485430808","properties":{"building":"yes","id":"way/485430808"},"geometry":{"type":"Polygon","coordinates":[[[121.6792921,38.9262446],[121.6792318,38.9261312],[121.6793606,38.9260923],[121.6794181,38.9262087],[121.6792921,38.9262446]]]}},{"type":"Feature","id":"way/485430809","properties":{"building":"yes","id":"way/485430809"},"geometry":{"type":"Polygon","coordinates":[[[121.6793994,38.9264835],[121.6793522,38.9263946],[121.679504,38.9263458],[121.6795513,38.9264346],[121.6793994,38.9264835]]]}},{"type":"Feature","id":"way/485430810","properties":{"building":"yes","id":"way/485430810"},"geometry":{"type":"Polygon","coordinates":[[[121.6798581,38.9265242],[121.6797897,38.9263956],[121.679964,38.9263395],[121.6800324,38.9264681],[121.6798581,38.9265242]]]}},{"type":"Feature","id":"way/485430811","properties":{"building":"yes","id":"way/485430811"},"geometry":{"type":"Polygon","coordinates":[[[121.6786055,38.9269801],[121.6785309,38.9268397],[121.6793525,38.9265753],[121.6794272,38.9267157],[121.6786055,38.9269801]]]}},{"type":"Feature","id":"way/485430812","properties":{"building":"yes","id":"way/485430812"},"geometry":{"type":"Polygon","coordinates":[[[121.6776325,38.926158],[121.6774966,38.9259022],[121.6787282,38.9255059],[121.6788803,38.9257512],[121.6784797,38.9258854],[121.6778147,38.9260994],[121.6776325,38.926158]]]}},{"type":"Feature","id":"way/485430813","properties":{"building":"yes","id":"way/485430813"},"geometry":{"type":"Polygon","coordinates":[[[121.6809607,38.9253394],[121.6808458,38.9251234],[121.6809687,38.9250838],[121.6810836,38.9252999],[121.6809607,38.9253394]]]}},{"type":"Feature","id":"way/485430814","properties":{"building":"yes","id":"way/485430814"},"geometry":{"type":"Polygon","coordinates":[[[121.6805896,38.9254485],[121.6804897,38.9252607],[121.6804779,38.9252385],[121.6806097,38.9251961],[121.6807214,38.9254061],[121.6805896,38.9254485]]]}},{"type":"Feature","id":"way/485430815","properties":{"building":"yes","id":"way/485430815"},"geometry":{"type":"Polygon","coordinates":[[[121.6817538,38.9253838],[121.6817126,38.9253063],[121.6818611,38.9252586],[121.6819022,38.925336],[121.6817538,38.9253838]]]}},{"type":"Feature","id":"way/485430816","properties":{"building":"yes","id":"way/485430816"},"geometry":{"type":"Polygon","coordinates":[[[121.6813072,38.9254871],[121.6812542,38.9253874],[121.6816089,38.9252733],[121.6816619,38.925373],[121.6813072,38.9254871]]]}},{"type":"Feature","id":"way/485430817","properties":{"building":"yes","id":"way/485430817"},"geometry":{"type":"Polygon","coordinates":[[[121.6808431,38.9256582],[121.6807894,38.9255572],[121.6811435,38.9254433],[121.6811972,38.9255443],[121.6808431,38.9256582]]]}},{"type":"Feature","id":"way/485430818","properties":{"building":"yes","id":"way/485430818"},"geometry":{"type":"Polygon","coordinates":[[[121.6802986,38.9258377],[121.6802453,38.9257372],[121.6806205,38.9256165],[121.6806739,38.9257169],[121.6802986,38.9258377]]]}},{"type":"Feature","id":"way/485430819","properties":{"building":"yes","id":"way/485430819"},"geometry":{"type":"Polygon","coordinates":[[[121.6804287,38.9263677],[121.6803518,38.9262229],[121.6806379,38.9261308],[121.6807149,38.9262756],[121.6804287,38.9263677]]]}},{"type":"Feature","id":"way/485430820","properties":{"building":"yes","id":"way/485430820"},"geometry":{"type":"Polygon","coordinates":[[[121.6808418,38.9262122],[121.6807647,38.9260672],[121.6810564,38.9259733],[121.6811335,38.9261183],[121.6808418,38.9262122]]]}},{"type":"Feature","id":"way/485430821","properties":{"building":"yes","id":"way/485430821"},"geometry":{"type":"Polygon","coordinates":[[[121.6814359,38.9260818],[121.6813596,38.9259384],[121.6816532,38.9258439],[121.6817294,38.9259873],[121.6814359,38.9260818]]]}},{"type":"Feature","id":"way/485430822","properties":{"building":"yes","id":"way/485430822"},"geometry":{"type":"Polygon","coordinates":[[[121.6818369,38.9259253],[121.6817755,38.9258098],[121.6820649,38.9257166],[121.6821263,38.9258322],[121.6818369,38.9259253]]]}},{"type":"Feature","id":"way/485430823","properties":{"building":"yes","id":"way/485430823"},"geometry":{"type":"Polygon","coordinates":[[[121.6819335,38.9255017],[121.6818785,38.9253984],[121.6822446,38.9252805],[121.6822996,38.9253839],[121.6819335,38.9255017]]]}},{"type":"Feature","id":"way/485430824","properties":{"building":"yes","id":"way/485430824"},"geometry":{"type":"Polygon","coordinates":[[[121.6818919,38.9246994],[121.6818154,38.9245556],[121.6817959,38.9245189],[121.6820649,38.9244323],[121.6821609,38.9246128],[121.6818919,38.9246994]]]}},{"type":"Feature","id":"way/485430825","properties":{"building":"yes","id":"way/485430825"},"geometry":{"type":"Polygon","coordinates":[[[121.6823311,38.925037],[121.6822572,38.9248981],[121.6826945,38.9247574],[121.6827338,38.9248313],[121.6827684,38.9248962],[121.6823311,38.925037]]]}},{"type":"Feature","id":"way/485430826","properties":{"building":"yes","id":"way/485430826"},"geometry":{"type":"Polygon","coordinates":[[[121.6818191,38.9251342],[121.6817404,38.9249957],[121.6821169,38.9248662],[121.6821956,38.9250048],[121.6818191,38.9251342]]]}},{"type":"Feature","id":"way/485430827","properties":{"building":"yes","id":"way/485430827"},"geometry":{"type":"Polygon","coordinates":[[[121.6814351,38.9252218],[121.6813829,38.9251236],[121.6815933,38.9250559],[121.6816455,38.9251541],[121.6814351,38.9252218]]]}},{"type":"Feature","id":"way/485430828","properties":{"building":"yes","id":"way/485430828"},"geometry":{"type":"Polygon","coordinates":[[[121.6811985,38.9251501],[121.6811339,38.9250287],[121.6811408,38.9250265],[121.6814989,38.9249112],[121.6815635,38.9250327],[121.6811985,38.9251501]]]}},{"type":"Feature","id":"way/485430829","properties":{"building":"yes","id":"way/485430829"},"geometry":{"type":"Polygon","coordinates":[[[121.6814735,38.9248465],[121.6813961,38.924701],[121.6816733,38.9246117],[121.6817507,38.9247573],[121.6816282,38.9247967],[121.6814735,38.9248465]]]}},{"type":"Feature","id":"way/485430830","properties":{"building":"yes","id":"way/485430830"},"geometry":{"type":"Polygon","coordinates":[[[121.6809303,38.9250051],[121.6808574,38.924868],[121.6812388,38.9247453],[121.6813116,38.9248824],[121.6809303,38.9250051]]]}},{"type":"Feature","id":"way/485430832","properties":{"building":"yes","id":"way/485430832"},"geometry":{"type":"Polygon","coordinates":[[[121.679907,38.9256551],[121.6798433,38.9255352],[121.6804824,38.9253296],[121.6805461,38.9254494],[121.679907,38.9256551]]]}},{"type":"Feature","id":"way/485430833","properties":{"building":"yes","id":"way/485430833"},"geometry":{"type":"Polygon","coordinates":[[[121.6794685,38.9257688],[121.6794159,38.9256699],[121.6797796,38.9255529],[121.6798322,38.9256518],[121.6794685,38.9257688]]]}},{"type":"Feature","id":"way/485430834","properties":{"building":"yes","id":"way/485430834"},"geometry":{"type":"Polygon","coordinates":[[[121.6782426,38.9263215],[121.6785765,38.926214],[121.6786439,38.9263408],[121.67831,38.9264483],[121.6782426,38.9263215]]]}},{"type":"Feature","id":"way/485430835","properties":{"building":"yes","id":"way/485430835"},"geometry":{"type":"Polygon","coordinates":[[[121.6786981,38.9261736],[121.679032,38.9260661],[121.6790994,38.9261929],[121.6787654,38.9263003],[121.6786981,38.9261736]]]}},{"type":"Feature","id":"way/485430836","properties":{"building":"yes","id":"way/485430836"},"geometry":{"type":"Polygon","coordinates":[[[121.6664484,38.9254078],[121.6664682,38.9255192],[121.6665211,38.9256132],[121.6660355,38.9258193],[121.6659319,38.9256705],[121.6658926,38.9254975],[121.6664484,38.9254078]]]}},{"type":"Feature","id":"way/485430837","properties":{"building":"yes","id":"way/485430837"},"geometry":{"type":"Polygon","coordinates":[[[121.6651207,38.9251814],[121.6655901,38.9254297],[121.6654687,38.9255779],[121.6652999,38.9256845],[121.6649525,38.9253496],[121.6650476,38.9252784],[121.6651207,38.9251814]]]}},{"type":"Feature","id":"way/485430838","properties":{"building":"yes","id":"way/485430838"},"geometry":{"type":"Polygon","coordinates":[[[121.6671686,38.9244552],[121.6677399,38.9244615],[121.6677367,38.9246388],[121.6671654,38.9246326],[121.6671686,38.9244552]]]}},{"type":"Feature","id":"way/485430839","properties":{"building":"yes","id":"way/485430839"},"geometry":{"type":"Polygon","coordinates":[[[121.6663719,38.9245679],[121.6669191,38.9244573],[121.6669722,38.9246162],[121.666425,38.9247268],[121.6663719,38.9245679]]]}},{"type":"Feature","id":"way/485430840","properties":{"building":"yes","id":"way/485430840"},"geometry":{"type":"Polygon","coordinates":[[[121.6655968,38.9248642],[121.6661037,38.924641],[121.6662252,38.9248079],[121.6657183,38.9250312],[121.6655968,38.9248642]]]}},{"type":"Feature","id":"way/485430841","properties":{"building":"yes","id":"way/485430841"},"geometry":{"type":"Polygon","coordinates":[[[121.6764262,38.9235391],[121.6761794,38.923174],[121.6766435,38.9229841],[121.6768903,38.9233493],[121.6764262,38.9235391]]]}},{"type":"Feature","id":"way/485430842","properties":{"building":"yes","id":"way/485430842"},"geometry":{"type":"Polygon","coordinates":[[[121.6761486,38.9241735],[121.6759018,38.9238084],[121.6763659,38.9236185],[121.6766127,38.9239837],[121.6761486,38.9241735]]]}},{"type":"Feature","id":"way/485430845","properties":{"building":"yes","id":"way/485430845"},"geometry":{"type":"Polygon","coordinates":[[[121.6539917,38.9304399],[121.6538304,38.9301376],[121.6551099,38.9297245],[121.6552711,38.9300267],[121.6539917,38.9304399]]]}},{"type":"Feature","id":"way/485430846","properties":{"building":"yes","id":"way/485430846"},"geometry":{"type":"Polygon","coordinates":[[[121.6534767,38.9303752],[121.653418,38.9302582],[121.6538096,38.9301392],[121.6538683,38.9302562],[121.6534767,38.9303752]]]}},{"type":"Feature","id":"way/499483047","properties":{"building":"yes","id":"way/499483047"},"geometry":{"type":"Polygon","coordinates":[[[121.6681513,38.9174206],[121.6681297,38.9173201],[121.6684806,38.9172743],[121.6685023,38.9173748],[121.6681513,38.9174206]]]}},{"type":"Feature","id":"way/499483048","properties":{"building":"yes","id":"way/499483048"},"geometry":{"type":"Polygon","coordinates":[[[121.6682012,38.9176611],[121.6681759,38.9175525],[121.6685238,38.9175035],[121.6685491,38.917612],[121.6682012,38.9176611]]]}},{"type":"Feature","id":"way/499483049","properties":{"building":"yes","id":"way/499483049"},"geometry":{"type":"Polygon","coordinates":[[[121.6682385,38.9179152],[121.6682242,38.9178193],[121.6685864,38.9177866],[121.6686007,38.9178825],[121.6682385,38.9179152]]]}},{"type":"Feature","id":"way/499483050","properties":{"building":"yes","id":"way/499483050"},"geometry":{"type":"Polygon","coordinates":[[[121.6688846,38.9189004],[121.6688533,38.9187685],[121.6694836,38.918678],[121.6695148,38.9188099],[121.6688846,38.9189004]]]}},{"type":"Feature","id":"way/499483051","properties":{"building":"yes","id":"way/499483051"},"geometry":{"type":"Polygon","coordinates":[[[121.6688436,38.9185931],[121.6688191,38.9184819],[121.6690258,38.9184543],[121.6690385,38.9185122],[121.6689598,38.9185227],[121.6689715,38.9185761],[121.6688436,38.9185931]]]}},{"type":"Feature","id":"way/499483052","properties":{"building":"yes","id":"way/499483052"},"geometry":{"type":"Polygon","coordinates":[[[121.6680686,38.9187414],[121.6679744,38.9187154],[121.6681147,38.918432],[121.668705,38.9184971],[121.6686841,38.9185948],[121.6686171,38.9185883],[121.6686213,38.9185688],[121.6681712,38.9185199],[121.6680686,38.9187414]]]}},{"type":"Feature","id":"way/499483053","properties":{"building":"yes","id":"way/499483053"},"geometry":{"type":"Polygon","coordinates":[[[121.6684,38.9189263],[121.6683952,38.9189076],[121.6683701,38.9189059],[121.6683492,38.9188192],[121.6684205,38.9188088],[121.6684162,38.9187909],[121.6687526,38.918742],[121.6687615,38.9187789],[121.6687887,38.9187805],[121.668803,38.9188357],[121.6687733,38.9188404],[121.6687801,38.9188667],[121.6684,38.9189263]]]}},{"type":"Feature","id":"way/499483054","properties":{"building":"yes","id":"way/499483054"},"geometry":{"type":"Polygon","coordinates":[[[121.6682058,38.9190911],[121.6681621,38.9189737],[121.6680288,38.9190037],[121.6679579,38.9191779],[121.6678025,38.9191397],[121.667899,38.9189027],[121.6682787,38.9188172],[121.668367,38.9190548],[121.6682058,38.9190911]]]}},{"type":"Feature","id":"way/499483526","properties":{"building":"yes","id":"way/499483526"},"geometry":{"type":"Polygon","coordinates":[[[121.6685061,38.9170358],[121.66848,38.916919],[121.6688412,38.9168702],[121.6689417,38.9173205],[121.6687817,38.9173421],[121.6687073,38.9170086],[121.6685061,38.9170358]]]}},{"type":"Feature","id":"way/499483528","properties":{"building":"yes","id":"way/499483528"},"geometry":{"type":"Polygon","coordinates":[[[121.6685841,38.9173581],[121.6685602,38.917268],[121.6686562,38.9172525],[121.6686802,38.9173426],[121.6685841,38.9173581]]]}},{"type":"Feature","id":"way/499483530","properties":{"building":"yes","id":"way/499483530"},"geometry":{"type":"Polygon","coordinates":[[[121.6686099,38.9175538],[121.668584,38.9174531],[121.6689284,38.9173995],[121.6689543,38.9175002],[121.6686099,38.9175538]]]}},{"type":"Feature","id":"way/499483532","properties":{"building":"yes","id":"way/499483532"},"geometry":{"type":"Polygon","coordinates":[[[121.6686773,38.9178686],[121.6686588,38.9177671],[121.6689866,38.9177308],[121.6690051,38.9178323],[121.6686773,38.9178686]]]}},{"type":"Feature","id":"way/499483534","properties":{"building":"yes","id":"way/499483534"},"geometry":{"type":"Polygon","coordinates":[[[121.6687359,38.9182371],[121.668711,38.9181342],[121.6690688,38.9180817],[121.6690938,38.9181846],[121.6687359,38.9182371]]]}},{"type":"Feature","id":"way/499483535","properties":{"building":"yes","id":"way/499483535"},"geometry":{"type":"Polygon","coordinates":[[[121.6682835,38.9181784],[121.6682926,38.9180955],[121.6686574,38.9181197],[121.6686483,38.9182027],[121.6682835,38.9181784]]]}},{"type":"Feature","id":"way/499483537","properties":{"building":"yes","id":"way/499483537"},"geometry":{"type":"Polygon","coordinates":[[[121.6681235,38.9181519],[121.6681357,38.9180898],[121.6682656,38.9181053],[121.6682535,38.9181673],[121.6681235,38.9181519]]]}},{"type":"Feature","id":"way/499483539","properties":{"building":"yes","id":"way/499483539"},"geometry":{"type":"Polygon","coordinates":[[[121.6692156,38.9181811],[121.6691913,38.9180833],[121.6695504,38.9180292],[121.6695747,38.918127],[121.6692156,38.9181811]]]}},{"type":"Feature","id":"way/499484298","properties":{"building":"yes","id":"way/499484298"},"geometry":{"type":"Polygon","coordinates":[[[121.6696452,38.9181008],[121.6696202,38.9179755],[121.6698519,38.9179476],[121.669811,38.9177423],[121.669585,38.9177696],[121.6695643,38.9176656],[121.6699607,38.9176178],[121.6700472,38.9180523],[121.6696452,38.9181008]]]}},{"type":"Feature","id":"way/499484299","properties":{"building":"yes","id":"way/499484299"},"geometry":{"type":"Polygon","coordinates":[[[121.669973,38.9166543],[121.6699424,38.9165309],[121.6703883,38.9164639],[121.6704189,38.9165873],[121.669973,38.9166543]]]}},{"type":"Feature","id":"way/499484300","properties":{"building":"yes","id":"way/499484300"},"geometry":{"type":"Polygon","coordinates":[[[121.6699394,38.9163745],[121.669914,38.9162515],[121.670332,38.9161992],[121.6703575,38.9163222],[121.6699394,38.9163745]]]}},{"type":"Feature","id":"way/499484301","properties":{"building":"yes","id":"way/499484301"},"geometry":{"type":"Polygon","coordinates":[[[121.66917,38.9179801],[121.6691156,38.9177336],[121.6691403,38.9177303],[121.6691196,38.9176367],[121.6694107,38.9175978],[121.6694127,38.9176069],[121.669468,38.9175995],[121.6694891,38.917695],[121.6692375,38.9177286],[121.6692896,38.9179641],[121.66917,38.9179801]]]}},{"type":"Feature","id":"way/499484302","properties":{"building":"yes","id":"way/499484302"},"geometry":{"type":"Polygon","coordinates":[[[121.6695276,38.917502],[121.6695106,38.9174003],[121.6698896,38.9173618],[121.669914,38.9175075],[121.6698338,38.9175157],[121.6698264,38.9174717],[121.6695276,38.917502]]]}},{"type":"Feature","id":"way/499484303","properties":{"building":"yes","id":"way/499484303"},"geometry":{"type":"Polygon","coordinates":[[[121.6694873,38.9171708],[121.6694687,38.9170904],[121.6697834,38.9170463],[121.6697989,38.9171137],[121.6698515,38.9171063],[121.6698809,38.9172333],[121.6697566,38.9172507],[121.6697303,38.9171368],[121.6694873,38.9171708]]]}},{"type":"Feature","id":"way/499484304","properties":{"building":"yes","id":"way/499484304"},"geometry":{"type":"Polygon","coordinates":[[[121.6690925,38.9174882],[121.6690708,38.9173807],[121.6694299,38.9173368],[121.6694516,38.9174443],[121.6690925,38.9174882]]]}},{"type":"Feature","id":"way/499484305","properties":{"building":"yes","id":"way/499484305"},"geometry":{"type":"Polygon","coordinates":[[[121.6690365,38.9172458],[121.6690131,38.9171451],[121.6693813,38.9170933],[121.6694047,38.917194],[121.6690365,38.9172458]]]}},{"type":"Feature","id":"way/499484306","properties":{"building":"yes","id":"way/499484306"},"geometry":{"type":"Polygon","coordinates":[[[121.6689768,38.9169888],[121.668957,38.9168819],[121.669323,38.916841],[121.6693427,38.916948],[121.6689768,38.9169888]]]}},{"type":"Feature","id":"way/499484307","properties":{"building":"yes","id":"way/499484307"},"geometry":{"type":"Polygon","coordinates":[[[121.6694313,38.9169283],[121.6694098,38.9168312],[121.6697765,38.9167821],[121.6698164,38.9169627],[121.6696908,38.9169795],[121.6696723,38.9168961],[121.6694313,38.9169283]]]}},{"type":"Feature","id":"way/499484308","properties":{"building":"yes","id":"way/499484308"},"geometry":{"type":"Polygon","coordinates":[[[121.6693673,38.9166537],[121.669349,38.9165463],[121.6697308,38.916507],[121.6697656,38.9167121],[121.6696529,38.9167237],[121.6696363,38.9166261],[121.6693673,38.9166537]]]}},{"type":"Feature","id":"way/514542921","properties":{"building":"yes","id":"way/514542921"},"geometry":{"type":"Polygon","coordinates":[[[121.6303399,38.9262228],[121.6304508,38.9261405],[121.6306447,38.926166],[121.6307127,38.9262659],[121.6306397,38.9263051],[121.6306069,38.9262757],[121.6305943,38.9263404],[121.6304231,38.9263149],[121.6304407,38.9262405],[121.6303953,38.9262659],[121.6303399,38.9262228]]]}},{"type":"Feature","id":"way/514542922","properties":{"building":"yes","id":"way/514542922"},"geometry":{"type":"Polygon","coordinates":[[[121.6315489,38.9262973],[121.6313877,38.9260289],[121.631496,38.9259877],[121.6316622,38.9262522],[121.6315489,38.9262973]]]}},{"type":"Feature","id":"way/514542923","properties":{"building":"yes","id":"way/514542923"},"geometry":{"type":"Polygon","coordinates":[[[121.6315962,38.9259274],[121.6317041,38.9258842],[121.6319102,38.9261956],[121.6318023,38.9262388],[121.6315962,38.9259274]]]}},{"type":"Feature","id":"way/514546091","properties":{"building":"yes","id":"way/514546091"},"geometry":{"type":"Polygon","coordinates":[[[121.6305088,38.9256276],[121.6303934,38.9255911],[121.6304953,38.9253959],[121.6306107,38.9254323],[121.6305088,38.9256276]]]}},{"type":"Feature","id":"way/514546093","properties":{"building":"yes","id":"way/514546093"},"geometry":{"type":"Polygon","coordinates":[[[121.6302717,38.9258281],[121.6303178,38.925731],[121.6303461,38.9257391],[121.6303857,38.9256559],[121.6304784,38.9256826],[121.6304414,38.9257604],[121.6304678,38.925768],[121.6304191,38.9258705],[121.6302717,38.9258281]]]}},{"type":"Feature","id":"way/514546095","properties":{"building":"yes","id":"way/514546095"},"geometry":{"type":"Polygon","coordinates":[[[121.6301857,38.9254892],[121.6302354,38.9253872],[121.6303658,38.9254256],[121.6303161,38.9255276],[121.6301857,38.9254892]]]}},{"type":"Feature","id":"way/514546097","properties":{"building":"yes","id":"way/514546097"},"geometry":{"type":"Polygon","coordinates":[[[121.6310298,38.9256391],[121.6309318,38.925539],[121.6310879,38.9254464],[121.631092,38.9254107],[121.631042,38.9253911],[121.6310867,38.9253222],[121.6312671,38.9253929],[121.6312588,38.9255032],[121.6310298,38.9256391]]]}},{"type":"Feature","id":"way/514546099","properties":{"building":"yes","id":"way/514546099"},"geometry":{"type":"Polygon","coordinates":[[[121.6311733,38.9264277],[121.6310045,38.9261422],[121.6310712,38.9261195],[121.6310211,38.9260465],[121.6311858,38.9259898],[121.6312109,38.9258551],[121.631165,38.925813],[121.6312025,38.9257659],[121.631363,38.9257708],[121.6313964,38.9258146],[121.6313651,38.9258714],[121.6313589,38.9259589],[121.6313068,38.9259865],[121.6314881,38.9263012],[121.6311733,38.9264277]]]}},{"type":"Feature","id":"way/514546100","properties":{"building":"yes","id":"way/514546100"},"geometry":{"type":"Polygon","coordinates":[[[121.6310393,38.9264943],[121.6308847,38.9262303],[121.6309644,38.926202],[121.631119,38.9264661],[121.6310393,38.9264943]]]}},{"type":"Feature","id":"way/514546102","properties":{"building":"yes","id":"way/514546102"},"geometry":{"type":"Polygon","coordinates":[[[121.6309695,38.925969],[121.6309132,38.9259075],[121.6311091,38.9257989],[121.6311654,38.9258604],[121.6309695,38.925969]]]}},{"type":"Feature","id":"way/514546104","properties":{"building":"yes","id":"way/514546104"},"geometry":{"type":"Polygon","coordinates":[[[121.6308287,38.926189],[121.6307526,38.9260967],[121.6307982,38.9259594],[121.6308834,38.9259144],[121.6309564,38.9260044],[121.630926,38.9260399],[121.630926,38.9260872],[121.6309443,38.9261298],[121.6308287,38.926189]]]}},{"type":"Feature","id":"way/514546107","properties":{"building":"yes","id":"way/514546107"},"geometry":{"type":"Polygon","coordinates":[[[121.6307031,38.9266242],[121.6305762,38.9264501],[121.6307384,38.9263786],[121.6308652,38.9265527],[121.6307031,38.9266242]]]}},{"type":"Feature","id":"way/514547144","properties":{"building":"yes","id":"way/514547144"},"geometry":{"type":"Polygon","coordinates":[[[121.6301509,38.9265072],[121.6300768,38.9264232],[121.6302303,38.9263412],[121.6303044,38.9264252],[121.6301509,38.9265072]]]}},{"type":"Feature","id":"way/514548967","properties":{"building":"yes","id":"way/514548967"},"geometry":{"type":"Polygon","coordinates":[[[121.6292837,38.9270331],[121.6292314,38.9269593],[121.6293719,38.9269132],[121.6294119,38.9269871],[121.6292837,38.9270331]]]}},{"type":"Feature","id":"way/514548969","properties":{"building":"yes","id":"way/514548969"},"geometry":{"type":"Polygon","coordinates":[[[121.6298407,38.9270823],[121.629753,38.926948],[121.6298573,38.9269068],[121.629945,38.9270412],[121.6298407,38.9270823]]]}},{"type":"Feature","id":"way/514549018","properties":{"building":"yes","id":"way/514549018"},"geometry":{"type":"Polygon","coordinates":[[[121.6300238,38.9262737],[121.6299429,38.9261879],[121.6301414,38.9260793],[121.6301157,38.926045],[121.6300164,38.9260164],[121.6300532,38.925922],[121.6302847,38.9259792],[121.6303178,38.926105],[121.6300238,38.9262737]]]}},{"type":"Feature","id":"way/538468127","properties":{"building":"house","id":"way/538468127"},"geometry":{"type":"Polygon","coordinates":[[[121.6296615,38.925164],[121.6297071,38.9250575],[121.6298921,38.9251014],[121.629876,38.9251452],[121.6298009,38.9251264],[121.6297875,38.9251577],[121.6298358,38.9251681],[121.6298224,38.9252057],[121.6296615,38.925164]]]}},{"type":"Feature","id":"way/538468851","properties":{"building":"house","id":"way/538468851"},"geometry":{"type":"Polygon","coordinates":[[[121.6299699,38.9268604],[121.6298787,38.926731],[121.630096,38.9266476],[121.6301872,38.9267832],[121.6299699,38.9268604]]]}},{"type":"Feature","id":"way/551391115","properties":{"building":"yes","id":"way/551391115"},"geometry":{"type":"Polygon","coordinates":[[[121.6441896,38.9161666],[121.6445298,38.9158614],[121.6447501,38.9160101],[121.6444099,38.9163153],[121.6441896,38.9161666]]]}},{"type":"Feature","id":"way/551392948","properties":{"building":"yes","id":"way/551392948"},"geometry":{"type":"Polygon","coordinates":[[[121.6427204,38.9240329],[121.642408,38.9241824],[121.642322,38.9240737],[121.6426344,38.9239241],[121.6427204,38.9240329]]]}},{"type":"Feature","id":"way/551392949","properties":{"building":"yes","building:levels":"20","id":"way/551392949"},"geometry":{"type":"Polygon","coordinates":[[[121.6424275,38.9236991],[121.6425284,38.9238113],[121.6424708,38.9238427],[121.642524,38.9239019],[121.6423717,38.9239847],[121.6422674,38.9238688],[121.6423425,38.9238279],[121.6422926,38.9237725],[121.6424275,38.9236991]]]}},{"type":"Feature","id":"way/551392950","properties":{"building":"hotel","id":"way/551392950"},"geometry":{"type":"Polygon","coordinates":[[[121.6475402,38.924549],[121.6474684,38.9245219],[121.6474069,38.9244972],[121.6473334,38.9244664],[121.6472671,38.9244276],[121.6472179,38.924392],[121.6471857,38.9243641],[121.6471463,38.9243318],[121.647124,38.9243117],[121.6471112,38.9242804],[121.6471124,38.9242707],[121.6471193,38.9242605],[121.6471531,38.9242468],[121.6471785,38.9242377],[121.6471312,38.9241794],[121.6470867,38.9241425],[121.6470077,38.9241032],[121.6470266,38.9240723],[121.6470021,38.9240617],[121.6470484,38.9239894],[121.647104,38.9240093],[121.6471831,38.9240441],[121.6472604,38.9240846],[121.6473337,38.9241358],[121.6473772,38.9241439],[121.6474126,38.9241671],[121.6474344,38.9242068],[121.6474514,38.9242468],[121.6474466,38.9242851],[121.6474246,38.9243114],[121.6474029,38.9243263],[121.6474306,38.924343],[121.6475072,38.9243759],[121.6475786,38.924401],[121.6475413,38.9244638],[121.6475854,38.9244817],[121.6475402,38.924549]]]}},{"type":"Feature","id":"way/551392951","properties":{"building":"yes","id":"way/551392951"},"geometry":{"type":"Polygon","coordinates":[[[121.643084,38.923744],[121.6432001,38.9234784],[121.6433414,38.9235158],[121.6433003,38.9236098],[121.6432485,38.9235961],[121.6431736,38.9237677],[121.643084,38.923744]]]}},{"type":"Feature","id":"way/551392952","properties":{"building":"yes","id":"way/551392952"},"geometry":{"type":"Polygon","coordinates":[[[121.6432489,38.9238164],[121.6433615,38.9235076],[121.6435368,38.9235463],[121.6435106,38.9236181],[121.6434218,38.9235985],[121.6433653,38.9237535],[121.6434994,38.9237832],[121.6434695,38.9238651],[121.6432489,38.9238164]]]}},{"type":"Feature","id":"way/551392953","properties":{"building":"yes","id":"way/551392953"},"geometry":{"type":"Polygon","coordinates":[[[121.6434955,38.923886],[121.6435372,38.9237939],[121.6437096,38.9238412],[121.643668,38.9239332],[121.6434955,38.923886]]]}},{"type":"Feature","id":"way/551392954","properties":{"building":"yes","id":"way/551392954"},"geometry":{"type":"Polygon","coordinates":[[[121.6435278,38.9236198],[121.6435574,38.9235454],[121.643644,38.9235662],[121.6436144,38.9236406],[121.6435278,38.9236198]]]}},{"type":"Feature","id":"way/551393088","properties":{"addr:city":"大连市","addr:district":"中山区","addr:housenumber":"35","addr:postcode":"116001","addr:province":"辽宁省","addr:street":"人民路","building":"commercial","name":"纺织大厦","id":"way/551393088"},"geometry":{"type":"Polygon","coordinates":[[[121.6457958,38.922656],[121.6457411,38.9225794],[121.6457069,38.9225925],[121.6456973,38.9225751],[121.6456995,38.9225536],[121.6457087,38.9225316],[121.6457305,38.9225119],[121.6459407,38.9224529],[121.6460859,38.9224991],[121.646146,38.9225994],[121.6461709,38.9226409],[121.6461728,38.9226673],[121.6461693,38.9226879],[121.6461632,38.9227055],[121.6461536,38.9227177],[121.6461281,38.9227265],[121.6461121,38.9227057],[121.6460375,38.9227271],[121.6459864,38.9226539],[121.6459593,38.9226328],[121.6459219,38.9226244],[121.6458821,38.9226252],[121.6457958,38.922656]]]}},{"type":"Feature","id":"way/551393234","properties":{"addr:city":"大连市","addr:district":"中山区","addr:housenumber":"50","addr:postcode":"116001","addr:province":"辽宁省","addr:street":"人民路","building":"yes","building:levels":"4","name":"时代广场","name:en":"Dalian Times Square","name:zh":"时代广场","shop":"mall","id":"way/551393234"},"geometry":{"type":"Polygon","coordinates":[[[121.6454566,38.9231304],[121.6456549,38.9232213],[121.6461027,38.923324],[121.6460471,38.9233888],[121.6458938,38.9232982],[121.6453477,38.9238577],[121.6454648,38.9239269],[121.6454487,38.9239439],[121.6452766,38.9238453],[121.6450181,38.9237952],[121.644835,38.923711],[121.6444091,38.9235854],[121.6444228,38.9235599],[121.6446878,38.9236407],[121.6449693,38.9230518],[121.6446958,38.9229654],[121.6447165,38.9229251],[121.6450865,38.923048],[121.6454566,38.9231304]]]}},{"type":"Feature","id":"way/551393530","properties":{"building":"yes","id":"way/551393530"},"geometry":{"type":"Polygon","coordinates":[[[121.6425879,38.9229029],[121.6432044,38.9230886],[121.6431119,38.9232743],[121.6424954,38.9230885],[121.6425879,38.9229029]]]}},{"type":"Feature","id":"way/551393531","properties":{"building":"yes","id":"way/551393531"},"geometry":{"type":"Polygon","coordinates":[[[121.6414549,38.9217073],[121.6416169,38.921759],[121.6415716,38.9218405],[121.6414143,38.9217907],[121.6414549,38.9217073]]]}},{"type":"Feature","id":"way/551393532","properties":{"building":"yes","id":"way/551393532"},"geometry":{"type":"Polygon","coordinates":[[[121.641329,38.9219375],[121.6414765,38.9219811],[121.6413921,38.9221537],[121.6412446,38.9221101],[121.641329,38.9219375]]]}},{"type":"Feature","id":"way/551393533","properties":{"building":"yes","id":"way/551393533"},"geometry":{"type":"Polygon","coordinates":[[[121.641535,38.9221588],[121.641433,38.9221262],[121.6415059,38.9219906],[121.6416065,38.9220233],[121.641535,38.9221588]]]}},{"type":"Feature","id":"way/551393534","properties":{"building":"yes","id":"way/551393534"},"geometry":{"type":"Polygon","coordinates":[[[121.6415459,38.9221532],[121.6416126,38.9220272],[121.6417223,38.9220623],[121.6416556,38.9221883],[121.6415459,38.9221532]]]}},{"type":"Feature","id":"way/551393925","properties":{"addr:city":"大连市","addr:district":"中山区","addr:housenumber":"10","addr:postcode":"116001","addr:province":"辽宁省","addr:street":"人民路","building":"yes","id":"way/551393925"},"geometry":{"type":"Polygon","coordinates":[[[121.6417053,38.9217883],[121.6420617,38.9218978],[121.6420201,38.9219808],[121.6416612,38.9218667],[121.6417053,38.9217883]]]}},{"type":"Feature","id":"way/551393926","properties":{"building":"yes","id":"way/551393926"},"geometry":{"type":"Polygon","coordinates":[[[121.6413699,38.9218857],[121.6414103,38.9218061],[121.6415477,38.9218484],[121.6415072,38.9219279],[121.6413699,38.9218857]]]}},{"type":"Feature","id":"way/551393927","properties":{"building":"yes","id":"way/551393927"},"geometry":{"type":"Polygon","coordinates":[[[121.6417522,38.9219028],[121.642029,38.9219899],[121.6419852,38.922074],[121.6417085,38.921987],[121.6417522,38.9219028]]]}},{"type":"Feature","id":"way/551393928","properties":{"building":"yes","id":"way/551393928"},"geometry":{"type":"Polygon","coordinates":[[[121.6415225,38.9219473],[121.6415728,38.9218553],[121.6416631,38.9218861],[121.6416142,38.9219756],[121.6415225,38.9219473]]]}},{"type":"Feature","id":"way/551393929","properties":{"building":"yes","id":"way/551393929"},"geometry":{"type":"Polygon","coordinates":[[[121.6415716,38.9218405],[121.6416169,38.921759],[121.6416206,38.9217523],[121.6417108,38.9217785],[121.6417053,38.9217883],[121.6416612,38.9218667],[121.6415716,38.9218405]]]}},{"type":"Feature","id":"way/551394025","properties":{"building":"yes","id":"way/551394025"},"geometry":{"type":"Polygon","coordinates":[[[121.6417664,38.9221694],[121.6417988,38.9221002],[121.641844,38.9221128],[121.6418101,38.9221807],[121.6417664,38.9221694]]]}},{"type":"Feature","id":"way/551394026","properties":{"building":"yes","id":"way/551394026"},"geometry":{"type":"Polygon","coordinates":[[[121.641958,38.922287],[121.6419938,38.9222175],[121.6423927,38.9223383],[121.6423587,38.922407],[121.641958,38.922287]]]}},{"type":"Feature","id":"way/551394028","properties":{"addr:city":"大连市","addr:district":"中山区","addr:housenumber":"12","addr:postcode":"116001","addr:province":"辽宁省","addr:street":"人民路","building":"yes","id":"way/551394028"},"geometry":{"type":"Polygon","coordinates":[[[121.6420566,38.9220937],[121.6421487,38.9219179],[121.6425705,38.9220517],[121.6424909,38.9221962],[121.6424757,38.9222246],[121.6424534,38.9222171],[121.6420566,38.9220937]]]}},{"type":"Feature","id":"way/551394594","properties":{"building":"yes","id":"way/551394594"},"geometry":{"type":"Polygon","coordinates":[[[121.6418108,38.9229595],[121.6420263,38.9228361],[121.6420921,38.9227029],[121.6423958,38.9227805],[121.6423017,38.9229525],[121.6422598,38.9230108],[121.6419754,38.9231458],[121.6418108,38.9229595]]]}},{"type":"Feature","id":"way/551394595","properties":{"building":"yes","id":"way/551394595"},"geometry":{"type":"Polygon","coordinates":[[[121.641835,38.9227867],[121.6418653,38.9227114],[121.6420032,38.922745],[121.6419729,38.9228203],[121.641835,38.9227867]]]}},{"type":"Feature","id":"way/551394596","properties":{"building":"yes","id":"way/551394596"},"geometry":{"type":"Polygon","coordinates":[[[121.6419595,38.9231631],[121.6417353,38.9232822],[121.6415423,38.9230624],[121.6416753,38.9229917],[121.6417937,38.9231266],[121.6418849,38.9230781],[121.6419595,38.9231631]]]}},{"type":"Feature","id":"way/551394597","properties":{"building":"yes","id":"way/551394597"},"geometry":{"type":"Polygon","coordinates":[[[121.6417251,38.9227429],[121.6417899,38.9226041],[121.6418879,38.9226181],[121.6418163,38.9227784],[121.6417251,38.9227429]]]}},{"type":"Feature","id":"way/551394598","properties":{"building":"yes","id":"way/551394598"},"geometry":{"type":"Polygon","coordinates":[[[121.6417308,38.9228481],[121.6417617,38.9227869],[121.6418996,38.922829],[121.6418687,38.9228902],[121.6417308,38.9228481]]]}},{"type":"Feature","id":"way/551394599","properties":{"building":"yes","id":"way/551394599"},"geometry":{"type":"Polygon","coordinates":[[[121.6415213,38.9230139],[121.641432,38.9228954],[121.6415476,38.9228426],[121.6416369,38.9229612],[121.6415213,38.9230139]]]}},{"type":"Feature","id":"way/551394600","properties":{"building":"yes","id":"way/551394600"},"geometry":{"type":"Polygon","coordinates":[[[121.6415645,38.9228424],[121.6417004,38.9227317],[121.6417619,38.9227745],[121.6416244,38.922889],[121.6415645,38.9228424]]]}},{"type":"Feature","id":"way/551395980","properties":{"building":"yes","id":"way/551395980"},"geometry":{"type":"Polygon","coordinates":[[[121.6439691,38.926482],[121.6441627,38.926488],[121.6441606,38.9265291],[121.644297,38.9265333],[121.6442884,38.9267026],[121.6441154,38.9266972],[121.6441175,38.9266558],[121.6439605,38.926651],[121.6439691,38.926482]]]}},{"type":"Feature","id":"way/551395981","properties":{"building":"yes","id":"way/551395981"},"geometry":{"type":"Polygon","coordinates":[[[121.6438668,38.9265272],[121.643635,38.9265304],[121.6436329,38.9264403],[121.6438647,38.9264371],[121.6438668,38.9265272]]]}},{"type":"Feature","id":"way/551395983","properties":{"building":"yes","id":"way/551395983"},"geometry":{"type":"Polygon","coordinates":[[[121.6434322,38.9265432],[121.6434757,38.9265159],[121.6433598,38.9263984],[121.6433846,38.9263823],[121.6435667,38.9263887],[121.6435667,38.9264161],[121.6436122,38.9264193],[121.6436081,38.9265384],[121.6436536,38.9265642],[121.6435129,38.9266382],[121.6434322,38.9265432]]]}},{"type":"Feature","id":"way/551395984","properties":{"building":"yes","id":"way/551395984"},"geometry":{"type":"Polygon","coordinates":[[[121.6393843,38.9262392],[121.6395924,38.9262362],[121.6395934,38.9262915],[121.639613,38.9263431],[121.6395405,38.9263608],[121.6395117,38.9263039],[121.6393866,38.9263011],[121.6393843,38.9262392]]]}},{"type":"Feature","id":"way/551396628","properties":{"building":"yes","id":"way/551396628"},"geometry":{"type":"Polygon","coordinates":[[[121.6452635,38.9272865],[121.6450921,38.9270442],[121.6455384,38.9268704],[121.6457215,38.9271459],[121.6452635,38.9272865]]]}},{"type":"Feature","id":"way/551396629","properties":{"building":"yes","id":"way/551396629"},"geometry":{"type":"Polygon","coordinates":[[[121.6460806,38.9269524],[121.6459603,38.9267651],[121.6463071,38.9266407],[121.6464033,38.9268277],[121.6460806,38.9269524]]]}},{"type":"Feature","id":"way/551396630","properties":{"building":"yes","id":"way/551396630"},"geometry":{"type":"Polygon","coordinates":[[[121.6465556,38.9267913],[121.6464379,38.9265758],[121.6467392,38.9264762],[121.646857,38.9266916],[121.6465556,38.9267913]]]}},{"type":"Feature","id":"way/551396631","properties":{"building":"yes","id":"way/551396631"},"geometry":{"type":"Polygon","coordinates":[[[121.6473194,38.9265314],[121.6470419,38.9266097],[121.6469568,38.9264274],[121.6472343,38.9263491],[121.6473194,38.9265314]]]}},{"type":"Feature","id":"way/551396632","properties":{"building":"yes","id":"way/551396632"},"geometry":{"type":"Polygon","coordinates":[[[121.6475919,38.9264198],[121.6474837,38.9262367],[121.6477731,38.9261504],[121.6478718,38.9263224],[121.6475919,38.9264198]]]}},{"type":"Feature","id":"way/551396633","properties":{"building":"yes","id":"way/551396633"},"geometry":{"type":"Polygon","coordinates":[[[121.648081,38.9263059],[121.6479315,38.9260344],[121.6481143,38.9259784],[121.6485021,38.9260301],[121.6485575,38.9261551],[121.648081,38.9263059]]]}},{"type":"Feature","id":"way/551396999","properties":{"building":"yes","id":"way/551396999"},"geometry":{"type":"Polygon","coordinates":[[[121.6425028,38.9269566],[121.642646,38.9267042],[121.6428199,38.9267639],[121.6426768,38.9270164],[121.6425028,38.9269566]]]}},{"type":"Feature","id":"way/551397000","properties":{"building":"yes","id":"way/551397000"},"geometry":{"type":"Polygon","coordinates":[[[121.6426514,38.9272555],[121.6426958,38.9271718],[121.6427473,38.9271754],[121.6427848,38.9271627],[121.6428175,38.9271354],[121.6428199,38.927088],[121.6428011,38.9270644],[121.6427546,38.9270477],[121.6428058,38.9269588],[121.6428994,38.9269988],[121.6429439,38.9270662],[121.6429462,38.9271408],[121.6429158,38.9272045],[121.6428596,38.9272482],[121.6427707,38.9272701],[121.6426514,38.9272555]]]}},{"type":"Feature","id":"way/551397963","properties":{"building":"yes","name":"大连机务段扇形车库","start_date":"1901","id":"way/551397963"},"geometry":{"type":"Polygon","coordinates":[[[121.6359153,38.9293619],[121.6361269,38.9295484],[121.6359462,38.9297468],[121.6358974,38.9299128],[121.6359392,38.930084],[121.6360864,38.9302426],[121.6363522,38.9303039],[121.6365682,38.9302965],[121.6367637,38.9302073],[121.6368841,38.9300373],[121.6370186,38.9300766],[121.6369986,38.9301189],[121.6371784,38.9301706],[121.6370708,38.9303294],[121.6368802,38.9304812],[121.6367226,38.9305484],[121.6365744,38.9305973],[121.6362805,38.9306236],[121.6360602,38.9305655],[121.635853,38.930474],[121.6356574,38.9303266],[121.6355642,38.930154],[121.6355252,38.9300227],[121.6355626,38.9298507],[121.6356009,38.9297081],[121.6357232,38.9295287],[121.6359153,38.9293619]]]}},{"type":"Feature","id":"way/551399205","properties":{"building":"yes","id":"way/551399205"},"geometry":{"type":"Polygon","coordinates":[[[121.6376485,38.9303335],[121.6376317,38.9302271],[121.6377,38.9302205],[121.6377168,38.9303269],[121.6376485,38.9303335]]]}},{"type":"Feature","id":"way/551399206","properties":{"building":"yes","id":"way/551399206"},"geometry":{"type":"Polygon","coordinates":[[[121.6342613,38.929737],[121.6342458,38.9296663],[121.6345473,38.9296264],[121.6345628,38.9296971],[121.6342613,38.929737]]]}},{"type":"Feature","id":"way/551399207","properties":{"building":"yes","id":"way/551399207"},"geometry":{"type":"Polygon","coordinates":[[[121.6339096,38.9295862],[121.6339265,38.9295294],[121.6341059,38.9295618],[121.634089,38.9296186],[121.6339096,38.9295862]]]}},{"type":"Feature","id":"way/551399208","properties":{"building":"yes","id":"way/551399208"},"geometry":{"type":"Polygon","coordinates":[[[121.6337737,38.92942],[121.6338082,38.9293605],[121.6338982,38.9293921],[121.6338637,38.9294516],[121.6337737,38.92942]]]}},{"type":"Feature","id":"way/551399209","properties":{"building":"yes","id":"way/551399209"},"geometry":{"type":"Polygon","coordinates":[[[121.6339699,38.9295072],[121.6339736,38.9294731],[121.6339479,38.9294631],[121.6339845,38.9294176],[121.6340376,38.9294204],[121.6340522,38.9295029],[121.6339699,38.9295072]]]}},{"type":"Feature","id":"way/551399210","properties":{"building":"yes","id":"way/551399210"},"geometry":{"type":"Polygon","coordinates":[[[121.6337488,38.9294998],[121.6338603,38.9295397],[121.6338164,38.9296139],[121.6337049,38.929574],[121.6337488,38.9294998]]]}},{"type":"Feature","id":"way/551399211","properties":{"building":"yes","id":"way/551399211"},"geometry":{"type":"Polygon","coordinates":[[[121.6337044,38.9295937],[121.6338067,38.9296335],[121.633769,38.9296922],[121.6336666,38.9296524],[121.6337044,38.9295937]]]}},{"type":"Feature","id":"way/551399212","properties":{"building":"yes","id":"way/551399212"},"geometry":{"type":"Polygon","coordinates":[[[121.6339801,38.9293976],[121.6339284,38.929375],[121.6339036,38.9292221],[121.6339905,38.9292092],[121.6340215,38.9293847],[121.6339801,38.9293976]]]}},{"type":"Feature","id":"way/551399213","properties":{"building":"yes","id":"way/551399213"},"geometry":{"type":"Polygon","coordinates":[[[121.6337581,38.9292725],[121.6337917,38.9292224],[121.6338682,38.9292535],[121.6338345,38.9293036],[121.6337581,38.9292725]]]}},{"type":"Feature","id":"way/551399214","properties":{"building":"yes","id":"way/551399214"},"geometry":{"type":"Polygon","coordinates":[[[121.6335267,38.9290393],[121.6336843,38.9290986],[121.633649,38.9291554],[121.6334914,38.929096],[121.6335267,38.9290393]]]}},{"type":"Feature","id":"way/551399215","properties":{"building":"yes","id":"way/551399215"},"geometry":{"type":"Polygon","coordinates":[[[121.63337,38.9290935],[121.6332713,38.9290559],[121.633318,38.9289819],[121.6334167,38.9290195],[121.63337,38.9290935]]]}},{"type":"Feature","id":"way/577491126","properties":{"building":"yes","id":"way/577491126"},"geometry":{"type":"Polygon","coordinates":[[[121.6426689,38.9280905],[121.6429209,38.9279629],[121.6430374,38.9281022],[121.6427854,38.9282298],[121.6426689,38.9280905]]]}},{"type":"Feature","id":"way/577491127","properties":{"building":"yes","id":"way/577491127"},"geometry":{"type":"Polygon","coordinates":[[[121.6431299,38.9278668],[121.6434287,38.927765],[121.6435189,38.9279252],[121.6432201,38.928027],[121.6431299,38.9278668]]]}},{"type":"Feature","id":"way/577491128","properties":{"building":"yes","id":"way/577491128"},"geometry":{"type":"Polygon","coordinates":[[[121.645367,38.9267621],[121.6453879,38.9265827],[121.6452621,38.9263869],[121.6454718,38.9263135],[121.6456081,38.9265419],[121.6455976,38.9267866],[121.645367,38.9267621]]]}},{"type":"Feature","id":"way/577491129","properties":{"building":"yes","id":"way/577491129"},"geometry":{"type":"Polygon","coordinates":[[[121.644958,38.926966],[121.6447484,38.9267377],[121.6448008,38.9266235],[121.6451887,38.9264767],[121.6452621,38.926599],[121.6449895,38.926705],[121.6451363,38.9268926],[121.644958,38.926966]]]}},{"type":"Feature","id":"way/577491130","properties":{"building":"yes","id":"way/577491130"},"geometry":{"type":"Polygon","coordinates":[[[121.6443413,38.9251119],[121.6448607,38.9251227],[121.6448542,38.9253129],[121.6443348,38.9253021],[121.6443413,38.9251119]]]}},{"type":"Feature","id":"way/577491131","properties":{"building":"yes","id":"way/577491131"},"geometry":{"type":"Polygon","coordinates":[[[121.6471406,38.9262267],[121.6470424,38.9260611],[121.6473206,38.9259975],[121.6472961,38.925902],[121.647697,38.9259084],[121.6476807,38.9260229],[121.6471406,38.9262267]]]}},{"type":"Feature","id":"way/577491132","properties":{"building":"yes","id":"way/577491132"},"geometry":{"type":"Polygon","coordinates":[[[121.6460277,38.9266022],[121.6460114,38.9260938],[121.6463141,38.9259084],[121.6467806,38.9259147],[121.6469851,38.9262394],[121.6467724,38.9263285],[121.6466414,38.9260866],[121.6464532,38.9260675],[121.646265,38.9261885],[121.646265,38.9265195],[121.6460277,38.9266022]]]}},{"type":"Feature","id":"way/577491133","properties":{"building":"yes","id":"way/577491133"},"geometry":{"type":"Polygon","coordinates":[[[121.6416198,38.9296266],[121.6420044,38.9294674],[121.642078,38.9296075],[121.6416771,38.9297412],[121.6416198,38.9296266]]]}},{"type":"Feature","id":"way/577491134","properties":{"building":"yes","id":"way/577491134"},"geometry":{"type":"Polygon","coordinates":[[[121.6410797,38.9297857],[121.6414479,38.9296584],[121.6415134,38.929773],[121.6411697,38.9299003],[121.6410797,38.9297857]]]}},{"type":"Feature","id":"way/577493069","properties":{"building":"yes","id":"way/577493069"},"geometry":{"type":"Polygon","coordinates":[[[121.6417721,38.9289016],[121.6419029,38.9288581],[121.642107,38.9287902],[121.64217,38.9289048],[121.6418351,38.9290163],[121.6417721,38.9289016]]]}},{"type":"Feature","id":"way/577493070","properties":{"building":"yes","id":"way/577493070"},"geometry":{"type":"Polygon","coordinates":[[[121.6419841,38.9285382],[121.6422908,38.9284396],[121.6423633,38.9285763],[121.6420566,38.9286748],[121.6419841,38.9285382]]]}},{"type":"Feature","id":"way/577493071","properties":{"building":"yes","id":"way/577493071"},"geometry":{"type":"Polygon","coordinates":[[[121.6409526,38.9292729],[121.6414436,38.9291392],[121.64191,38.9293747],[121.6417791,38.929483],[121.6414436,38.9293174],[121.6410181,38.929432],[121.6409526,38.9292729]]]}},{"type":"Feature","id":"way/577493072","properties":{"building":"yes","id":"way/577493072"},"geometry":{"type":"Polygon","coordinates":[[[121.6408708,38.9292029],[121.6407889,38.9291519],[121.6408217,38.9288909],[121.6409117,38.9288464],[121.6412144,38.9290246],[121.6412226,38.9291137],[121.6408708,38.9292029]]]}},{"type":"Feature","id":"way/577493073","properties":{"building":"yes","id":"way/577493073"},"geometry":{"type":"Polygon","coordinates":[[[121.6435035,38.9275878],[121.6438911,38.9274698],[121.6439602,38.9276074],[121.6435727,38.9277253],[121.6435035,38.9275878]]]}},{"type":"Feature","id":"way/577493074","properties":{"building":"yes","id":"way/577493074"},"geometry":{"type":"Polygon","coordinates":[[[121.6422779,38.9291326],[121.6423879,38.9290986],[121.6423776,38.9290784],[121.642489,38.929044],[121.6424972,38.9290599],[121.6425853,38.9290326],[121.6426367,38.9291353],[121.6425441,38.9291628],[121.6425516,38.9291819],[121.6424487,38.9292124],[121.6424372,38.9291969],[121.6423264,38.9292298],[121.6422779,38.9291326]]]}},{"type":"Feature","id":"way/577493075","properties":{"building":"yes","id":"way/577493075"},"geometry":{"type":"Polygon","coordinates":[[[121.6424171,38.9287095],[121.6425185,38.9286705],[121.642501,38.9286431],[121.6425612,38.9286199],[121.6425752,38.9286419],[121.6427381,38.9285792],[121.6428153,38.9287006],[121.6424908,38.9288255],[121.6424171,38.9287095]]]}},{"type":"Feature","id":"way/577493076","properties":{"building":"yes","id":"way/577493076"},"geometry":{"type":"Polygon","coordinates":[[[121.6421593,38.929223],[121.6417239,38.9290357],[121.6416035,38.9288195],[121.641761,38.9285169],[121.6422612,38.9283368],[121.6424186,38.9285313],[121.6419555,38.9287187],[121.6419029,38.9288581],[121.6422519,38.9290717],[121.6421593,38.929223]]]}},{"type":"Feature","id":"way/577493719","properties":{"building":"yes","id":"way/577493719"},"geometry":{"type":"Polygon","coordinates":[[[121.6689162,38.9231551],[121.6689533,38.9229317],[121.6688618,38.9228378],[121.6688143,38.9227371],[121.6687972,38.9226151],[121.6688329,38.9225137],[121.6686569,38.9223408],[121.6685272,38.9218363],[121.6686198,38.9217643],[121.6695924,38.9216129],[121.6698703,38.9218507],[121.6699166,38.9220669],[121.6700555,38.9222543],[121.6704075,38.9223624],[121.670565,38.9224993],[121.670602,38.9227011],[121.6706854,38.9226939],[121.6706761,38.9229821],[121.6706407,38.9230775],[121.6705701,38.9231248],[121.6705294,38.9231284],[121.6701482,38.9231623],[121.670074,38.9231118],[121.6699605,38.923116],[121.6689162,38.9231551]]]}},{"type":"Feature","id":"way/577493720","properties":{"building":"yes","id":"way/577493720"},"geometry":{"type":"Polygon","coordinates":[[[121.6703745,38.9217046],[121.6703257,38.9216033],[121.6707728,38.921473],[121.6708137,38.9215579],[121.6708998,38.9215328],[121.670946,38.9216285],[121.6705115,38.9217552],[121.6704733,38.9216758],[121.6703745,38.9217046]]]}},{"type":"Feature","id":"way/577493721","properties":{"building":"yes","id":"way/577493721"},"geometry":{"type":"Polygon","coordinates":[[[121.6712573,38.9215225],[121.6712258,38.9213968],[121.6717753,38.9213134],[121.6718068,38.9214391],[121.6712573,38.9215225]]]}},{"type":"Feature","id":"way/577493722","properties":{"building":"yes","id":"way/577493722"},"geometry":{"type":"Polygon","coordinates":[[[121.6649003,38.9271817],[121.6652476,38.9274455],[121.6648329,38.9277686],[121.6652443,38.928079],[121.6648406,38.9283582],[121.6646342,38.9282275],[121.6643155,38.928056],[121.6642071,38.9279145],[121.6642248,38.9277747],[121.664308,38.9276996],[121.6649003,38.9271817]]]}},{"type":"Feature","id":"way/577752683","properties":{"building":"yes","id":"way/577752683"},"geometry":{"type":"Polygon","coordinates":[[[121.6477491,38.9251742],[121.6484619,38.9251695],[121.6484639,38.9253565],[121.6477512,38.9253612],[121.6477491,38.9251742]]]}},{"type":"Feature","id":"way/577752686","properties":{"building":"yes","id":"way/577752686"},"geometry":{"type":"Polygon","coordinates":[[[121.6461361,38.9245733],[121.6461775,38.9245731],[121.6464269,38.9246514],[121.6465244,38.9244713],[121.6466305,38.9244431],[121.646746,38.9244798],[121.646784,38.9244743],[121.6467991,38.9245655],[121.6473356,38.9247512],[121.6473911,38.9247813],[121.6474249,38.9248198],[121.6474525,38.9248723],[121.6474519,38.9249195],[121.6474305,38.9249622],[121.6473978,38.9249904],[121.6473434,38.9250009],[121.647269,38.9253527],[121.6467104,38.9253506],[121.6467109,38.9253384],[121.6467124,38.925247],[121.6466895,38.9252463],[121.6466883,38.9251757],[121.6465709,38.9251726],[121.6463606,38.9249937],[121.6463382,38.924994],[121.6463373,38.9248951],[121.6462508,38.9248969],[121.6462501,38.9248774],[121.6461145,38.9248802],[121.6461029,38.9246134],[121.6461095,38.9245829],[121.6461361,38.9245733]]]}},{"type":"Feature","id":"way/577754865","properties":{"building":"yes","id":"way/577754865"},"geometry":{"type":"Polygon","coordinates":[[[121.6315821,38.9188218],[121.6323048,38.919046],[121.6321638,38.9193209],[121.6314412,38.9190966],[121.6315821,38.9188218]]]}},{"type":"Feature","id":"way/577754866","properties":{"building":"yes","id":"way/577754866"},"geometry":{"type":"Polygon","coordinates":[[[121.6313187,38.9193341],[121.6320267,38.9195712],[121.6318861,38.9198253],[121.6311782,38.9195881],[121.6313187,38.9193341]]]}},{"type":"Feature","id":"way/577754867","properties":{"building":"yes","id":"way/577754867"},"geometry":{"type":"Polygon","coordinates":[[[121.6285513,38.9178909],[121.6289142,38.9179911],[121.6288421,38.9181491],[121.6286074,38.918082],[121.6286195,38.9180467],[121.6284958,38.9180126],[121.6285513,38.9178909]]]}},{"type":"Feature","id":"way/580082959","properties":{"building":"yes","id":"way/580082959"},"geometry":{"type":"Polygon","coordinates":[[[121.6291478,38.9218792],[121.6294911,38.9215991],[121.6296669,38.9216252],[121.6298427,38.9218858],[121.629764,38.9219797],[121.6297171,38.9220356],[121.6295581,38.9221724],[121.6291478,38.9218792]]]}},{"type":"Feature","id":"way/580082961","properties":{"building":"yes","id":"way/580082961"},"geometry":{"type":"Polygon","coordinates":[[[121.6298338,38.9224091],[121.6299259,38.9222983],[121.6297171,38.9220356],[121.629764,38.9219797],[121.6299008,38.9221615],[121.6300348,38.922142],[121.6301269,38.9222592],[121.6301269,38.9223244],[121.6303781,38.9226241],[121.6302525,38.9226827],[121.6298338,38.9224091]]]}},{"type":"Feature","id":"way/580091777","properties":{"building":"yes","id":"way/580091777"},"geometry":{"type":"Polygon","coordinates":[[[121.6674324,38.9178285],[121.6674135,38.9175687],[121.6677124,38.9175555],[121.6677313,38.9178153],[121.6674324,38.9178285]]]}},{"type":"Feature","id":"way/580091778","properties":{"building":"yes","id":"way/580091778"},"geometry":{"type":"Polygon","coordinates":[[[121.6660402,38.9178303],[121.6660249,38.91774],[121.6660954,38.9177378],[121.6660926,38.9177137],[121.6662173,38.917705],[121.6662133,38.9176708],[121.6662718,38.9176667],[121.6662761,38.9177046],[121.6663587,38.9176988],[121.6663718,38.9178113],[121.6660402,38.9178303]]]}},{"type":"Feature","id":"way/580091779","properties":{"building":"yes","id":"way/580091779"},"geometry":{"type":"Polygon","coordinates":[[[121.6665183,38.9178259],[121.6665176,38.917727],[121.6665744,38.9177268],[121.6665866,38.9177014],[121.6667653,38.9177002],[121.6667656,38.9177301],[121.6668185,38.9177297],[121.6668182,38.9177073],[121.6670388,38.9177059],[121.6670391,38.9177296],[121.6671045,38.9177292],[121.6671055,38.9178289],[121.666983,38.9178296],[121.6669832,38.9178533],[121.6668916,38.9178538],[121.6668914,38.9178239],[121.6666942,38.9178249],[121.6666944,38.9178488],[121.6666189,38.9178491],[121.6666187,38.9178255],[121.6665183,38.9178259]]]}},{"type":"Feature","id":"way/580094312","properties":{"building":"yes","id":"way/580094312"},"geometry":{"type":"Polygon","coordinates":[[[121.6719722,38.9162811],[121.6721823,38.9159979],[121.6723452,38.916071],[121.6721351,38.9163542],[121.6719722,38.9162811]]]}},{"type":"Feature","id":"way/580094314","properties":{"building":"yes","id":"way/580094314"},"geometry":{"type":"Polygon","coordinates":[[[121.6712399,38.9160682],[121.6715927,38.9162556],[121.6715016,38.9163595],[121.6711488,38.9161721],[121.6712399,38.9160682]]]}},{"type":"Feature","id":"way/580094316","properties":{"building":"yes","id":"way/580094316"},"geometry":{"type":"Polygon","coordinates":[[[121.6717845,38.9165672],[121.6716404,38.9165026],[121.6717259,38.916387],[121.6717944,38.9164177],[121.6718531,38.9163383],[121.6720261,38.9164157],[121.6719566,38.9165098],[121.6718592,38.9164662],[121.6717845,38.9165672]]]}},{"type":"Feature","id":"way/580094318","properties":{"building":"yes","id":"way/580094318"},"geometry":{"type":"Polygon","coordinates":[[[121.671527,38.9168416],[121.6715799,38.9167621],[121.6715117,38.9167346],[121.6715929,38.9166127],[121.6717465,38.9166746],[121.6716774,38.9167785],[121.6717725,38.9168169],[121.6717076,38.9169144],[121.671527,38.9168416]]]}},{"type":"Feature","id":"way/580094320","properties":{"building":"yes","id":"way/580094320"},"geometry":{"type":"Polygon","coordinates":[[[121.6712171,38.9167466],[121.6710862,38.9166636],[121.6711298,38.916607],[121.6707903,38.9164296],[121.6706303,38.9164334],[121.6706158,38.9163089],[121.6709019,38.9163089],[121.6712607,38.9165202],[121.6713092,38.9166523],[121.6712171,38.9167466]]]}},{"type":"Feature","id":"way/580094322","properties":{"building":"yes","id":"way/580094322"},"geometry":{"type":"Polygon","coordinates":[[[121.6708049,38.9170975],[121.6707467,38.9170409],[121.670674,38.9166938],[121.6708534,38.9166636],[121.6709067,38.9169164],[121.6711104,38.9169126],[121.6711783,38.9168334],[121.6713044,38.9168786],[121.6712268,38.9170069],[121.6711444,38.9170069],[121.6711347,38.917056],[121.6708049,38.9170975]]]}},{"type":"Feature","id":"way/580097856","properties":{"building":"yes","id":"way/580097856"},"geometry":{"type":"Polygon","coordinates":[[[121.6719257,38.9185378],[121.6718783,38.9184272],[121.6721626,38.9183596],[121.67221,38.9184702],[121.6719257,38.9185378]]]}},{"type":"Feature","id":"way/580097857","properties":{"building":"yes","id":"way/580097857"},"geometry":{"type":"Polygon","coordinates":[[[121.6727457,38.9183364],[121.6727285,38.9181993],[121.6729977,38.9181789],[121.6730148,38.9183161],[121.6727457,38.9183364]]]}},{"type":"Feature","id":"way/580097858","properties":{"building":"yes","id":"way/580097858"},"geometry":{"type":"Polygon","coordinates":[[[121.6724068,38.918562],[121.6726848,38.9185059],[121.6727232,38.9186212],[121.6724452,38.9186773],[121.6724068,38.918562]]]}},{"type":"Feature","id":"way/580097859","properties":{"building":"yes","id":"way/580097859"},"geometry":{"type":"Polygon","coordinates":[[[121.6725634,38.9190877],[121.6730765,38.9190851],[121.6730775,38.9192073],[121.6725645,38.91921],[121.6725634,38.9190877]]]}},{"type":"Feature","id":"way/580097860","properties":{"building":"yes","id":"way/580097860"},"geometry":{"type":"Polygon","coordinates":[[[121.6732056,38.9188019],[121.6735518,38.9188705],[121.6735138,38.9189866],[121.6731676,38.9189181],[121.6732056,38.9188019]]]}},{"type":"Feature","id":"way/580097861","properties":{"building":"yes","id":"way/580097861"},"geometry":{"type":"Polygon","coordinates":[[[121.6743918,38.9184392],[121.6744262,38.9183123],[121.6747536,38.918366],[121.6747192,38.918493],[121.6743918,38.9184392]]]}},{"type":"Feature","id":"way/580097862","properties":{"building":"yes","id":"way/580097862"},"geometry":{"type":"Polygon","coordinates":[[[121.6731698,38.9183812],[121.6733016,38.9180394],[121.6734224,38.9180565],[121.6733894,38.9181419],[121.6737299,38.9181504],[121.6739276,38.9180906],[121.6739935,38.9182103],[121.6737958,38.9182701],[121.6733675,38.9182872],[121.6733125,38.9183812],[121.6731698,38.9183812]]]}},{"type":"Feature","id":"way/580097863","properties":{"building":"yes","id":"way/580097863"},"geometry":{"type":"Polygon","coordinates":[[[121.6731699,38.917753],[121.6731289,38.917643],[121.6737186,38.91751],[121.6737596,38.91762],[121.6731699,38.917753]]]}},{"type":"Feature","id":"way/580097864","properties":{"building":"yes","id":"way/580097864"},"geometry":{"type":"Polygon","coordinates":[[[121.673968,38.9186044],[121.6743319,38.9186752],[121.6742995,38.918776],[121.6739356,38.9187052],[121.673968,38.9186044]]]}},{"type":"Feature","id":"way/580097865","properties":{"building":"yes","id":"way/580097865"},"geometry":{"type":"Polygon","coordinates":[[[121.6746202,38.918819],[121.6746627,38.9186922],[121.6751115,38.9187832],[121.6750691,38.91891],[121.6746202,38.918819]]]}},{"type":"Feature","id":"way/580097866","properties":{"building":"yes","id":"way/580097866"},"geometry":{"type":"Polygon","coordinates":[[[121.6735319,38.9191816],[121.6740536,38.9193846],[121.6739861,38.9194897],[121.6734643,38.9192867],[121.6735319,38.9191816]]]}},{"type":"Feature","id":"way/580098416","properties":{"building":"yes","id":"way/580098416"},"geometry":{"type":"Polygon","coordinates":[[[121.6682897,38.9193398],[121.6682475,38.9192277],[121.6686689,38.9191319],[121.668711,38.919244],[121.6682897,38.9193398]]]}},{"type":"Feature","id":"way/580098417","properties":{"building":"yes","id":"way/580098417"},"geometry":{"type":"Polygon","coordinates":[[[121.6687679,38.9192248],[121.6687327,38.9190944],[121.6694747,38.9189733],[121.6695315,38.9191838],[121.6693593,38.9192119],[121.6693377,38.9191318],[121.6687679,38.9192248]]]}},{"type":"Feature","id":"way/580098418","properties":{"building":"yes","id":"way/580098418"},"geometry":{"type":"Polygon","coordinates":[[[121.6676822,38.9194807],[121.6676312,38.9193467],[121.668153,38.9192264],[121.6682041,38.9193603],[121.6676822,38.9194807]]]}},{"type":"Feature","id":"way/582310549","properties":{"building":"yes","id":"way/582310549"},"geometry":{"type":"Polygon","coordinates":[[[121.6435411,38.9249512],[121.6437845,38.9243904],[121.6440098,38.9244535],[121.6438295,38.9248321],[121.6439827,38.9249442],[121.6438295,38.9250985],[121.6435411,38.9249512]]]}},{"type":"Feature","id":"way/582311042","properties":{"building":"yes","id":"way/582311042"},"geometry":{"type":"Polygon","coordinates":[[[121.6446529,38.9240877],[121.6445452,38.9240567],[121.6445733,38.9239975],[121.6443342,38.9239288],[121.6443798,38.923833],[121.6447265,38.9239327],[121.6446529,38.9240877]]]}},{"type":"Feature","id":"way/582311043","properties":{"building":"yes","id":"way/582311043"},"geometry":{"type":"Polygon","coordinates":[[[121.6445824,38.9242707],[121.6442316,38.9241671],[121.6442842,38.9240593],[121.644635,38.9241628],[121.6445824,38.9242707]]]}},{"type":"Feature","id":"way/582311044","properties":{"building":"yes","id":"way/582311044"},"geometry":{"type":"Polygon","coordinates":[[[121.6441784,38.9242966],[121.6444942,38.9243835],[121.6444386,38.9245057],[121.6441228,38.9244187],[121.6441784,38.9242966]]]}},{"type":"Feature","id":"way/582311283","properties":{"building":"yes","id":"way/582311283"},"geometry":{"type":"Polygon","coordinates":[[[121.6454297,38.9249695],[121.6457084,38.9249943],[121.6456845,38.9253287],[121.6442912,38.9253473],[121.6442116,38.9251181],[121.6446814,38.9249633],[121.644753,38.9250686],[121.6454218,38.9250376],[121.6454297,38.9249695]]]}},{"type":"Feature","id":"way/585472730","properties":{"building":"yes","id":"way/585472730"},"geometry":{"type":"Polygon","coordinates":[[[121.6583714,38.9277499],[121.6584843,38.927445],[121.6584574,38.9273576],[121.6585126,38.9273054],[121.6586016,38.9273307],[121.6586639,38.9273975],[121.6588169,38.9274689],[121.6591127,38.9274689],[121.659142,38.9274864],[121.6591377,38.927582],[121.6591025,38.9276118],[121.6588708,38.9276194],[121.6587928,38.9276539],[121.658742,38.9278195],[121.6586744,38.9278655],[121.6583959,38.9278025],[121.6583714,38.9277499]]]}},{"type":"Feature","id":"way/721521831","properties":{"building":"yes","id":"way/721521831"},"geometry":{"type":"Polygon","coordinates":[[[121.6353742,38.9218394],[121.6353013,38.9213784],[121.6357245,38.9213378],[121.6357973,38.9217989],[121.6353742,38.9218394]]]}},{"type":"Feature","id":"way/721521832","properties":{"building":"yes","id":"way/721521832"},"geometry":{"type":"Polygon","coordinates":[[[121.6370186,38.9300766],[121.6371247,38.9298531],[121.6373046,38.9299048],[121.6371784,38.9301706],[121.6369986,38.9301189],[121.6370186,38.9300766]]]}},{"type":"Feature","id":"way/821793681","properties":{"area":"yes","waterway":"dam","id":"way/821793681"},"geometry":{"type":"Polygon","coordinates":[[[121.6752439,38.9308988],[121.6752008,38.931009],[121.6740916,38.9313446],[121.6735247,38.9311145],[121.6735062,38.931057],[121.6735247,38.9309899],[121.6736602,38.9309515],[121.6741162,38.9311337],[121.6750529,38.93087],[121.6751515,38.9308556],[121.6752439,38.9308988]]]}},{"type":"Feature","id":"way/867162225","properties":{"building":"yes","id":"way/867162225"},"geometry":{"type":"Polygon","coordinates":[[[121.6672871,38.9303892],[121.6670234,38.9303063],[121.667046,38.9302629],[121.6673097,38.9303458],[121.6672871,38.9303892]]]}},{"type":"Feature","id":"way/867162226","properties":{"alt_name":"Kentucky Fried Chicken","amenity":"fast_food","brand":"肯德基","brand:en":"KFC","brand:wikidata":"Q524757","brand:wikipedia":"en:KFC","brand:zh":"肯德基","building":"yes","cuisine":"chicken","name":"肯德基","name:en":"KFC","name:zh":"肯德基","takeaway":"yes","id":"way/867162226"},"geometry":{"type":"Polygon","coordinates":[[[121.6665158,38.9305993],[121.6664935,38.9306423],[121.6658962,38.9306191],[121.6657205,38.9306191],[121.665678,38.9305587],[121.6656555,38.9304973],[121.6656555,38.9304571],[121.6657409,38.9304123],[121.666029,38.9304834],[121.6660429,38.9304602],[121.6665158,38.9305993]]]}},{"type":"Feature","id":"way/874493179","properties":{"building":"yes","id":"way/874493179"},"geometry":{"type":"Polygon","coordinates":[[[121.6538094,38.9264518],[121.653811,38.9263518],[121.6541964,38.9263556],[121.6541947,38.9264557],[121.6538094,38.9264518]]]}},{"type":"Feature","id":"way/874493183","properties":{"building":"yes","id":"way/874493183"},"geometry":{"type":"Polygon","coordinates":[[[121.64378,38.9290132],[121.6436016,38.9290748],[121.6435271,38.9289441],[121.6437054,38.9288825],[121.64378,38.9290132]]]}},{"type":"Feature","id":"way/874493184","properties":{"building":"yes","id":"way/874493184"},"geometry":{"type":"Polygon","coordinates":[[[121.6435468,38.9293164],[121.6433815,38.9293663],[121.6433283,38.9292596],[121.6434935,38.9292097],[121.6435468,38.9293164]]]}},{"type":"Feature","id":"way/874493185","properties":{"building":"yes","id":"way/874493185"},"geometry":{"type":"Polygon","coordinates":[[[121.6440674,38.9291081],[121.6437633,38.9292059],[121.6437179,38.9291205],[121.644022,38.9290228],[121.6440674,38.9291081]]]}},{"type":"Feature","id":"way/874493186","properties":{"building":"yes","id":"way/874493186"},"geometry":{"type":"Polygon","coordinates":[[[121.6437662,38.9292616],[121.6436347,38.9293019],[121.6436022,38.9292376],[121.6437336,38.9291973],[121.6437662,38.9292616]]]}},{"type":"Feature","id":"way/876583371","properties":{"building":"yes","id":"way/876583371"},"geometry":{"type":"Polygon","coordinates":[[[121.6294879,38.9214127],[121.6294222,38.9214659],[121.6292971,38.9213724],[121.6293629,38.9213191],[121.6294879,38.9214127]]]}},{"type":"Feature","id":"way/891411234","properties":{"building":"yes","id":"way/891411234"},"geometry":{"type":"Polygon","coordinates":[[[121.6392337,38.9252417],[121.6387015,38.9252149],[121.6387122,38.9250856],[121.6392445,38.9251125],[121.6392337,38.9252417]]]}},{"type":"Feature","id":"way/997662330","properties":{"building":"yes","id":"way/997662330"},"geometry":{"type":"Polygon","coordinates":[[[121.6536042,38.9326993],[121.6534357,38.932399],[121.6536226,38.9323355],[121.6537912,38.9326358],[121.6536042,38.9326993]]]}},{"type":"Feature","id":"way/997662331","properties":{"building":"yes","id":"way/997662331"},"geometry":{"type":"Polygon","coordinates":[[[121.6533087,38.9322664],[121.6532433,38.932127],[121.65335,38.9320967],[121.6534047,38.9322132],[121.6533761,38.9322213],[121.6533868,38.9322443],[121.6533087,38.9322664]]]}},{"type":"Feature","id":"way/1136276013","properties":{"building":"yes","id":"way/1136276013"},"geometry":{"type":"Polygon","coordinates":[[[121.6408786,38.9210373],[121.6409243,38.920955],[121.6409607,38.9209655],[121.6409917,38.9209757],[121.6409462,38.9210578],[121.6408786,38.9210373]]]}},{"type":"Feature","id":"way/1136276015","properties":{"building":"yes","id":"way/1136276015"},"geometry":{"type":"Polygon","coordinates":[[[121.6415927,38.9213772],[121.6417992,38.9209691],[121.6419686,38.9210262],[121.6418119,38.9210819],[121.641829,38.9211087],[121.6418073,38.9211163],[121.6419227,38.9213158],[121.6420296,38.9213497],[121.6423495,38.9212457],[121.6423392,38.9212237],[121.6423863,38.9212096],[121.6424248,38.9211982],[121.6424753,38.9212124],[121.642282,38.9215892],[121.6415927,38.9213772]]]}},{"type":"Feature","id":"way/1136276016","properties":{"building":"yes","id":"way/1136276016"},"geometry":{"type":"Polygon","coordinates":[[[121.6404579,38.9223572],[121.6401495,38.9220126],[121.6402513,38.9219626],[121.6402846,38.921895],[121.6403088,38.9218457],[121.6405472,38.9219196],[121.6405668,38.9218828],[121.6409424,38.9219985],[121.6409222,38.9220349],[121.6410164,38.9220646],[121.6408566,38.92238],[121.6408385,38.9224012],[121.6408165,38.9224138],[121.6407893,38.9224235],[121.6407572,38.9224281],[121.6407216,38.9224277],[121.6404579,38.9223572]]]}},{"type":"Feature","id":"way/1136276017","properties":{"building":"commercial","name":"友谊写字楼","id":"way/1136276017"},"geometry":{"type":"Polygon","coordinates":[[[121.6400258,38.9219445],[121.6399696,38.9218681],[121.6399653,38.9217901],[121.6399929,38.9217325],[121.640064,38.9216873],[121.6401574,38.9216524],[121.640315,38.9216988],[121.6402981,38.9217343],[121.6403585,38.9217514],[121.6403088,38.9218457],[121.6402846,38.921895],[121.6402267,38.921876],[121.6401947,38.921928],[121.6401543,38.9219594],[121.6400894,38.921966],[121.6400258,38.9219445]]]}},{"type":"Feature","id":"way/1136276018","properties":{"addr:city":"大连市","addr:district":"中山区","addr:housenumber":"8","addr:postcode":"116001","addr:province":"辽宁省","addr:street":"人民路","building":"yes","building:levels":"11","internet_access":"yes","name":"友谊商城","name:en":"Friendship Shopping Centre","opening_hours":"Mo-Su 09:30-20:50","operator":"大连友谊集团","parking":"underground","payment:alipay":"yes","payment:app":"yes","payment:cash":"yes","payment:credit_cards":"yes","payment:debit_cards":"yes","payment:wechat":"yes","phone":"+86 411 8813 0888","shop":"department_store","start_date":"1996-06-28","toilets":"yes","id":"way/1136276018"},"geometry":{"type":"Polygon","coordinates":[[[121.6403585,38.9217514],[121.6404592,38.9217345],[121.6405117,38.9217256],[121.6406355,38.9214991],[121.6411747,38.9216709],[121.6411389,38.9216774],[121.6411456,38.9217037],[121.6411981,38.9216938],[121.6410164,38.9220646],[121.6409222,38.9220349],[121.6409424,38.9219985],[121.6405668,38.9218828],[121.6405472,38.9219196],[121.6403088,38.9218457],[121.6403585,38.9217514]]]}},{"type":"Feature","id":"way/1136276020","properties":{"addr:city":"大连市","addr:district":"中山区","addr:housenumber":"6","addr:postcode":"116001","addr:province":"辽宁省","addr:street":"人民路","building":"commercial","id":"way/1136276020"},"geometry":{"type":"Polygon","coordinates":[[[121.6401668,38.9216162],[121.6402918,38.9213743],[121.6402962,38.9213707],[121.6403039,38.9213681],[121.6403124,38.9213667],[121.6403217,38.9213662],[121.6403309,38.9213673],[121.6405425,38.921435],[121.640556,38.9214416],[121.6405644,38.9214502],[121.6405673,38.9214565],[121.640567,38.921462],[121.6404412,38.9217024],[121.6401668,38.9216162]]]}},{"type":"Feature","id":"way/1136276027","properties":{"building":"yes","id":"way/1136276027"},"geometry":{"type":"Polygon","coordinates":[[[121.6423727,38.9224176],[121.6424757,38.9222246],[121.6424909,38.9221962],[121.6426803,38.9222575],[121.6425621,38.9224788],[121.6423727,38.9224176]]]}},{"type":"Feature","id":"way/1136276028","properties":{"addr:city":"大连市","addr:district":"中山区","addr:housenumber":"14","addr:postcode":"116001","addr:province":"辽宁省","addr:street":"人民路","building":"yes","id":"way/1136276028"},"geometry":{"type":"Polygon","coordinates":[[[121.6425456,38.9221219],[121.6425795,38.9220582],[121.6427434,38.922111],[121.642672,38.9222453],[121.6425896,38.9222187],[121.6426271,38.9221482],[121.6425456,38.9221219]]]}},{"type":"Feature","id":"way/1136276029","properties":{"building":"yes","name":"北方商务楼","id":"way/1136276029"},"geometry":{"type":"Polygon","coordinates":[[[121.6432047,38.9216487],[121.6433096,38.9214625],[121.6433196,38.9214548],[121.6433331,38.9214496],[121.6433514,38.9214462],[121.643366,38.9214462],[121.643711,38.9215532],[121.6436534,38.9216588],[121.6434095,38.9215799],[121.6433471,38.9216929],[121.6432544,38.9216621],[121.6432545,38.9216556],[121.6432511,38.921649],[121.643243,38.9216444],[121.6432331,38.9216416],[121.6432222,38.9216412],[121.6432128,38.9216431],[121.6432047,38.9216487]]]}},{"type":"Feature","id":"way/1136276030","properties":{"building":"residential","id":"way/1136276030"},"geometry":{"type":"Polygon","coordinates":[[[121.6436695,38.9216658],[121.6437226,38.9215618],[121.6439811,38.9216417],[121.6439279,38.9217457],[121.6436695,38.9216658]]]}},{"type":"Feature","id":"way/1136350183","properties":{"addr:city":"大连市","addr:district":"中山区","addr:housenumber":"24","addr:postcode":"116001","addr:province":"辽宁省","addr:street":"人民路","building":"commercial","name":"平安大厦","id":"way/1136350183"},"geometry":{"type":"Polygon","coordinates":[[[121.6426617,38.922784],[121.6428353,38.9224382],[121.6430204,38.9224944],[121.6430243,38.9224956],[121.6429494,38.9226449],[121.6430792,38.9226843],[121.6429852,38.9228715],[121.6429806,38.9228808],[121.6426617,38.922784]]]}},{"type":"Feature","id":"way/1136350184","properties":{"addr:city":"大连市","addr:district":"中山区","addr:housenumber":"26","addr:postcode":"116001","addr:province":"辽宁省","addr:street":"人民路","building":"commercial","name":"中国人寿大厦","id":"way/1136350184"},"geometry":{"type":"Polygon","coordinates":[[[121.6429494,38.9226449],[121.6430243,38.9224956],[121.6430409,38.9224614],[121.6430513,38.9224397],[121.6433965,38.9225436],[121.6432945,38.9227489],[121.6430792,38.9226843],[121.6429494,38.9226449]]]}},{"type":"Feature","id":"way/1136350185","properties":{"building":"yes","id":"way/1136350185"},"geometry":{"type":"Polygon","coordinates":[[[121.6428353,38.9224382],[121.6428508,38.9224051],[121.6430372,38.9224603],[121.6430204,38.9224944],[121.6428353,38.9224382]]]}},{"type":"Feature","id":"way/1136350186","properties":{"building":"yes","id":"way/1136350186"},"geometry":{"type":"Polygon","coordinates":[[[121.6429852,38.9228715],[121.6430792,38.9226843],[121.6432945,38.9227489],[121.6432008,38.9229367],[121.6429852,38.9228715]]]}},{"type":"Feature","id":"way/1136350195","properties":{"building":"apartments","name":"鼎森中心-南塔","id":"way/1136350195"},"geometry":{"type":"Polygon","coordinates":[[[121.6436466,38.9228452],[121.6437879,38.9225729],[121.644257,38.9227201],[121.6441158,38.9229925],[121.6436557,38.922848],[121.6436466,38.9228452]]]}},{"type":"Feature","id":"way/1136350196","properties":{"building":"yes","id":"way/1136350196"},"geometry":{"type":"Polygon","coordinates":[[[121.6435589,38.9230341],[121.6435653,38.923021],[121.6435549,38.9230178],[121.6436382,38.9228612],[121.6436478,38.9228645],[121.6436557,38.922848],[121.6441158,38.9229925],[121.6440175,38.9231781],[121.6435589,38.9230341]]]}},{"type":"Feature","id":"way/1136350199","properties":{"building":"yes","id":"way/1136350199"},"geometry":{"type":"Polygon","coordinates":[[[121.644017,38.9219097],[121.6440543,38.9219215],[121.644017,38.9219934],[121.6443312,38.9220922],[121.6444838,38.9220279],[121.6445661,38.9218698],[121.6444945,38.9218472],[121.6445158,38.9218061],[121.6446403,38.9218454],[121.6444622,38.9221884],[121.6439549,38.922029],[121.644017,38.9219097]]]}},{"type":"Feature","id":"way/1136350200","properties":{"building":"yes","id":"way/1136350200"},"geometry":{"type":"Polygon","coordinates":[[[121.6441981,38.9217465],[121.6441154,38.9217205],[121.6441334,38.9216855],[121.6442162,38.9217117],[121.6441981,38.9217465]]]}},{"type":"Feature","id":"way/1136350205","properties":{"access":"yes","amenity":"toilets","building":"yes","unisex":"yes","id":"way/1136350205"},"geometry":{"type":"Polygon","coordinates":[[[121.6409185,38.9203293],[121.6409058,38.9202532],[121.6410534,38.9202383],[121.6410661,38.9203143],[121.6409185,38.9203293]]]}},{"type":"Feature","id":"way/1137106636","properties":{"building":"yes","name":"骊高新世界","id":"way/1137106636"},"geometry":{"type":"Polygon","coordinates":[[[121.646915,38.9226895],[121.6472378,38.9220789],[121.6486534,38.9225005],[121.6484347,38.9229218],[121.6479645,38.9227736],[121.6479349,38.9228306],[121.6479004,38.9228197],[121.6477982,38.923016],[121.6478295,38.9230258],[121.6477996,38.9230833],[121.6478917,38.9231123],[121.6478831,38.9231292],[121.6469767,38.9228456],[121.6472877,38.9227421],[121.6473102,38.9227386],[121.647332,38.9227388],[121.6477051,38.9228561],[121.6477412,38.9227912],[121.6477777,38.9228034],[121.6478297,38.9227091],[121.6478183,38.9226979],[121.6477989,38.9226918],[121.6477787,38.9226925],[121.6477709,38.9227076],[121.6474384,38.9226085],[121.647444,38.9225326],[121.6473062,38.9225304],[121.6473048,38.9225783],[121.6472619,38.9225799],[121.6472333,38.9225863],[121.646915,38.9226895]]]}},{"type":"Feature","id":"way/1137144746","properties":{"building":"apartments","id":"way/1137144746"},"geometry":{"type":"Polygon","coordinates":[[[121.6444228,38.9235599],[121.6446958,38.9229654],[121.6449693,38.9230518],[121.6446878,38.9236407],[121.6444228,38.9235599]]]}},{"type":"Feature","id":"way/1137144747","properties":{"building":"apartments","id":"way/1137144747"},"geometry":{"type":"Polygon","coordinates":[[[121.645554,38.9239796],[121.6454648,38.9239269],[121.6453477,38.9238577],[121.6458938,38.9232982],[121.6460471,38.9233888],[121.6461002,38.9234201],[121.6457423,38.9237867],[121.6455796,38.9239534],[121.6455683,38.9239649],[121.6455582,38.9239752],[121.645554,38.9239796]]]}},{"type":"Feature","id":"way/1138542125","properties":{"building":"yes","id":"way/1138542125"},"geometry":{"type":"Polygon","coordinates":[[[121.6464689,38.9235393],[121.6464677,38.9235119],[121.6464744,38.9234857],[121.6464913,38.9234589],[121.646528,38.9234332],[121.6465845,38.9234229],[121.6466542,38.9234343],[121.6467202,38.9234583],[121.6468039,38.9234977],[121.646903,38.9235542],[121.6469888,38.923633],[121.6471431,38.9238437],[121.6472377,38.9238717],[121.6472474,38.9238746],[121.6473214,38.9239046],[121.6473846,38.9239429],[121.6473982,38.9239524],[121.6474531,38.9239906],[121.6475123,38.9240319],[121.6475583,38.924075],[121.6476264,38.9240667],[121.6476872,38.9240668],[121.6478555,38.9241172],[121.6477272,38.9243875],[121.6475786,38.924401],[121.6475072,38.9243759],[121.6474306,38.924343],[121.6474029,38.9243263],[121.6474246,38.9243114],[121.6474466,38.9242851],[121.6474514,38.9242468],[121.6474344,38.9242068],[121.6474126,38.9241671],[121.6473772,38.9241439],[121.6473337,38.9241358],[121.6472604,38.9240846],[121.6471831,38.9240441],[121.647104,38.9240093],[121.6470484,38.9239894],[121.6470135,38.9239612],[121.6469735,38.9239281],[121.6469289,38.9238957],[121.6469431,38.9238779],[121.6469408,38.9238595],[121.6469185,38.9238337],[121.6468555,38.923774],[121.6467555,38.9236976],[121.6466297,38.9236206],[121.6465365,38.9235682],[121.6465132,38.9235551],[121.6464967,38.9235532],[121.646481,38.9235574],[121.6464689,38.9235393]]]}},{"type":"Feature","id":"way/1144935771","properties":{"building":"yes","id":"way/1144935771"},"geometry":{"type":"Polygon","coordinates":[[[121.6379356,38.9218551],[121.6379878,38.9218055],[121.6380444,38.9218407],[121.6379907,38.9218909],[121.6379356,38.9218551]]]}},{"type":"Feature","id":"way/1144935772","properties":{"building":"yes","id":"way/1144935772"},"geometry":{"type":"Polygon","coordinates":[[[121.638591,38.9220439],[121.6385202,38.9220418],[121.6385202,38.921973],[121.6385934,38.921976],[121.638591,38.9220439]]]}},{"type":"Feature","id":"way/1144935773","properties":{"building":"yes","id":"way/1144935773"},"geometry":{"type":"Polygon","coordinates":[[[121.6467208,38.9242609],[121.6468254,38.9240451],[121.6470077,38.9241032],[121.6470867,38.9241425],[121.6471312,38.9241794],[121.6471785,38.9242377],[121.6471531,38.9242468],[121.6471193,38.9242605],[121.6471124,38.9242707],[121.6471112,38.9242804],[121.647124,38.9243117],[121.6470858,38.9243807],[121.6469469,38.9243351],[121.6467208,38.9242609]]]}},{"type":"Feature","id":"way/1144935774","properties":{"building":"yes","id":"way/1144935774"},"geometry":{"type":"Polygon","coordinates":[[[121.6466305,38.9244431],[121.6467208,38.9242609],[121.6469469,38.9243351],[121.6469004,38.9243616],[121.6468439,38.9243802],[121.646781,38.9243967],[121.646746,38.9244798],[121.6466305,38.9244431]]]}},{"type":"Feature","id":"way/1144935776","properties":{"building":"yes","id":"way/1144935776"},"geometry":{"type":"Polygon","coordinates":[[[121.6471431,38.9238437],[121.6471034,38.9237703],[121.6471445,38.9236903],[121.6472491,38.9236625],[121.6473287,38.9236834],[121.6473725,38.9237648],[121.6475792,38.9238265],[121.6475166,38.9239532],[121.6474773,38.9239414],[121.6474125,38.923922],[121.6473797,38.9239122],[121.6473695,38.9238935],[121.6472668,38.9238648],[121.6472377,38.9238717],[121.6471431,38.9238437]]]}},{"type":"Feature","id":"way/1144935777","properties":{"building":"yes","id":"way/1144935777"},"geometry":{"type":"Polygon","coordinates":[[[121.6473982,38.9239524],[121.6474125,38.923922],[121.6474773,38.9239414],[121.6474531,38.9239906],[121.6473982,38.9239524]]]}},{"type":"Feature","id":"way/1144935778","properties":{"building":"apartments","name":"富丽华国际公寓","id":"way/1144935778"},"geometry":{"type":"Polygon","coordinates":[[[121.6461238,38.9251556],[121.6461541,38.9251302],[121.6462429,38.9250625],[121.646243,38.9249962],[121.6463382,38.924994],[121.6463606,38.9249937],[121.6465709,38.9251726],[121.6466883,38.9251757],[121.6466895,38.9252463],[121.6467124,38.925247],[121.6467109,38.9253384],[121.6462797,38.9253313],[121.6461208,38.9252144],[121.6461238,38.9251556]]]}},{"type":"Feature","id":"way/1144935779","properties":{"building":"yes","id":"way/1144935779"},"geometry":{"type":"Polygon","coordinates":[[[121.6461541,38.9251302],[121.64612,38.9251013],[121.6461145,38.9248802],[121.6462501,38.9248774],[121.6462508,38.9248969],[121.6463373,38.9248951],[121.6463382,38.924994],[121.646243,38.9249962],[121.6462429,38.9250625],[121.6461541,38.9251302]]]}},{"type":"Feature","id":"way/1144935781","properties":{"building":"yes","id":"way/1144935781"},"geometry":{"type":"Polygon","coordinates":[[[121.6464846,38.9226357],[121.6465774,38.9224598],[121.6466774,38.9224917],[121.6465845,38.9226676],[121.6464846,38.9226357]]]}},{"type":"Feature","id":"way/1144935782","properties":{"building":"yes","id":"way/1144935782"},"geometry":{"type":"Polygon","coordinates":[[[121.646146,38.9225994],[121.6460859,38.9224991],[121.6460419,38.92244],[121.6461246,38.9223937],[121.6462211,38.9224222],[121.64625,38.9224534],[121.6462743,38.92248],[121.6462392,38.9225638],[121.646146,38.9225994]]]}},{"type":"Feature","id":"way/1144935783","properties":{"building":"yes","id":"way/1144935783"},"geometry":{"type":"Polygon","coordinates":[[[121.6457087,38.9225316],[121.6456776,38.9224629],[121.6457678,38.9223272],[121.6458011,38.9222969],[121.6458455,38.9222795],[121.6459032,38.9222764],[121.6459439,38.9222813],[121.6459693,38.922303],[121.6460133,38.9224316],[121.6459407,38.9224529],[121.6457305,38.9225119],[121.6457087,38.9225316]]]}},{"type":"Feature","id":"way/1144935784","properties":{"building":"yes","id":"way/1144935784"},"geometry":{"type":"Polygon","coordinates":[[[121.6459693,38.922303],[121.6462787,38.9223975],[121.64625,38.9224534],[121.6462211,38.9224222],[121.6461246,38.9223937],[121.6460419,38.92244],[121.6460133,38.9224316],[121.6459693,38.922303]]]}},{"type":"Feature","id":"way/1146859532","properties":{"building":"yes","id":"way/1146859532"},"geometry":{"type":"Polygon","coordinates":[[[121.6381103,38.9171744],[121.6381216,38.9169022],[121.6383024,38.9169068],[121.6382964,38.9171776],[121.6382622,38.917177],[121.6381103,38.9171744]]]}},{"type":"Feature","id":"way/1146859533","properties":{"building":"yes","id":"way/1146859533"},"geometry":{"type":"Polygon","coordinates":[[[121.638109,38.9172632],[121.6381103,38.9171744],[121.6382622,38.917177],[121.6382621,38.9172655],[121.6381251,38.9172635],[121.638109,38.9172632]]]}},{"type":"Feature","id":"way/1146859536","properties":{"building":"apartments","id":"way/1146859536"},"geometry":{"type":"Polygon","coordinates":[[[121.6385135,38.9176779],[121.6385154,38.9175708],[121.6389096,38.9175749],[121.6389078,38.9176821],[121.6385135,38.9176779]]]}},{"type":"Feature","id":"way/1146859537","properties":{"building":"apartments","id":"way/1146859537"},"geometry":{"type":"Polygon","coordinates":[[[121.6382053,38.9176751],[121.6382061,38.9176218],[121.6380935,38.9176207],[121.6380973,38.9173918],[121.638227,38.9173929],[121.6382243,38.9175657],[121.6384692,38.917568],[121.6384676,38.9176775],[121.6382053,38.9176751]]]}},{"type":"Feature","id":"way/1146859539","properties":{"building":"yes","id":"way/1146859539"},"geometry":{"type":"Polygon","coordinates":[[[121.6380973,38.9173918],[121.6380983,38.9173263],[121.6381219,38.917326],[121.6381225,38.9173085],[121.6382711,38.91731],[121.6382699,38.9173933],[121.638227,38.9173929],[121.6380973,38.9173918]]]}},{"type":"Feature","id":"way/1146859542","properties":{"building":"yes","id":"way/1146859542"},"geometry":{"type":"Polygon","coordinates":[[[121.6388127,38.9175237],[121.6388175,38.9173048],[121.638944,38.9173065],[121.6389415,38.9174187],[121.6389274,38.9174185],[121.638925,38.9175252],[121.6388127,38.9175237]]]}},{"type":"Feature","id":"way/1146859547","properties":{"addr:city":"大连市","addr:district":"中山区","addr:housenumber":"20","addr:postcode":"116001","addr:province":"辽宁省","addr:street":"一德街","building":"commercial","name":"新星国际中心","id":"way/1146859547"},"geometry":{"type":"Polygon","coordinates":[[[121.6374296,38.9186645],[121.6371618,38.9183444],[121.6375821,38.9181316],[121.6378311,38.9184263],[121.63785,38.9184517],[121.6374651,38.9186465],[121.6374296,38.9186645]]]}},{"type":"Feature","id":"way/1146859548","properties":{"building":"yes","id":"way/1146859548"},"geometry":{"type":"Polygon","coordinates":[[[121.6375025,38.9186923],[121.6374651,38.9186465],[121.63785,38.9184517],[121.6378311,38.9184263],[121.6379234,38.9184264],[121.6379135,38.9187008],[121.6375025,38.9186923]]]}},{"type":"Feature","id":"way/1146859551","properties":{"addr:city":"大连市","addr:district":"中山区","addr:housenumber":"2","addr:postcode":"116001","addr:province":"辽宁省","addr:street":"警卫街","building":"apartments","name":"一德新居","id":"way/1146859551"},"geometry":{"type":"Polygon","coordinates":[[[121.6379053,38.918121],[121.6379065,38.9180519],[121.6380226,38.9180531],[121.638023,38.9180307],[121.6381395,38.9180319],[121.6381391,38.9180521],[121.63835,38.9180545],[121.6383505,38.9180321],[121.6384719,38.9180335],[121.6384713,38.9180638],[121.6386506,38.9180659],[121.6386509,38.9180506],[121.6387967,38.9180524],[121.6387961,38.9180831],[121.6388736,38.918084],[121.638872,38.9181609],[121.6388122,38.9181602],[121.6388118,38.9181826],[121.638758,38.9181819],[121.6387588,38.9181426],[121.6386059,38.9181409],[121.6386053,38.9181733],[121.6384653,38.9181717],[121.6384661,38.918131],[121.6383029,38.9181292],[121.6383023,38.9181571],[121.6381448,38.9181554],[121.6381454,38.9181241],[121.638004,38.9181226],[121.6380035,38.918155],[121.6379557,38.9181545],[121.6379563,38.9181216],[121.6379053,38.918121]]]}},{"type":"Feature","id":"way/1146859552","properties":{"building":"yes","id":"way/1146859552"},"geometry":{"type":"Polygon","coordinates":[[[121.6379053,38.918121],[121.6378172,38.9180187],[121.6380492,38.9179065],[121.6387877,38.9179183],[121.6388783,38.9179776],[121.6388736,38.918084],[121.6387961,38.9180831],[121.6387967,38.9180524],[121.6386509,38.9180506],[121.6386506,38.9180659],[121.6384713,38.9180638],[121.6384719,38.9180335],[121.6383505,38.9180321],[121.63835,38.9180545],[121.6381391,38.9180521],[121.6381395,38.9180319],[121.638023,38.9180307],[121.6380226,38.9180531],[121.6379065,38.9180519],[121.6379053,38.918121]]]}},{"type":"Feature","id":"way/1146859563","properties":{"addr:city":"大连市","addr:district":"中山区","addr:housenumber":"9","addr:postcode":"116001","addr:province":"辽宁省","addr:street":"延安路","building":"commercial","name":"一方大厦","id":"way/1146859563"},"geometry":{"type":"Polygon","coordinates":[[[121.6380914,38.9186139],[121.6380957,38.9183444],[121.6385748,38.9183491],[121.6385704,38.9186186],[121.6380914,38.9186139]]]}},{"type":"Feature","id":"way/1146859574","properties":{"building":"church","id":"way/1146859574"},"geometry":{"type":"Polygon","coordinates":[[[121.6377238,38.9191087],[121.6377234,38.9190683],[121.637664,38.9190674],[121.6376651,38.9190219],[121.6376954,38.9190224],[121.6376968,38.9189664],[121.6377867,38.9189677],[121.6377861,38.9189906],[121.6379592,38.9189932],[121.6379589,38.9190058],[121.6380151,38.9190066],[121.6380138,38.9190575],[121.6379543,38.9190566],[121.6379529,38.9191124],[121.6377238,38.9191087]]]}},{"type":"Feature","id":"way/1146859575","properties":{"building":"yes","id":"way/1146859575"},"geometry":{"type":"Polygon","coordinates":[[[121.6377238,38.9191087],[121.6379529,38.9191124],[121.6380109,38.9191136],[121.63801,38.9191813],[121.6377231,38.919178],[121.6377238,38.9191087]]]}},{"type":"Feature","id":"way/1147648917","properties":{"building":"ruins","id":"way/1147648917"},"geometry":{"type":"Polygon","coordinates":[[[121.636416,38.9297823],[121.636325,38.9295132],[121.6365434,38.9294848],[121.6367619,38.9295391],[121.6368864,38.9296454],[121.6369926,38.9297799],[121.6366497,38.929872],[121.6366011,38.9298035],[121.6365222,38.9297776],[121.636416,38.9297823]]]}},{"type":"Feature","id":"way/1147795767","properties":{"building":"yes","construction":"yes","layer":"0","id":"way/1147795767"},"geometry":{"type":"Polygon","coordinates":[[[121.6392105,38.919806],[121.6392146,38.9197957],[121.6392775,38.9196402],[121.6393312,38.9196533],[121.6393806,38.9196654],[121.6393164,38.919824],[121.6393135,38.9198312],[121.6392105,38.919806]]]}},{"type":"Feature","id":"way/1147795781","properties":{"building":"yes","id":"way/1147795781"},"geometry":{"type":"Polygon","coordinates":[[[121.6391299,38.9191932],[121.6391317,38.9190919],[121.6392471,38.9190931],[121.6392402,38.9191944],[121.6391299,38.9191932]]]}},{"type":"Feature","id":"way/1147795782","properties":{"building":"yes","id":"way/1147795782"},"geometry":{"type":"Polygon","coordinates":[[[121.6392403,38.9192414],[121.6392402,38.9191944],[121.6392471,38.9190931],[121.6392481,38.9190776],[121.6394983,38.9191257],[121.6394784,38.9191722],[121.6394049,38.9191573],[121.639381,38.9192312],[121.6393743,38.9192455],[121.6392403,38.9192414]]]}},{"type":"Feature","id":"way/1147795783","properties":{"building":"yes","id":"way/1147795783"},"geometry":{"type":"Polygon","coordinates":[[[121.6394504,38.919246],[121.6394784,38.9191722],[121.6394983,38.9191257],[121.6396992,38.9191724],[121.6396035,38.9192879],[121.6394504,38.919246]]]}},{"type":"Feature","id":"way/1147795785","properties":{"building":"yes","id":"way/1147795785"},"geometry":{"type":"Polygon","coordinates":[[[121.6395975,38.9193028],[121.6396035,38.9192879],[121.6396992,38.9191724],[121.639958,38.9192275],[121.6399744,38.9192619],[121.639829,38.9194198],[121.6395975,38.9193028]]]}},{"type":"Feature","id":"way/1147795794","properties":{"building":"yes","id":"way/1147795794"},"geometry":{"type":"Polygon","coordinates":[[[121.6394448,38.922201],[121.6394371,38.922181],[121.6394238,38.9221464],[121.6394005,38.9221518],[121.639414,38.9221864],[121.6392883,38.9222161],[121.6392781,38.9221897],[121.6392544,38.9221953],[121.6392652,38.9222236],[121.6392313,38.9222319],[121.6392152,38.9221887],[121.6394572,38.9221332],[121.639432,38.9220653],[121.6394685,38.9220458],[121.6395232,38.9221828],[121.6394448,38.922201]]]}},{"type":"Feature","id":"way/1147795795","properties":{"building":"yes","id":"way/1147795795"},"geometry":{"type":"Polygon","coordinates":[[[121.6389569,38.92222],[121.6389604,38.9221334],[121.6390028,38.9221346],[121.6390034,38.9221127],[121.639191,38.9221165],[121.6391836,38.9222444],[121.6390143,38.922243],[121.6390157,38.9222212],[121.6389569,38.92222]]]}},{"type":"Feature","id":"way/1147795796","properties":{"building":"yes","id":"way/1147795796"},"geometry":{"type":"Polygon","coordinates":[[[121.6392827,38.9223537],[121.6392883,38.9222161],[121.639414,38.9221864],[121.6394371,38.922181],[121.6394448,38.922201],[121.6395232,38.9221828],[121.6395461,38.9221779],[121.6396492,38.9223049],[121.6396174,38.9223049],[121.6396154,38.9223609],[121.6392827,38.9223537]]]}},{"type":"Feature","id":"way/1148038783","properties":{"building":"apartments","layer":"1","id":"way/1148038783"},"geometry":{"type":"Polygon","coordinates":[[[121.6296706,38.9159256],[121.6296814,38.9159047],[121.629476,38.9158405],[121.6294656,38.9158606],[121.6294018,38.9158407],[121.6294416,38.9157637],[121.6294103,38.9157539],[121.6295004,38.915579],[121.6303183,38.915829],[121.6302993,38.9158668],[121.6303412,38.9158791],[121.6301644,38.9162203],[121.6300021,38.9161704],[121.6301084,38.9159644],[121.6298359,38.9158793],[121.6297924,38.9159636],[121.6296706,38.9159256]]]}},{"type":"Feature","id":"way/1148038804","properties":{"building":"yes","layer":"1","id":"way/1148038804"},"geometry":{"type":"Polygon","coordinates":[[[121.630908,38.9167412],[121.6309212,38.9166975],[121.6309514,38.9166593],[121.6309649,38.916649],[121.6309955,38.9166304],[121.631049,38.9166138],[121.6310609,38.9166125],[121.6311066,38.916611],[121.6311623,38.9166224],[121.6312106,38.9166469],[121.6312378,38.9166714],[121.6312466,38.916682],[121.6312674,38.9167273],[121.6312674,38.9167755],[121.6312465,38.9168209],[121.6312072,38.9168582],[121.6311541,38.916883],[121.6310934,38.9168924],[121.6310321,38.9168854],[121.6309774,38.9168627],[121.6309358,38.9168271],[121.6309137,38.9167839],[121.630908,38.9167412]]]}},{"type":"Feature","id":"way/1148038805","properties":{"building":"yes","id":"way/1148038805"},"geometry":{"type":"Polygon","coordinates":[[[121.6306282,38.9166872],[121.6305528,38.9166647],[121.6305553,38.9166573],[121.6306607,38.9164532],[121.6306399,38.9164262],[121.6306342,38.9163986],[121.6306406,38.9163711],[121.6306585,38.9163469],[121.6306857,38.9163286],[121.6307192,38.9163185],[121.6307533,38.9163191],[121.6307893,38.9163262],[121.6308165,38.916342],[121.630836,38.9163638],[121.6308466,38.9163866],[121.6312319,38.9164962],[121.6312108,38.9165386],[121.6311094,38.9165096],[121.6310609,38.9166125],[121.6310349,38.9166677],[121.6309649,38.916649],[121.6306843,38.9165678],[121.6306282,38.9166872]]]}},{"type":"Feature","id":"way/1148038806","properties":{"building":"yes","id":"way/1148038806"},"geometry":{"type":"Polygon","coordinates":[[[121.6305553,38.9166573],[121.6304606,38.9166294],[121.6306333,38.9162685],[121.6307305,38.9162958],[121.6307192,38.9163185],[121.6306857,38.9163286],[121.6306585,38.9163469],[121.6306406,38.9163711],[121.6306342,38.9163986],[121.6306399,38.9164262],[121.6306607,38.9164532],[121.6305553,38.9166573]]]}},{"type":"Feature","id":"way/1148038807","properties":{"building":"yes","id":"way/1148038807"},"geometry":{"type":"Polygon","coordinates":[[[121.631216,38.9167179],[121.6312523,38.9166408],[121.6313481,38.9166655],[121.6313131,38.9167446],[121.631216,38.9167179]]]}},{"type":"Feature","id":"way/1148038810","properties":{"building":"yes","id":"way/1148038810"},"geometry":{"type":"Polygon","coordinates":[[[121.6304508,38.9167422],[121.6304675,38.9167053],[121.6312257,38.9169183],[121.6312025,38.9169616],[121.6304508,38.9167422]]]}},{"type":"Feature","id":"way/1148038811","properties":{"building":"yes","id":"way/1148038811"},"geometry":{"type":"Polygon","coordinates":[[[121.6302364,38.9170454],[121.6302502,38.9170191],[121.6301608,38.9169938],[121.6302837,38.9167344],[121.630313,38.9167419],[121.6303269,38.9167099],[121.6304508,38.9167422],[121.6303164,38.9170443],[121.6303274,38.9170474],[121.6303207,38.9170704],[121.6302364,38.9170454]]]}},{"type":"Feature","id":"way/1148067373","properties":{"addr:city":"大连市","addr:district":"中山区","addr:housenumber":"8","addr:postcode":"116001","addr:province":"辽宁省","addr:street":"解放路","building":"apartments","name":"青泥八号","id":"way/1148067373"},"geometry":{"type":"Polygon","coordinates":[[[121.6321981,38.9172629],[121.6318463,38.9176136],[121.6316697,38.9175688],[121.6316849,38.917531],[121.6316363,38.9175191],[121.6316351,38.9174557],[121.6316351,38.9174016],[121.6316457,38.9173529],[121.6316599,38.9173024],[121.6316823,38.9172492],[121.6317399,38.9171202],[121.6317754,38.9171314],[121.6317845,38.9171127],[121.6319134,38.917149],[121.6318203,38.9173327],[121.6318958,38.9173557],[121.6320549,38.9172083],[121.632071,38.9171934],[121.6321088,38.9172048],[121.6321981,38.9172629]]]}},{"type":"Feature","id":"way/1148067375","properties":{"building":"yes","id":"way/1148067375"},"geometry":{"type":"Polygon","coordinates":[[[121.6314175,38.9180251],[121.6313959,38.9177946],[121.6314354,38.9177919],[121.6314592,38.9180232],[121.6314175,38.9180251]]]}},{"type":"Feature","id":"way/1148067376","properties":{"building":"yes","id":"way/1148067376"},"geometry":{"type":"Polygon","coordinates":[[[121.6319175,38.9178897],[121.6319502,38.9179076],[121.6319737,38.9179225],[121.6319924,38.9179374],[121.6320548,38.9180084],[121.6320623,38.9180169],[121.6319234,38.9180908],[121.6318869,38.9181102],[121.6317782,38.9181681],[121.63161,38.9181095],[121.6319434,38.9179385],[121.6319051,38.9178965],[121.6319175,38.9178897]]]}},{"type":"Feature","id":"way/1148067382","properties":{"building":"yes","id":"way/1148067382"},"geometry":{"type":"Polygon","coordinates":[[[121.631035,38.9180473],[121.6311034,38.9179064],[121.6311236,38.9179123],[121.6311488,38.9179197],[121.6310804,38.9180606],[121.631035,38.9180473]]]}},{"type":"Feature","id":"way/1148067400","properties":{"addr:housenumber":"50","addr:street":"普照街","building":"apartments","name":"港汇中心","id":"way/1148067400"},"geometry":{"type":"Polygon","coordinates":[[[121.6332496,38.920412],[121.6333377,38.9201509],[121.6338923,38.9202663],[121.6338031,38.9205267],[121.6332496,38.920412]]]}},{"type":"Feature","id":"way/1148067401","properties":{"building":"yes","id":"way/1148067401"},"geometry":{"type":"Polygon","coordinates":[[[121.6333377,38.9201509],[121.6337272,38.9199825],[121.633905,38.9202272],[121.6338923,38.9202663],[121.6333377,38.9201509]]]}},{"type":"Feature","id":"way/1148067402","properties":{"building":"yes","id":"way/1148067402"},"geometry":{"type":"Polygon","coordinates":[[[121.6332027,38.9219423],[121.6331825,38.9219217],[121.633177,38.921886],[121.6331786,38.9218539],[121.6331887,38.9218236],[121.6332113,38.9217812],[121.633228,38.9217655],[121.6332536,38.9217537],[121.6332821,38.92176],[121.6333,38.9217782],[121.6333054,38.9218],[121.6333086,38.9218321],[121.6333054,38.9218636],[121.6332953,38.9218926],[121.6332766,38.9219229],[121.6332541,38.9219399],[121.6332315,38.9219465],[121.6332027,38.9219423]]]}},{"type":"Feature","id":"way/1148368494","properties":{"building":"apartments","id":"way/1148368494"},"geometry":{"type":"Polygon","coordinates":[[[121.6332521,38.9165917],[121.6332927,38.9165058],[121.6334769,38.916561],[121.633468,38.9165792],[121.6335121,38.9165913],[121.6334859,38.9166462],[121.6334808,38.9166573],[121.6332521,38.9165917]]]}},{"type":"Feature","id":"way/1148368495","properties":{"building":"yes","id":"way/1148368495"},"geometry":{"type":"Polygon","coordinates":[[[121.633042,38.916536],[121.6330886,38.9164392],[121.6332205,38.9164776],[121.6331739,38.9165744],[121.633042,38.916536]]]}},{"type":"Feature","id":"way/1150240637","properties":{"building":"yes","id":"way/1150240637"},"geometry":{"type":"Polygon","coordinates":[[[121.6404647,38.9182229],[121.6404704,38.9181971],[121.64071,38.9182326],[121.640681,38.9183357],[121.6404253,38.9184611],[121.6403415,38.9185023],[121.6402063,38.9185686],[121.6400358,38.9185333],[121.6400626,38.9184428],[121.6400693,38.9184665],[121.6400895,38.9184818],[121.6401218,38.9184843],[121.640138,38.9185064],[121.6405316,38.9183244],[121.6405117,38.9183004],[121.640546,38.9182857],[121.6405508,38.9182669],[121.6405472,38.9182448],[121.6405397,38.9182345],[121.6405172,38.9182469],[121.640508,38.9182304],[121.6404647,38.9182229]]]}},{"type":"Feature","id":"way/1150240638","properties":{"building":"yes","layer":"1","id":"way/1150240638"},"geometry":{"type":"Polygon","coordinates":[[[121.640429,38.9186105],[121.640351,38.9185141],[121.6403415,38.9185023],[121.6404253,38.9184611],[121.6404396,38.9184782],[121.6405146,38.9185675],[121.640429,38.9186105]]]}},{"type":"Feature","id":"way/1150240662","properties":{"building":"yes","id":"way/1150240662"},"geometry":{"type":"Polygon","coordinates":[[[121.6406555,38.9174857],[121.6406713,38.91747],[121.6410357,38.9176739],[121.6410198,38.9176876],[121.6408078,38.917681],[121.6407446,38.9176444],[121.6406555,38.9174857]]]}},{"type":"Feature","id":"way/1150240674","properties":{"building":"yes","id":"way/1150240674"},"geometry":{"type":"Polygon","coordinates":[[[121.6407984,38.9180131],[121.6405853,38.9179788],[121.6405869,38.9179684],[121.6405932,38.9179717],[121.6407259,38.9178376],[121.6407897,38.917814],[121.6410102,38.9178202],[121.6410108,38.917814],[121.6410249,38.9178172],[121.6409254,38.9179667],[121.6409123,38.9179434],[121.640786,38.9179958],[121.6407984,38.9180131]]]}},{"type":"Feature","id":"way/1150591204","properties":{"building":"yes","id":"way/1150591204"},"geometry":{"type":"Polygon","coordinates":[[[121.640842,38.9169785],[121.6408424,38.91694],[121.6409572,38.9169406],[121.6409569,38.9169791],[121.640842,38.9169785]]]}},{"type":"Feature","id":"way/1152756986","properties":{"building":"yes","id":"way/1152756986"},"geometry":{"type":"Polygon","coordinates":[[[121.6846987,38.9189308],[121.6846812,38.9189039],[121.684661,38.9188727],[121.6848492,38.918799],[121.6848856,38.9188566],[121.6848638,38.9188659],[121.6846987,38.9189308]]]}},{"type":"Feature","id":"way/1152756987","properties":{"building":"yes","id":"way/1152756987"},"geometry":{"type":"Polygon","coordinates":[[[121.6838305,38.9192654],[121.6838119,38.9192359],[121.6837945,38.9192084],[121.6839434,38.9191514],[121.6839609,38.9191791],[121.6839794,38.9192084],[121.6838305,38.9192654]]]}},{"type":"Feature","id":"way/1152756988","properties":{"building":"yes","id":"way/1152756988"},"geometry":{"type":"Polygon","coordinates":[[[121.6851107,38.9194479],[121.6850936,38.9194204],[121.6850762,38.9193924],[121.6852691,38.91932],[121.6852909,38.9193118],[121.6853254,38.9193673],[121.6851107,38.9194479]]]}},{"type":"Feature","id":"way/1152756989","properties":{"building":"yes","id":"way/1152756989"},"geometry":{"type":"Polygon","coordinates":[[[121.684216,38.9198028],[121.6841939,38.9197671],[121.684176,38.9197383],[121.6843255,38.9196822],[121.6843434,38.9197111],[121.6843655,38.9197467],[121.684216,38.9198028]]]}},{"type":"Feature","id":"way/1152757006","properties":{"building":"yes","id":"way/1152757006"},"geometry":{"type":"Polygon","coordinates":[[[121.6696357,38.9234045],[121.6696339,38.9233315],[121.6698503,38.9233282],[121.6698509,38.9233518],[121.6698516,38.92338],[121.6697237,38.923382],[121.6697242,38.9234032],[121.6696782,38.9234039],[121.6696357,38.9234045]]]}},{"type":"Feature","id":"way/1152757007","properties":{"building":"yes","id":"way/1152757007"},"geometry":{"type":"Polygon","coordinates":[[[121.6709946,38.9234728],[121.670998,38.9234432],[121.6710016,38.9234117],[121.6712152,38.9234264],[121.6712118,38.9234565],[121.6712082,38.9234876],[121.6709946,38.9234728]]]}},{"type":"Feature","id":"way/1152757008","properties":{"building":"yes","id":"way/1152757008"},"geometry":{"type":"Polygon","coordinates":[[[121.6708203,38.9240627],[121.6708204,38.9240334],[121.6708195,38.9240094],[121.6709865,38.9240079],[121.6709869,38.9240337],[121.6709874,38.9240612],[121.6708203,38.9240627]]]}},{"type":"Feature","id":"way/1152757009","properties":{"building":"yes","id":"way/1152757009"},"geometry":{"type":"Polygon","coordinates":[[[121.6697868,38.9240088],[121.6697869,38.9239779],[121.669787,38.9239406],[121.6699774,38.923941],[121.6699772,38.9239777],[121.6699771,38.9240092],[121.6697868,38.9240088]]]}},{"type":"Feature","id":"way/1152757021","properties":{"building":"yes","id":"way/1152757021"},"geometry":{"type":"Polygon","coordinates":[[[121.6552151,38.9248399],[121.6552155,38.9248173],[121.6552158,38.9247979],[121.6554103,38.9247996],[121.65541,38.9248188],[121.6554097,38.9248416],[121.6552151,38.9248399]]]}},{"type":"Feature","id":"way/1152757022","properties":{"building":"yes","id":"way/1152757022"},"geometry":{"type":"Polygon","coordinates":[[[121.6565058,38.9259387],[121.6565205,38.9259088],[121.656534,38.9258813],[121.6567176,38.9259359],[121.6566894,38.9259932],[121.6566769,38.9259895],[121.6565058,38.9259387]]]}},{"type":"Feature","id":"way/1152757029","properties":{"building":"yes","id":"way/1152757029"},"geometry":{"type":"Polygon","coordinates":[[[121.6376369,38.9205958],[121.6376368,38.9205233],[121.6376534,38.9205233],[121.6376701,38.9205233],[121.6376703,38.9205957],[121.6376518,38.9205958],[121.6376369,38.9205958]]]}},{"type":"Feature","id":"way/1152757030","properties":{"building":"yes","id":"way/1152757030"},"geometry":{"type":"Polygon","coordinates":[[[121.6377169,38.9202633],[121.6378035,38.920178],[121.6378268,38.9201915],[121.6378502,38.9202067],[121.6377636,38.920292],[121.63774,38.9202775],[121.6377169,38.9202633]]]}},{"type":"Feature","id":"way/1152757031","properties":{"building":"yes","id":"way/1152757031"},"geometry":{"type":"Polygon","coordinates":[[[121.6395023,38.9208224],[121.6395138,38.920796],[121.6395282,38.9207633],[121.6396869,38.9208056],[121.6396609,38.9208646],[121.6395023,38.9208224]]]}},{"type":"Feature","id":"way/1152757032","properties":{"building":"yes","id":"way/1152757032"},"geometry":{"type":"Polygon","coordinates":[[[121.6380102,38.9206736],[121.6380396,38.9206143],[121.6382011,38.9206627],[121.638187,38.9206911],[121.6381717,38.920722],[121.6380102,38.9206736]]]}},{"type":"Feature","id":"way/1152757033","properties":{"building":"yes","id":"way/1152757033"},"geometry":{"type":"Polygon","coordinates":[[[121.6400387,38.9209887],[121.6400389,38.9209076],[121.6400659,38.9209076],[121.6400854,38.9209077],[121.6400852,38.9209887],[121.6400624,38.9209887],[121.6400387,38.9209887]]]}},{"type":"Feature","id":"way/1152757034","properties":{"building":"yes","id":"way/1152757034"},"geometry":{"type":"Polygon","coordinates":[[[121.6400628,38.9212822],[121.64007,38.9212672],[121.6400778,38.9212511],[121.6401676,38.9212772],[121.64016,38.9212931],[121.6401527,38.9213083],[121.6400628,38.9212822]]]}},{"type":"Feature","id":"way/1152757039","properties":{"building":"yes","id":"way/1152757039"},"geometry":{"type":"Polygon","coordinates":[[[121.6321137,38.9184548],[121.6321283,38.918425],[121.6321428,38.9183953],[121.6323292,38.9184506],[121.6323001,38.9185101],[121.6321137,38.9184548]]]}},{"type":"Feature","id":"way/1152757044","properties":{"building":"yes","id":"way/1152757044"},"geometry":{"type":"Polygon","coordinates":[[[121.6313343,38.9189581],[121.6313787,38.9188644],[121.6314052,38.918872],[121.6314307,38.9188793],[121.6313863,38.918973],[121.6313628,38.9189663],[121.6313343,38.9189581]]]}},{"type":"Feature","id":"way/1154885186","properties":{"building":"yes","id":"way/1154885186"},"geometry":{"type":"Polygon","coordinates":[[[121.6851273,38.9194437],[121.6851439,38.91947],[121.685113,38.9194818],[121.6851055,38.9194699],[121.6850964,38.9194556],[121.6851273,38.9194437]]]}},{"type":"Feature","id":"way/1154885188","properties":{"building":"yes","id":"way/1154885188"},"geometry":{"type":"Polygon","coordinates":[[[121.6708639,38.9240643],[121.670864,38.9240989],[121.6708207,38.924099],[121.6708206,38.9240822],[121.6708206,38.9240644],[121.6708639,38.9240643]]]}},{"type":"Feature","id":"way/1154885190","properties":{"building":"yes","id":"way/1154885190"},"geometry":{"type":"Polygon","coordinates":[[[121.6565337,38.9258541],[121.6565176,38.925889],[121.6564775,38.9258778],[121.6564859,38.9258595],[121.6564936,38.9258429],[121.6565337,38.9258541]]]}},{"type":"Feature","id":"way/1154885192","properties":{"building":"yes","id":"way/1154885192"},"geometry":{"type":"Polygon","coordinates":[[[121.6380738,38.9207399],[121.6380907,38.9207052],[121.6381305,38.920717],[121.6381216,38.9207352],[121.6381136,38.9207517],[121.6380738,38.9207399]]]}},{"type":"Feature","id":"way/1154885194","properties":{"building":"yes","id":"way/1154885194"},"geometry":{"type":"Polygon","coordinates":[[[121.632872,38.9186409],[121.6328543,38.9186754],[121.6328147,38.9186631],[121.632824,38.918645],[121.6328324,38.9186287],[121.632872,38.9186409]]]}},{"type":"Feature","id":"way/1193261418","properties":{"building":"yes","id":"way/1193261418"},"geometry":{"type":"Polygon","coordinates":[[[121.6587843,38.9255818],[121.6586228,38.9252822],[121.6588989,38.9253615],[121.6590163,38.9253241],[121.6590814,38.9254443],[121.6589844,38.9256522],[121.6587843,38.9255818]]]}},{"type":"Feature","id":"way/1193261422","properties":{"building":"hotel","layer":"1","id":"way/1193261422"},"geometry":{"type":"Polygon","coordinates":[[[121.6596369,38.925164],[121.6594193,38.9248893],[121.6594472,38.9248328],[121.6599221,38.9246738],[121.6599955,38.9246994],[121.6600904,38.9250154],[121.6596369,38.925164]]]}},{"type":"Feature","id":"way/1193261423","properties":{"building":"yes","id":"way/1193261423"},"geometry":{"type":"Polygon","coordinates":[[[121.6607106,38.9248122],[121.6600904,38.9250154],[121.6596369,38.925164],[121.6594193,38.9248893],[121.6594472,38.9248328],[121.6599221,38.9246738],[121.660526,38.9244715],[121.6607106,38.9248122]]]}},{"type":"Feature","id":"way/1193261424","properties":{"building":"apartments","id":"way/1193261424"},"geometry":{"type":"Polygon","coordinates":[[[121.6596905,38.9259591],[121.659601,38.9258041],[121.6598043,38.9257271],[121.6599899,38.9256723],[121.6599956,38.9256841],[121.6600607,38.9258184],[121.6600685,38.9258347],[121.6598748,38.9258937],[121.6596905,38.9259591]]]}},{"type":"Feature","id":"way/1193261425","properties":{"building":"apartments","id":"way/1193261425"},"geometry":{"type":"Polygon","coordinates":[[[121.6603436,38.9257651],[121.6603397,38.9257515],[121.6602975,38.9256078],[121.6602935,38.9255943],[121.6605889,38.9255447],[121.6608627,38.9255142],[121.6611472,38.9254984],[121.6614616,38.9255015],[121.6614535,38.9256607],[121.6611662,38.9256649],[121.6609543,38.9256781],[121.6608789,38.9256828],[121.6606065,38.9257187],[121.6603436,38.9257651]]]}},{"type":"Feature","id":"way/1193261426","properties":{"building":"apartments","id":"way/1193261426"},"geometry":{"type":"Polygon","coordinates":[[[121.6599956,38.9256841],[121.6601452,38.9256428],[121.6602975,38.9256078],[121.6603397,38.9257515],[121.6602002,38.9257829],[121.6600607,38.9258184],[121.6599956,38.9256841]]]}},{"type":"Feature","id":"way/1193261428","properties":{"building":"yes","id":"way/1193261428"},"geometry":{"type":"Polygon","coordinates":[[[121.6616668,38.9258089],[121.6615964,38.9258674],[121.6616223,38.9258863],[121.6614386,38.9260386],[121.6609543,38.9256781],[121.6611662,38.9256649],[121.6614535,38.9256607],[121.6616668,38.9258089]]]}},{"type":"Feature","id":"way/1228228974","properties":{"building":"yes","layer":"1","id":"way/1228228974"},"geometry":{"type":"Polygon","coordinates":[[[121.6405339,38.9290206],[121.6403913,38.9292293],[121.6405026,38.9292754],[121.6404036,38.9294202],[121.6351049,38.9272268],[121.635346,38.9268742],[121.6405339,38.9290206]]]}},{"type":"Feature","id":"way/1228228994","properties":{"building":"yes","layer":"1","id":"way/1228228994"},"geometry":{"type":"Polygon","coordinates":[[[121.6370188,38.9285803],[121.6378945,38.9289364],[121.6378542,38.9289963],[121.6383885,38.9292137],[121.6383255,38.9293075],[121.6369155,38.928734],[121.6369671,38.9286571],[121.6370188,38.9285803]]]}},{"type":"Feature","id":"way/1304273314","properties":{"building":"yes","man_made":"tower","tower:type":"bell_tower","id":"way/1304273314"},"geometry":{"type":"Polygon","coordinates":[[[121.6860854,38.9242838],[121.6860598,38.9242286],[121.6861324,38.9242082],[121.686158,38.9242634],[121.6860854,38.9242838]]]}},{"type":"Feature","id":"way/1304273332","properties":{"area":"yes","highway":"pedestrian","id":"way/1304273332"},"geometry":{"type":"Polygon","coordinates":[[[121.6877461,38.9248767],[121.6876045,38.924571],[121.6875081,38.9243631],[121.6878239,38.9242746],[121.6878878,38.9244128],[121.6880617,38.9247882],[121.6877461,38.9248767]]]}},{"type":"Feature","id":"way/1304273333","properties":{"area":"yes","highway":"pedestrian","id":"way/1304273333"},"geometry":{"type":"Polygon","coordinates":[[[121.6837215,38.9261256],[121.6836931,38.9260592],[121.6835493,38.9257982],[121.6835002,38.9257049],[121.6834342,38.9255671],[121.6840275,38.9253925],[121.6840931,38.9255274],[121.6841303,38.9255981],[121.6842808,38.9258843],[121.6843093,38.9259385],[121.6837215,38.9261256]]]}},{"type":"Feature","id":"way/1304273334","properties":{"area":"yes","highway":"pedestrian","id":"way/1304273334"},"geometry":{"type":"Polygon","coordinates":[[[121.6811722,38.9268341],[121.6810053,38.9265006],[121.6809402,38.9263577],[121.6812494,38.9262449],[121.6813295,38.926405],[121.6814952,38.9267363],[121.6811722,38.9268341]]]}},{"type":"Feature","id":"way/1304273335","properties":{"area":"yes","highway":"pedestrian","surface":"paving_stones","id":"way/1304273335"},"geometry":{"type":"Polygon","coordinates":[[[121.6779486,38.9275899],[121.6781301,38.9271153],[121.6784138,38.9271682],[121.6785001,38.9273227],[121.6786269,38.9275498],[121.6786342,38.927619],[121.6779486,38.9275899]]]}},{"type":"Feature","id":"way/1304273336","properties":{"area":"yes","highway":"pedestrian","id":"way/1304273336"},"geometry":{"type":"Polygon","coordinates":[[[121.6779486,38.9275899],[121.6771292,38.9270761],[121.6769411,38.9269469],[121.6738515,38.927857],[121.6735379,38.927944],[121.6741643,38.9293063],[121.6741423,38.9293774],[121.6732787,38.9310006],[121.6729783,38.9311092],[121.6728049,38.9312838],[121.6728169,38.9314221],[121.672832,38.9317043],[121.6727694,38.9319903],[121.6723985,38.9327015],[121.670832,38.9322066],[121.6705488,38.9321592],[121.670134,38.9321249],[121.6695409,38.932141],[121.6690682,38.9321023],[121.6687399,38.9320271],[121.6683215,38.9318727],[121.6677904,38.9315681],[121.6674976,38.9313874],[121.6670823,38.9312217],[121.6666862,38.931205],[121.666235,38.9313486],[121.6663415,38.9315438],[121.6660758,38.9316316],[121.6663605,38.9321569],[121.6661023,38.9322444],[121.6653493,38.9308892],[121.66531,38.9307931],[121.6653219,38.9304832],[121.6653271,38.9303497],[121.6654665,38.9303472],[121.6655323,38.9303774],[121.6655581,38.9304083],[121.6656773,38.9305876],[121.6657151,38.9306263],[121.6665535,38.9306603],[121.666582,38.9306099],[121.6670498,38.9307561],[121.6671998,38.9306858],[121.6676911,38.9300982],[121.6681017,38.9296941],[121.6683152,38.9297273],[121.6685244,38.9297255],[121.668741,38.9296627],[121.6689589,38.9295146],[121.669065,38.9293389],[121.6691054,38.9291422],[121.6690558,38.9287183],[121.6692576,38.9288994],[121.6694453,38.9289537],[121.6696092,38.9289345],[121.671972,38.9281537],[121.6720899,38.9281019],[121.6721667,38.9280343],[121.6721785,38.9279414],[121.6721659,38.9278228],[121.6721007,38.927357],[121.672508,38.9272977],[121.6727494,38.9278193],[121.6772691,38.9265003],[121.6774204,38.9267014],[121.6775333,38.9268377],[121.6776763,38.9269519],[121.6778599,38.9270429],[121.6781301,38.9271153],[121.6779486,38.9275899]]]}},{"type":"Feature","id":"way/1305050198","properties":{"area:highway":"yes","highway":"pedestrian","layer":"-1","id":"way/1305050198"},"geometry":{"type":"Polygon","coordinates":[[[121.6780471,38.9262112],[121.6780176,38.9262029],[121.6779667,38.9261946],[121.6779157,38.9261883],[121.6778701,38.9261904],[121.6778147,38.9260994],[121.6784797,38.9258854],[121.6788803,38.9257512],[121.6787282,38.9255059],[121.6786853,38.9254193],[121.6786218,38.9253068],[121.6793924,38.9250273],[121.6797808,38.9248865],[121.6802647,38.924711],[121.6806317,38.9245778],[121.6812908,38.924389],[121.6816752,38.9242788],[121.6818154,38.9245556],[121.6816733,38.9246117],[121.6813961,38.924701],[121.6814735,38.9248465],[121.6816282,38.9247967],[121.6816535,38.9248601],[121.6814989,38.9249112],[121.6811408,38.9250265],[121.6808458,38.9251234],[121.6807856,38.9251398],[121.6806997,38.9251677],[121.6806097,38.9251961],[121.6804779,38.9252385],[121.6804897,38.9252607],[121.6797461,38.9255103],[121.6793723,38.9256392],[121.6792438,38.9256765],[121.6792191,38.92563],[121.6789581,38.925714],[121.6790461,38.9258794],[121.6790662,38.9259099],[121.6787961,38.9259997],[121.6787708,38.9259791],[121.6787106,38.9260017],[121.6786745,38.9259679],[121.6785901,38.9259957],[121.6785371,38.9260129],[121.6782429,38.926109],[121.678251,38.9261486],[121.6780471,38.9262112]]]}},{"type":"Feature","id":"way/1305050199","properties":{"building":"yes","id":"way/1305050199"},"geometry":{"type":"Polygon","coordinates":[[[121.6792872,38.9255995],[121.6791435,38.9253573],[121.6794244,38.9252564],[121.6795868,38.9255301],[121.6794859,38.9255663],[121.6794672,38.9255349],[121.6792872,38.9255995]]]}},{"type":"Feature","id":"way/1305050200","properties":{"building":"yes","id":"way/1305050200"},"geometry":{"type":"Polygon","coordinates":[[[121.6801428,38.9253177],[121.68002,38.9251186],[121.6803617,38.924991],[121.6804845,38.9251901],[121.6801428,38.9253177]]]}},{"type":"Feature","id":"way/1305050201","properties":{"building":"yes","id":"way/1305050201"},"geometry":{"type":"Polygon","coordinates":[[[121.6797298,38.9254778],[121.6796072,38.9252543],[121.6798735,38.9251658],[121.6799796,38.9253591],[121.6798251,38.9254104],[121.6798416,38.9254406],[121.6797298,38.9254778]]]}},{"type":"Feature","id":"way/1305050202","properties":{"building":"yes","id":"way/1305050202"},"geometry":{"type":"Polygon","coordinates":[[[121.6807912,38.9253385],[121.6806997,38.9251677],[121.6807856,38.9251398],[121.6808771,38.9253106],[121.6807912,38.9253385]]]}},{"type":"Feature","id":"way/1305050203","properties":{"building":"yes","id":"way/1305050203"},"geometry":{"type":"Polygon","coordinates":[[[121.682283,38.9245743],[121.6822331,38.9244613],[121.6824601,38.9244006],[121.6826908,38.9244883],[121.682767,38.9246216],[121.6826785,38.9246523],[121.6826679,38.9246338],[121.6826097,38.924654],[121.6825674,38.9245801],[121.6824333,38.9245342],[121.682283,38.9245743]]]}},{"type":"Feature","id":"way/1305050211","properties":{"building":"yes","building:levels":"40","id":"way/1305050211"},"geometry":{"type":"Polygon","coordinates":[[[121.6742291,38.9255493],[121.6741344,38.9253929],[121.6745812,38.9252291],[121.6746759,38.9253856],[121.6742291,38.9255493]]]}},{"type":"Feature","id":"way/1305050212","properties":{"building":"yes","building:levels":"40","id":"way/1305050212"},"geometry":{"type":"Polygon","coordinates":[[[121.6751216,38.9252621],[121.6750269,38.9251057],[121.6754736,38.9249419],[121.6755684,38.9250984],[121.6751216,38.9252621]]]}},{"type":"Feature","id":"way/1305050213","properties":{"building":"yes","building:levels":"40","id":"way/1305050213"},"geometry":{"type":"Polygon","coordinates":[[[121.6748856,38.9259632],[121.6747908,38.9258068],[121.6752376,38.925643],[121.6753324,38.9257995],[121.6748856,38.9259632]]]}},{"type":"Feature","id":"way/1305050214","properties":{"building":"yes","building:levels":"50","id":"way/1305050214"},"geometry":{"type":"Polygon","coordinates":[[[121.6757838,38.9255607],[121.6756132,38.9252478],[121.6759881,38.9251241],[121.6761587,38.925437],[121.6757838,38.9255607]]]}},{"type":"Feature","id":"way/1305050215","properties":{"building":"yes","building:levels":"60","id":"way/1305050215"},"geometry":{"type":"Polygon","coordinates":[[[121.6769715,38.9248571],[121.6767992,38.924605],[121.6774515,38.9243352],[121.677709,38.9245522],[121.6769715,38.9248571]]]}},{"type":"Feature","id":"way/1362788667","properties":{"building":"yes","id":"way/1362788667"},"geometry":{"type":"Polygon","coordinates":[[[121.6749787,38.9209888],[121.6749143,38.9208954],[121.6751906,38.9207801],[121.675255,38.9208736],[121.6749787,38.9209888]]]}},{"type":"Feature","id":"way/1362788668","properties":{"building":"yes","id":"way/1362788668"},"geometry":{"type":"Polygon","coordinates":[[[121.6753596,38.9206946],[121.6756395,38.9205778],[121.6757056,38.9206737],[121.6754257,38.9207905],[121.6753596,38.9206946]]]}},{"type":"Feature","id":"way/1362788669","properties":{"building":"yes","id":"way/1362788669"},"geometry":{"type":"Polygon","coordinates":[[[121.6743994,38.9204003],[121.6743339,38.9203219],[121.6749009,38.9200351],[121.6749665,38.9201136],[121.6743994,38.9204003]]]}},{"type":"Feature","id":"way/1362788670","properties":{"building":"yes","id":"way/1362788670"},"geometry":{"type":"Polygon","coordinates":[[[121.6751638,38.920056],[121.6750857,38.9199625],[121.6756064,38.9196992],[121.6756845,38.9197927],[121.6751638,38.920056]]]}},{"type":"Feature","id":"way/1362788671","properties":{"building":"yes","id":"way/1362788671"},"geometry":{"type":"Polygon","coordinates":[[[121.6758345,38.919675],[121.6757548,38.9195795],[121.6762875,38.9193101],[121.6763672,38.9194056],[121.6758345,38.919675]]]}},{"type":"Feature","id":"way/1362788672","properties":{"building":"yes","id":"way/1362788672"},"geometry":{"type":"Polygon","coordinates":[[[121.6764647,38.9203836],[121.67642,38.9203188],[121.6768751,38.920129],[121.6769197,38.9201939],[121.6764647,38.9203836]]]}},{"type":"Feature","id":"way/1362788673","properties":{"building":"yes","id":"way/1362788673"},"geometry":{"type":"Polygon","coordinates":[[[121.6758075,38.9205443],[121.6762428,38.9203628],[121.6763118,38.9204629],[121.6758765,38.9206445],[121.6758075,38.9205443]]]}},{"type":"Feature","id":"way/1362788674","properties":{"building":"yes","id":"way/1362788674"},"geometry":{"type":"Polygon","coordinates":[[[121.6767946,38.9192296],[121.677363,38.9189925],[121.6774142,38.9190668],[121.6768458,38.9193039],[121.6767946,38.9192296]]]}},{"type":"Feature","id":"way/1362788675","properties":{"building":"yes","id":"way/1362788675"},"geometry":{"type":"Polygon","coordinates":[[[121.6775349,38.9190293],[121.6774718,38.9189377],[121.6783529,38.9185702],[121.678416,38.9186618],[121.6775349,38.9190293]]]}},{"type":"Feature","id":"way/1362788676","properties":{"building":"yes","id":"way/1362788676"},"geometry":{"type":"Polygon","coordinates":[[[121.6780391,38.9192192],[121.6786042,38.9189835],[121.6786587,38.9190627],[121.6780937,38.9192983],[121.6780391,38.9192192]]]}},{"type":"Feature","id":"way/1362788677","properties":{"building":"yes","id":"way/1362788677"},"geometry":{"type":"Polygon","coordinates":[[[121.677162,38.9196533],[121.6771147,38.9195845],[121.6777253,38.9193298],[121.6777727,38.9193986],[121.677162,38.9196533]]]}},{"type":"Feature","id":"way/1362788678","properties":{"building":"yes","id":"way/1362788678"},"geometry":{"type":"Polygon","coordinates":[[[121.678066,38.919768],[121.6780213,38.9197032],[121.6785863,38.9194675],[121.678631,38.9195324],[121.678066,38.919768]]]}},{"type":"Feature","id":"way/1362788679","properties":{"building":"yes","id":"way/1362788679"},"geometry":{"type":"Polygon","coordinates":[[[121.6773498,38.9199663],[121.6778702,38.9197492],[121.6779238,38.9198271],[121.6774035,38.9200441],[121.6773498,38.9199663]]]}},{"type":"Feature","id":"way/32881263","properties":{"highway":"secondary","name":"上海路","oneway":"yes","id":"way/32881263"},"geometry":{"type":"LineString","coordinates":[[121.6336702,38.9253246],[121.6338186,38.9252947],[121.6339702,38.9252439],[121.6341061,38.9251916]]}},{"type":"Feature","id":"way/37030775","properties":{"highway":"secondary","name":"五五路","name:ru":"улица Ву-ву","name:zh":"五五路","name:zh-Latn-pinyin":"Wǔwǔ lù","oneway":"yes","surface":"asphalt","id":"way/37030775"},"geometry":{"type":"LineString","coordinates":[[121.6522894,38.9188082],[121.6522657,38.9187369],[121.6521076,38.9182681],[121.6519481,38.9178356],[121.6517472,38.9172652],[121.6517489,38.9171499],[121.6517661,38.9162193],[121.651764,38.9161223],[121.6517795,38.9147695],[121.6517861,38.914625],[121.6517782,38.9144015]]}},{"type":"Feature","id":"way/37031359","properties":{"highway":"unclassified","name":"竹青街","id":"way/37031359"},"geometry":{"type":"LineString","coordinates":[[121.6401754,38.9284081],[121.6405584,38.927692],[121.640845,38.9271644]]}},{"type":"Feature","id":"way/37032989","properties":{"highway":"unclassified","id":"way/37032989"},"geometry":{"type":"LineString","coordinates":[[121.6514921,38.9306497],[121.6515892,38.9308229],[121.6523016,38.9311324],[121.6530586,38.9313951],[121.6532174,38.9315447],[121.6533441,38.9317389],[121.6536545,38.9322829],[121.6556758,38.9359217],[121.6557949,38.9361324]]}},{"type":"Feature","id":"way/38823698","properties":{"highway":"primary","lanes":"6","name":"人民路","name:en":"Renmin Road","name:ru":"Народная улица","oneway":"yes","surface":"asphalt","id":"way/38823698"},"geometry":{"type":"LineString","coordinates":[[121.6428781,38.922035],[121.6421428,38.921807],[121.641467,38.9216007],[121.6413884,38.9215778],[121.6406634,38.9213513],[121.6400728,38.9211674],[121.6400121,38.9211541],[121.6399431,38.9211471],[121.6398603,38.9211447],[121.6397828,38.9211743]]}},{"type":"Feature","id":"way/38826527","properties":{"highway":"pedestrian","name":"团结街（俄罗斯风情街）","name:en":"Russian Street","name:ja":"ロシア風情街","name:ko":"러시아거리","name:ru":"Русская улица","tourism":"attraction","id":"way/38826527"},"geometry":{"type":"LineString","coordinates":[[121.6327832,38.9261918],[121.632698,38.9262238],[121.6319374,38.9265091],[121.6311404,38.926808],[121.6301098,38.9271947],[121.6293659,38.9274737],[121.6286438,38.9277446]]}},{"type":"Feature","id":"way/45764476","properties":{"bridge":"yes","highway":"secondary","lanes":"2","layer":"1","name":"胜利桥","name:ru":"мост Победы","oneway":"yes","id":"way/45764476"},"geometry":{"type":"LineString","coordinates":[[121.6338177,38.9254356],[121.6330242,38.9261368]]}},{"type":"Feature","id":"way/45764477","properties":{"highway":"unclassified","oneway":"yes","id":"way/45764477"},"geometry":{"type":"LineString","coordinates":[[121.6366479,38.9254627],[121.6366474,38.925483],[121.6366463,38.9255212],[121.6366245,38.9262158],[121.636562,38.9263462],[121.636169,38.9267126]]}},{"type":"Feature","id":"way/45764478","properties":{"highway":"secondary","oneway":"yes","id":"way/45764478"},"geometry":{"type":"LineString","coordinates":[[121.6346832,38.925465],[121.6345227,38.9254533],[121.6343041,38.9254406]]}},{"type":"Feature","id":"way/48299927","properties":{"highway":"tertiary","name":"杏林街","name:en":"Xinlin Street","name:zh":"杏林街","name:zh-Latn-pinyin":"xìnglín jiē","source":"gps","id":"way/48299927"},"geometry":{"type":"LineString","coordinates":[[121.6421518,38.9176677],[121.6423782,38.917639],[121.6431649,38.9175333],[121.6445247,38.9173698],[121.6446093,38.917357]]}},{"type":"Feature","id":"way/48303453","properties":{"highway":"tertiary","name":"胜利广场","source":"gps","id":"way/48303453"},"geometry":{"type":"LineString","coordinates":[[121.6303774,38.92028],[121.6304185,38.9202611],[121.630439,38.9202468],[121.6304667,38.9202275],[121.6305118,38.9201976],[121.6306269,38.9200246],[121.6309068,38.9196038],[121.6313832,38.9186361],[121.63143,38.918541]]}},{"type":"Feature","id":"way/48304093","properties":{"highway":"primary","junction":"roundabout","name":"港湾广场","name:en":"Gangwan Square","name:ru":"Портовая площадь","oneway":"yes","id":"way/48304093"},"geometry":{"type":"LineString","coordinates":[[121.6558947,38.9255662],[121.6558525,38.9256597],[121.6558431,38.9257463],[121.6558619,38.9258142],[121.6559303,38.925883],[121.6560141,38.9259418],[121.6561291,38.9260126]]}},{"type":"Feature","id":"way/48304095","properties":{"highway":"residential","name":"大众街","oneway":"no","id":"way/48304095"},"geometry":{"type":"LineString","coordinates":[[121.6582512,38.9196925],[121.658934,38.920346],[121.6598119,38.9211626],[121.6606689,38.9220005],[121.66115,38.9224561],[121.6616461,38.9229433],[121.6616556,38.9230051],[121.661558,38.923648],[121.6615476,38.9237163]]}},{"type":"Feature","id":"way/48305138","properties":{"foot":"yes","highway":"pedestrian","name":"青泥街","id":"way/48305138"},"geometry":{"type":"LineString","coordinates":[[121.6311068,38.9146555],[121.6310428,38.9147909],[121.6305658,38.9157996],[121.630422,38.9161164],[121.6301879,38.9166005],[121.6299695,38.9170521],[121.6296114,38.9178047]]}},{"type":"Feature","id":"way/48305542","properties":{"highway":"tertiary","name":"向前街","name:en":"Xiangqian Street","name:zh":"向前街","name:zh-Latn-pinyin":"xiàngqián jiē","source":"gps","surface":"asphalt","id":"way/48305542"},"geometry":{"type":"LineString","coordinates":[[121.6344405,38.9191518],[121.63433,38.9189773],[121.6339013,38.918328]]}},{"type":"Feature","id":"way/48305793","properties":{"highway":"unclassified","name":"安乐街","name:en":"Anle Jie","name:zh":"安乐街","name:zh-Latn-pinyin":"ānlè jiē","source":"gps","id":"way/48305793"},"geometry":{"type":"LineString","coordinates":[[121.6431649,38.9175333],[121.6433331,38.9182914],[121.6433464,38.9183442],[121.6434584,38.9188681],[121.6436906,38.9202108],[121.6437128,38.9203334]]}},{"type":"Feature","id":"way/48305796","properties":{"highway":"unclassified","name":"七一街","oneway":"yes","source":"gps","id":"way/48305796"},"geometry":{"type":"LineString","coordinates":[[121.6394674,38.9214453],[121.6395374,38.9215258],[121.6403052,38.9224244],[121.640604,38.9225058],[121.6409081,38.9225856],[121.6412143,38.9229564],[121.6416568,38.9234634],[121.6423757,38.9243234],[121.6430076,38.9250793]]}},{"type":"Feature","id":"way/48360921","properties":{"highway":"secondary","name":"延安路","name:en":"Yan'an Road","name:zh":"延安路","name:zh-Latn-pinyin":"yánān lù","oneway":"yes","source":"gps","id":"way/48360921"},"geometry":{"type":"LineString","coordinates":[[121.6389108,38.9199165],[121.6389168,38.9198123],[121.6389263,38.9196728],[121.6389862,38.9189621],[121.6389866,38.9189262],[121.6390244,38.9183115],[121.6390297,38.9181545],[121.6390436,38.9178322]]}},{"type":"Feature","id":"way/48360994","properties":{"highway":"tertiary","name":"友好路","name:en":"Youhao Road","name:zh":"友好路","name:zh-Latn-pinyin":"yǒuhǎo lù","source":"gps","id":"way/48360994"},"geometry":{"type":"LineString","coordinates":[[121.6345898,38.9199158],[121.6345554,38.9202277],[121.6345513,38.9203031],[121.6345067,38.9208169],[121.6344648,38.9212186],[121.6344455,38.9213805]]}},{"type":"Feature","id":"way/48360995","properties":{"highway":"unclassified","name":"吉庆街","source":"gps","id":"way/48360995"},"geometry":{"type":"LineString","coordinates":[[121.6342195,38.9231964],[121.6350866,38.9236981],[121.6355254,38.9239598]]}},{"type":"Feature","id":"way/48361204","properties":{"highway":"secondary","name":"胜利街","name:ru":"улица Победы","oneway":"yes","id":"way/48361204"},"geometry":{"type":"LineString","coordinates":[[121.6284925,38.9241737],[121.6285987,38.9242191],[121.6286302,38.9242289],[121.6288803,38.9243072],[121.6297812,38.9246098],[121.6299024,38.9246554],[121.630695,38.9249535],[121.6314319,38.9252221],[121.6316171,38.9252896],[121.6326881,38.92604]]}},{"type":"Feature","id":"way/48361205","properties":{"highway":"secondary","name":"民生街","oneway":"yes","source":"gps","id":"way/48361205"},"geometry":{"type":"LineString","coordinates":[[121.6387975,38.9215858],[121.6387705,38.9217246],[121.6386778,38.9228183],[121.6386193,38.9234497],[121.6385655,38.9240679],[121.6385102,38.9245638],[121.6384892,38.9247313]]}},{"type":"Feature","id":"way/48419886","properties":{"highway":"tertiary","name":"天津街","name:en":"Tianjin Street","name:zh":"天津街","source":"gps","surface":"asphalt","id":"way/48419886"},"geometry":{"type":"LineString","coordinates":[[121.645842,38.9256491],[121.645846,38.9255714],[121.6459062,38.9244278],[121.6459032,38.9243424],[121.6458949,38.9242313]]}},{"type":"Feature","id":"way/48420833","properties":{"highway":"primary_link","oneway":"yes","id":"way/48420833"},"geometry":{"type":"LineString","coordinates":[[121.6488693,38.9256128],[121.6490426,38.9256155],[121.6491219,38.9256167],[121.6504273,38.925637],[121.6519681,38.9256608],[121.6525482,38.9256698],[121.6527651,38.9256996]]}},{"type":"Feature","id":"way/48421682","properties":{"highway":"secondary","name":"港湾街","name:en":"Gangwan Street","name:ru":"Портовая улица","name:zh":"港湾街","name:zh-Latn-pinyin":"gǎngwān jiē","oneway":"yes","source":"gps","id":"way/48421682"},"geometry":{"type":"LineString","coordinates":[[121.6577953,38.9197536],[121.6575667,38.9203152],[121.657156,38.9213019],[121.6567162,38.9223416],[121.6564719,38.9229215]]}},{"type":"Feature","id":"way/48421684","properties":{"highway":"secondary","name":"港湾街","source":"gps","id":"way/48421684"},"geometry":{"type":"LineString","coordinates":[[121.6581089,38.9179367],[121.6580001,38.918543],[121.657939,38.9190012]]}},{"type":"Feature","id":"way/48421685","properties":{"highway":"unclassified","name":"育才街","id":"way/48421685"},"geometry":{"type":"LineString","coordinates":[[121.6622151,38.9167358],[121.6605757,38.9169452],[121.6593343,38.9171038],[121.6592228,38.917118],[121.6582805,38.9170311],[121.6570023,38.9168893],[121.6560745,38.9167887],[121.6547589,38.9166321],[121.6539955,38.9165413]]}},{"type":"Feature","id":"way/48754873","properties":{"highway":"tertiary","name":"解放街","name:en":"Jiefang Street","name:ru":"улица Освобождения","name:zh":"解放街","name:zh-Latn-pinyin":"jiěfàng jiē","oneway":"yes","surface":"asphalt","id":"way/48754873"},"geometry":{"type":"LineString","coordinates":[[121.6402011,38.9192257],[121.6396031,38.9198881],[121.6395347,38.9199678],[121.639467,38.9200534]]}},{"type":"Feature","id":"way/55956321","properties":{"highway":"primary","name":"中山路","name:en":"Zhongshan Lu","name:ru":"улица Суня Ятсена","oneway":"yes","id":"way/55956321"},"geometry":{"type":"LineString","coordinates":[[121.6353612,38.9195509],[121.6365253,38.9199069],[121.6366611,38.919951],[121.636823,38.9200022],[121.6376565,38.9202774]]}},{"type":"Feature","id":"way/55956577","properties":{"foot":"yes","highway":"footway","surface":"paving_stones","id":"way/55956577"},"geometry":{"type":"LineString","coordinates":[[121.6384643,38.921487],[121.6386166,38.9211975],[121.6387171,38.9209758]]}},{"type":"Feature","id":"way/55961305","properties":{"highway":"tertiary","name":"玉光街","name:en":"Yuguang Street","name:zh":"玉光街","name:zh-Latn-pinyin":"yùguāng jiē","id":"way/55961305"},"geometry":{"type":"LineString","coordinates":[[121.6382254,38.9200541],[121.6381422,38.9199599],[121.6380653,38.9198658],[121.6377255,38.91945]]}},{"type":"Feature","id":"way/55961327","properties":{"highway":"unclassified","name":"一德街","name:en":"Yide Street","name:zh":"一德街","name:zh-Latn-pinyin":"yīdé jiē","id":"way/55961327"},"geometry":{"type":"LineString","coordinates":[[121.6349885,38.9192442],[121.6350835,38.9192225],[121.6352012,38.9191657],[121.6359844,38.9187538],[121.6367357,38.9183638],[121.6368311,38.9183194]]}},{"type":"Feature","id":"way/117927420","properties":{"highway":"service","oneway":"yes","id":"way/117927420"},"geometry":{"type":"LineString","coordinates":[[121.630252,38.9202345],[121.6301944,38.9202828],[121.6299186,38.9205143],[121.6297213,38.9206924],[121.6296805,38.9207293]]}},{"type":"Feature","id":"way/117927423","properties":{"highway":"unclassified","name":"普照街","name:en":"Puzhao Street","name:zh":"普照街","name:zh-Latn-pinyin":"pǔzhào jiē","surface":"asphalt","id":"way/117927423"},"geometry":{"type":"LineString","coordinates":[[121.6292465,38.9217539],[121.6294471,38.921596],[121.6295474,38.9215484],[121.6296865,38.9215311],[121.6309294,38.9210174],[121.6309776,38.9209975],[121.6310146,38.920982],[121.6310401,38.920971],[121.6310798,38.9209551],[121.6312239,38.9208988],[121.6318891,38.9206388],[121.6324277,38.9203912],[121.632637,38.920295],[121.6328079,38.9202164],[121.6336889,38.9198418],[121.6340843,38.9196658]]}},{"type":"Feature","id":"way/117927424","properties":{"highway":"pedestrian","name":"天津街","id":"way/117927424"},"geometry":{"type":"LineString","coordinates":[[121.6334702,38.9220796],[121.6334475,38.9220134],[121.632825,38.9202645],[121.6328079,38.9202164]]}},{"type":"Feature","id":"way/117927916","properties":{"highway":"unclassified","name":"同兴街","name:en":"Tongxing Street","name:zh":"同兴街","name:zh-Latn-pinyin":"tóngxīng jiē","oneway":"yes","id":"way/117927916"},"geometry":{"type":"LineString","coordinates":[[121.6413884,38.9215778],[121.6413559,38.9216447],[121.641246,38.9218772],[121.6411385,38.9221001],[121.6409081,38.9225856],[121.6407725,38.9227082],[121.6406437,38.9227855],[121.6405335,38.9228169],[121.6404047,38.9228502],[121.6402277,38.9228587],[121.6396796,38.9228444],[121.6386778,38.9228183],[121.6374875,38.9220553],[121.6361874,38.9212361],[121.636096,38.9211375]]}},{"type":"Feature","id":"way/119211749","properties":{"highway":"residential","oneway":"no","id":"way/119211749"},"geometry":{"type":"LineString","coordinates":[[121.6746031,38.9170541],[121.6746796,38.9170156],[121.6747369,38.9169868],[121.6747943,38.9169579],[121.6766297,38.9160345],[121.6766773,38.9160106],[121.6767809,38.9159584]]}},{"type":"Feature","id":"way/119211761","properties":{"highway":"service","id":"way/119211761"},"geometry":{"type":"LineString","coordinates":[[121.6764004,38.9155496],[121.6751253,38.9162046],[121.6751146,38.9162505],[121.6751199,38.9163173],[121.6750985,38.9163757],[121.6750234,38.9164133],[121.6749475,38.9164248],[121.6748563,38.9164206],[121.6747713,38.916405],[121.6740493,38.9167711]]}},{"type":"Feature","id":"way/119211765","properties":{"highway":"residential","name":"海乐街","name:en":"Haile Street","name:zh":"海乐街","oneway":"yes","id":"way/119211765"},"geometry":{"type":"LineString","coordinates":[[121.676185,38.9188315],[121.6761089,38.9187255],[121.6760731,38.9186757],[121.6753943,38.9179269],[121.6753594,38.9178884],[121.6752972,38.9178197],[121.6752569,38.9177753],[121.6747233,38.9171867],[121.6746848,38.9171442],[121.6746031,38.9170541]]}},{"type":"Feature","id":"way/153200593","properties":{"natural":"coastline","source":"bing","id":"way/153200593"},"geometry":{"type":"LineString","coordinates":[[121.6706001,38.9382956],[121.6706318,38.9382555],[121.6706726,38.9382414],[121.6707125,38.9382668],[121.6707135,38.9383085],[121.6706701,38.9383468],[121.6682743,38.9392127],[121.6654978,38.9401918],[121.6612711,38.941709],[121.6509097,38.9448365],[121.6499258,38.9450295],[121.6490017,38.9450894],[121.6480862,38.9450694],[121.6471365,38.9449563],[121.646825,38.9448754],[121.6466478,38.9448294],[121.6465948,38.9447913],[121.6466771,38.9447612],[121.6471583,38.9448862],[121.6480946,38.9449977],[121.6489992,38.9450175],[121.6499106,38.9449584],[121.6508816,38.9447679],[121.661235,38.9416428],[121.6654593,38.9401264],[121.6682358,38.9391474],[121.6706001,38.9382956]]}},{"type":"Feature","id":"way/153200628","properties":{"bollard":"11","natural":"coastline","source":"bing","id":"way/153200628"},"geometry":{"type":"LineString","coordinates":[[121.6435005,38.9304326],[121.6430895,38.9304016],[121.6424758,38.9303392],[121.6423945,38.9305277],[121.6425143,38.9305742],[121.6419232,38.9317251],[121.641596,38.9316136],[121.6415788,38.9316468],[121.6414817,38.9316183],[121.6414383,38.931692],[121.6414958,38.9317155],[121.641483,38.9317463],[121.6414642,38.9317921],[121.6415396,38.9318506],[121.6415631,38.9319285],[121.6415888,38.9323478],[121.6417503,38.9326296],[121.6418197,38.9327466],[121.6422948,38.9325507],[121.6423312,38.9325918],[121.6414402,38.9329628],[121.6415509,38.9331356],[121.6424524,38.9327815],[121.6425072,38.9328914],[121.6413621,38.9333631],[121.6415204,38.9335928],[121.6426953,38.9331218],[121.6427808,38.9332805],[121.6427713,38.9333388],[121.6426995,38.933368],[121.6425852,38.9333452],[121.6425262,38.9333647],[121.6427058,38.9336608],[121.6429046,38.9336834],[121.6429914,38.9336488],[121.643012,38.9336745],[121.6453009,38.9327274],[121.6457043,38.9333528],[121.6421963,38.9347638],[121.6466611,38.9394049],[121.6468764,38.9396287],[121.6466117,38.9398022],[121.6462756,38.9394646],[121.6453192,38.9400346],[121.6456187,38.9403541],[121.6423558,38.942345],[121.6427182,38.9426234],[121.6441471,38.9436665],[121.6447203,38.9440142],[121.6450455,38.9441872],[121.6452679,38.9442803],[121.6453545,38.9442745],[121.6453787,38.944331],[121.6453303,38.944378],[121.6452351,38.9443278],[121.6450093,38.9442333],[121.6446797,38.9440579],[121.6441034,38.9437076],[121.6426706,38.9426625],[121.6422901,38.9423772],[121.6398168,38.9405227],[121.6375748,38.9388987],[121.6366934,38.9396175],[121.6332962,38.9382997],[121.6282303,38.9363494],[121.6289902,38.9350919],[121.629401,38.9350249],[121.6294188,38.9349271],[121.6292562,38.9348751],[121.6293684,38.9346987],[121.6293085,38.9345656],[121.6294711,38.9343326],[121.6289834,38.9345057],[121.6287438,38.9344258],[121.6286068,38.9345855],[121.6280848,38.9344724],[121.6278538,38.9345456],[121.6275115,38.9343992],[121.6271436,38.9349982],[121.6248417,38.9341196],[121.6259518,38.9323192],[121.6242769,38.9316833]]}},{"type":"Feature","id":"way/154543104","properties":{"natural":"coastline","source":"PGS","id":"way/154543104"},"geometry":{"type":"LineString","coordinates":[[121.67284,38.9311916],[121.6728049,38.9312838],[121.6728169,38.9314221],[121.672832,38.9317043],[121.6727694,38.9319903],[121.6723985,38.9327015],[121.670832,38.9322066],[121.6705488,38.9321592],[121.670134,38.9321249],[121.6695409,38.932141],[121.6690682,38.9321023],[121.6687399,38.9320271],[121.6683215,38.9318727],[121.6677904,38.9315681],[121.6674976,38.9313874],[121.6670823,38.9312217],[121.6666862,38.931205],[121.666235,38.9313486],[121.6663415,38.9315438],[121.6660758,38.9316316],[121.6663605,38.9321569],[121.6682131,38.9355743],[121.6681029,38.9356166],[121.667235,38.9340032],[121.6670316,38.9340734],[121.6662508,38.9326539],[121.6646266,38.9331786],[121.6619818,38.9283387],[121.6591801,38.9292538]]}},{"type":"Feature","id":"way/165499574","properties":{"highway":"unclassified","name":"安阳街","name:en":"Anyang Street","name:zh":"安阳街","name:zh-Latn-pinyin":"ānyáng jiē","surface":"asphalt","id":"way/165499574"},"geometry":{"type":"LineString","coordinates":[[121.6454333,38.9227492],[121.6454607,38.9226982],[121.6457668,38.9221281],[121.6460729,38.9215663]]}},{"type":"Feature","id":"way/165956538","properties":{"highway":"tertiary","name":"民康街","name:en":"Minkang Street","name:zh":"民康街","name:zh-Latn-pinyin":"mínkāng jiē","id":"way/165956538"},"geometry":{"type":"LineString","coordinates":[[121.6377877,38.920887],[121.6376487,38.9209065],[121.6362978,38.9211064],[121.636096,38.9211375]]}},{"type":"Feature","id":"way/166559785","properties":{"alt_name":"丹东线","alt_name:en":"Dandong - Dongxing Highway","alt_name:zh":"丹东线","highway":"trunk","name":"春海街","name:en":"Chunhai Street","name:zh":"春海街","name:zh-Latn-pinyin":"chūnhǎi jiē","ref":"G228","id":"way/166559785"},"geometry":{"type":"LineString","coordinates":[[121.6727421,38.9204651],[121.6727343,38.920368],[121.6727188,38.9203147],[121.6726972,38.9202738],[121.6714129,38.9186403],[121.671346,38.9185551],[121.6712998,38.9184965],[121.670983,38.9180935],[121.6709516,38.9180535],[121.6709191,38.9180121],[121.6708835,38.9179669],[121.6708636,38.9179416],[121.6708366,38.9179072]]}},{"type":"Feature","id":"way/166669737","properties":{"access":"destination","highway":"unclassified","name":"保定街","name:en":"Baoding Street","name:zh":"保定街","name:zh-Latn-pinyin":"bǎodìng jiē","surface":"asphalt","id":"way/166669737"},"geometry":{"type":"LineString","coordinates":[[121.6489992,38.9157043],[121.6489481,38.9175394],[121.6488928,38.9193648],[121.648892,38.9193896],[121.6489153,38.9194349],[121.6490335,38.9196644],[121.6490673,38.920071],[121.6491408,38.9202132],[121.6493017,38.9203013],[121.6493792,38.920394],[121.649456,38.920477]]}},{"type":"Feature","id":"way/166669739","properties":{"highway":"unclassified","name":"向明街","name:en":"Xiangming Street","name:zh":"向明街","name:zh-Latn-pinyin":"xiàngmíng jiē","id":"way/166669739"},"geometry":{"type":"LineString","coordinates":[[121.6502883,38.9181587],[121.6519481,38.9178356]]}},{"type":"Feature","id":"way/166669741","properties":{"highway":"living_street","name":"济南街","name:en":"Jinan Street","name:zh":"济南街","name:zh-Latn-pinyin":"jìnán jiē","id":"way/166669741"},"geometry":{"type":"LineString","coordinates":[[121.6503168,38.9162328],[121.651764,38.9161223],[121.6518687,38.9161143],[121.6531673,38.9158557],[121.6531751,38.9144126]]}},{"type":"Feature","id":"way/166804677","properties":{"highway":"unclassified","name":"独立街","name:en":"Duli Street","name:zh":"独立街","name:zh-Latn-pinyin":"dúlì jiē","surface":"asphalt","id":"way/166804677"},"geometry":{"type":"LineString","coordinates":[[121.6383078,38.9125283],[121.6382546,38.9135225],[121.6381598,38.915079],[121.6380312,38.9163196],[121.6380303,38.9163987],[121.6379314,38.9177895]]}},{"type":"Feature","id":"way/166804678","properties":{"highway":"unclassified","name":"金城街","name:en":"Jincheng Street","name:zh":"金城街","name:zh-Latn-pinyin":"jīnchéng jiē","id":"way/166804678"},"geometry":{"type":"LineString","coordinates":[[121.6402475,38.9180459],[121.6402816,38.9175269],[121.6403152,38.9170572],[121.6403272,38.9167978],[121.6404191,38.9158484],[121.6404709,38.9147209],[121.6405703,38.9136138],[121.6406311,38.9126191]]}},{"type":"Feature","id":"way/205746478","properties":{"highway":"secondary_link","name:ru":"Шуганг","oneway":"yes","id":"way/205746478"},"geometry":{"type":"LineString","coordinates":[[121.6327832,38.9261918],[121.632824,38.926244],[121.6328291,38.9262583],[121.6328695,38.9263708],[121.6328803,38.9265592]]}},{"type":"Feature","id":"way/205746479","properties":{"highway":"secondary","name":"先进街","name:ru":"Шуганг","oneway":"no","id":"way/205746479"},"geometry":{"type":"LineString","coordinates":[[121.6310217,38.929613],[121.6295929,38.9293346],[121.6287312,38.9290977],[121.6278899,38.9288705]]}},{"type":"Feature","id":"way/205747579","properties":{"highway":"tertiary","name":"胜利街","oneway":"yes","id":"way/205747579"},"geometry":{"type":"LineString","coordinates":[[121.6341049,38.9300308],[121.6341679,38.9298839],[121.6341817,38.9297928],[121.6341071,38.9294483],[121.6339677,38.9289264],[121.6337293,38.9279552],[121.6336592,38.9276624],[121.6334258,38.9267148],[121.6333899,38.9266693],[121.6333372,38.9266558],[121.6329966,38.9266238],[121.6328512,38.9266102]]}},{"type":"Feature","id":"way/205747668","properties":{"highway":"tertiary","name":"兆麟街","oneway":"yes","id":"way/205747668"},"geometry":{"type":"LineString","coordinates":[[121.6320938,38.9318731],[121.6328661,38.9311356],[121.6335681,38.930503],[121.6339904,38.9301315],[121.6341049,38.9300308]]}},{"type":"Feature","id":"way/205860857","properties":{"highway":"primary","name":"长江路","name:en":"Changjiang Road","name:zh":"长江路","oneway":"yes","id":"way/205860857"},"geometry":{"type":"LineString","coordinates":[[121.6527694,38.9257778],[121.6525499,38.9258321],[121.6505214,38.925813],[121.6503344,38.9257995],[121.6501469,38.9257763],[121.6497948,38.9257103],[121.6496295,38.9256952],[121.6491204,38.925692],[121.649046,38.9256916],[121.6489375,38.9256902],[121.6488513,38.925689],[121.6487286,38.9256874],[121.6486059,38.9256858],[121.6474034,38.9256698],[121.6459683,38.9256507],[121.645842,38.9256491],[121.6436802,38.9256203],[121.6434609,38.9256174],[121.6432501,38.9256157],[121.6422666,38.9256029]]}},{"type":"Feature","id":"way/205861251","properties":{"highway":"tertiary","name":"文林街","id":"way/205861251"},"geometry":{"type":"LineString","coordinates":[[121.6420626,38.9275282],[121.6427122,38.926081]]}},{"type":"Feature","id":"way/205861252","properties":{"highway":"tertiary","name":"新生街","oneway":"yes","id":"way/205861252"},"geometry":{"type":"LineString","coordinates":[[121.6420626,38.9275282],[121.6417676,38.9282075],[121.641656,38.9283897],[121.6414165,38.9285254],[121.6411423,38.9287174],[121.6410286,38.9287484],[121.6408812,38.928752],[121.6407381,38.9287518],[121.6406085,38.928714],[121.6401754,38.9284081],[121.6382379,38.9275522]]}},{"type":"Feature","id":"way/205861269","properties":{"highway":"secondary","name":"民主广场","name:ru":"площадь Демократии","oneway":"yes","id":"way/205861269"},"geometry":{"type":"LineString","coordinates":[[121.6432473,38.925047],[121.6433062,38.9250586],[121.6433782,38.9250807],[121.6435492,38.9251495],[121.6436041,38.925192],[121.643645,38.9252375],[121.6436803,38.9252988],[121.6437055,38.9253674],[121.6437081,38.9254672],[121.6437019,38.925542],[121.6436802,38.9256203],[121.6436218,38.9257179],[121.643534,38.9257973],[121.6433857,38.9258886],[121.6433607,38.925901],[121.6431096,38.9260259],[121.6430406,38.9260489],[121.6429889,38.9260662],[121.6428877,38.9260844],[121.6427956,38.9260879],[121.6427122,38.926081],[121.6426055,38.9260523],[121.6425024,38.9260112],[121.6424097,38.9259409]]}},{"type":"Feature","id":"way/205861856","properties":{"highway":"secondary","lanes":"5","lanes:backward":"3","lanes:forward":"2","name":"世纪街","surface":"asphalt","id":"way/205861856"},"geometry":{"type":"LineString","coordinates":[[121.6458392,38.9199551],[121.6458177,38.9199935],[121.6455748,38.920447],[121.6451411,38.9212829]]}},{"type":"Feature","id":"way/206672378","properties":{"highway":"residential","name":"烟台街","name:ru":"улица Янтай","id":"way/206672378"},"geometry":{"type":"LineString","coordinates":[[121.6297812,38.9246098],[121.629758,38.924663],[121.6293354,38.9256317],[121.6290131,38.9263708],[121.6287871,38.9268889],[121.6285275,38.927484],[121.6284854,38.9275805]]}},{"type":"Feature","id":"way/206672380","properties":{"highway":"tertiary","name":"海洋街","oneway":"yes","id":"way/206672380"},"geometry":{"type":"LineString","coordinates":[[121.6339677,38.9289264],[121.6319544,38.9281162]]}},{"type":"Feature","id":"way/206672382","properties":{"highway":"tertiary","name":"功勋街","oneway":"yes","id":"way/206672382"},"geometry":{"type":"LineString","coordinates":[[121.6305944,38.9302825],[121.6328661,38.9311356]]}},{"type":"Feature","id":"way/206672384","properties":{"highway":"tertiary","name":"宁海街","oneway":"yes","id":"way/206672384"},"geometry":{"type":"LineString","coordinates":[[121.6323735,38.9274461],[121.6337293,38.9279552]]}},{"type":"Feature","id":"way/206672385","properties":{"highway":"tertiary","name":"创造街","id":"way/206672385"},"geometry":{"type":"LineString","coordinates":[[121.6394131,38.9306062],[121.6390972,38.930631],[121.6389917,38.9306393],[121.6384598,38.9306812],[121.6369461,38.9308004],[121.6368248,38.9307711],[121.6365201,38.9307756],[121.6353068,38.9303516],[121.6351359,38.9302912],[121.6345482,38.9300439],[121.6341679,38.9298839]]}},{"type":"Feature","id":"way/206672387","properties":{"highway":"tertiary","name":"先进街","oneway":"yes","id":"way/206672387"},"geometry":{"type":"LineString","coordinates":[[121.6335681,38.930503],[121.6310217,38.929613]]}},{"type":"Feature","id":"way/206672390","properties":{"highway":"unclassified","name":"创造街","id":"way/206672390"},"geometry":{"type":"LineString","coordinates":[[121.6407381,38.9287518],[121.6407195,38.9288823]]}},{"type":"Feature","id":"way/206672391","properties":{"highway":"tertiary","name":"民乐街","oneway":"yes","id":"way/206672391"},"geometry":{"type":"LineString","coordinates":[[121.6314863,38.9288641],[121.6341679,38.9298839]]}},{"type":"Feature","id":"way/206817241","properties":{"highway":"unclassified","name":"白玉街","name:en":"Baiyu Street","name:zh":"白玉街","name:zh-Latn-pinyin":"báiyù jiē","oneway":"yes","surface":"asphalt","id":"way/206817241"},"geometry":{"type":"LineString","coordinates":[[121.6366235,38.920021],[121.6366611,38.919951],[121.6369751,38.9193649],[121.637161,38.9190462],[121.6372756,38.9188814],[121.6373988,38.9188875],[121.6380565,38.9189012],[121.6388569,38.9189227],[121.6389866,38.9189262],[121.6390828,38.9189474],[121.6396251,38.9190668],[121.6400751,38.9191658],[121.6400978,38.9191744],[121.6402011,38.9192257]]}},{"type":"Feature","id":"way/207164719","properties":{"highway":"tertiary","name":"北海街","oneway":"yes","id":"way/207164719"},"geometry":{"type":"LineString","coordinates":[[121.6301755,38.930939],[121.6300243,38.930883],[121.6282386,38.9302214],[121.6271599,38.9298448],[121.626388,38.9295526],[121.6261841,38.9293523],[121.6260876,38.9291771],[121.6260876,38.9289267],[121.6262024,38.9283354],[121.6262579,38.9279095],[121.6262722,38.9277395],[121.6262514,38.927622],[121.6262245,38.9275376],[121.6261963,38.9274742],[121.6261545,38.927405]]}},{"type":"Feature","id":"way/207164720","properties":{"highway":"unclassified","id":"way/207164720"},"geometry":{"type":"LineString","coordinates":[[121.6578377,38.9290049],[121.658002,38.9289257],[121.6581476,38.9288345],[121.6583232,38.9287195],[121.6585176,38.9286064],[121.6586899,38.9285233],[121.659427,38.9282852],[121.6608762,38.9278089]]}},{"type":"Feature","id":"way/207170329","properties":{"highway":"unclassified","id":"way/207170329"},"geometry":{"type":"LineString","coordinates":[[121.6480551,38.9316967],[121.6481449,38.9318751],[121.6483097,38.9320873],[121.6512262,38.9374352]]}},{"type":"Feature","id":"way/207408323","properties":{"highway":"tertiary","name":"疏港路辅路","name:en":"Shugang Road Side Road","name:zh":"疏港路辅路","oneway":"yes","source":"bing","id":"way/207408323"},"geometry":{"type":"LineString","coordinates":[[121.6259383,38.9301805],[121.6262963,38.9303163],[121.6265933,38.9304457],[121.6273509,38.9307888],[121.6290146,38.931416],[121.6307042,38.9320519],[121.6309219,38.9321339],[121.6312323,38.9322353],[121.6315919,38.9323388],[121.6318864,38.9324031],[121.6321402,38.9324451],[121.6323902,38.9324797]]}},{"type":"Feature","id":"way/207409291","properties":{"highway":"tertiary","lanes":"2","name":"疏港路辅路","name:en":"Shugang Road Side Road","name:zh":"疏港路辅路","oneway":"yes","id":"way/207409291"},"geometry":{"type":"LineString","coordinates":[[121.6317441,38.9325573],[121.6314114,38.9324696],[121.631107,38.932374],[121.6308347,38.9322804],[121.6306143,38.9321978],[121.6252335,38.930182],[121.6250353,38.930096],[121.624855,38.9299989],[121.6244768,38.9297658]]}},{"type":"Feature","id":"way/207825710","properties":{"highway":"secondary","junction":"roundabout","name":"三八广场","name:en":"Sanba Square","name:ru":"площадь Санба","oneway":"yes","surface":"asphalt","id":"way/207825710"},"geometry":{"type":"LineString","coordinates":[[121.6517768,38.9188463],[121.6517652,38.9188098],[121.6517859,38.9186936],[121.6518896,38.9185632],[121.6519602,38.9184919],[121.6520606,38.9183426],[121.6521076,38.9182681],[121.6522616,38.9183284],[121.6524198,38.9183534],[121.6525134,38.9183456],[121.6525996,38.9183171]]}},{"type":"Feature","id":"way/207825711","properties":{"highway":"tertiary","name":"职工街","name:en":"Zhigong Street","name:zh":"职工街","name:zh-Latn-pinyin":"zhígōng jiē","source":"BG2YF","surface":"asphalt","id":"way/207825711"},"geometry":{"type":"LineString","coordinates":[[121.6507167,38.9219804],[121.6511154,38.9211651],[121.65164,38.9200922],[121.6511771,38.9197561],[121.6505488,38.9193],[121.6503687,38.9191692],[121.6503124,38.9191283],[121.6503116,38.9190957],[121.6502989,38.9185852],[121.6502883,38.9181587],[121.6502998,38.9173368],[121.6503168,38.9162328],[121.6503215,38.915407]]}},{"type":"Feature","id":"way/207830151","properties":{"highway":"unclassified","name":"北斗街","oneway":"yes","id":"way/207830151"},"geometry":{"type":"LineString","coordinates":[[121.6644775,38.9196897],[121.6642069,38.9197199],[121.6628686,38.9198787],[121.6612366,38.9200724],[121.6599682,38.9202229],[121.6594658,38.9202825],[121.658934,38.920346],[121.6587352,38.9203376],[121.6575667,38.9203152],[121.6574263,38.9203125],[121.6554826,38.9201251],[121.653113,38.9198825],[121.652717,38.9198419]]}},{"type":"Feature","id":"way/207830154","properties":{"highway":"unclassified","name":"春和街","id":"way/207830154"},"geometry":{"type":"LineString","coordinates":[[121.6615784,38.9216898],[121.6615312,38.9214665],[121.6614406,38.9209822],[121.6612366,38.9200724],[121.6610151,38.9190092],[121.6610038,38.918971]]}},{"type":"Feature","id":"way/207830155","properties":{"highway":"unclassified","name":"荣民街","oneway":"yes","id":"way/207830155"},"geometry":{"type":"LineString","coordinates":[[121.6637731,38.9165551],[121.6639905,38.9175138],[121.6640884,38.9179131]]}},{"type":"Feature","id":"way/207830156","properties":{"highway":"unclassified","id":"way/207830156"},"geometry":{"type":"LineString","coordinates":[[121.6659042,38.9183051],[121.6658882,38.918237],[121.6657949,38.9178391],[121.6656658,38.917289],[121.6654688,38.9163778],[121.6656861,38.9155579],[121.6658768,38.9148897]]}},{"type":"Feature","id":"way/207830157","properties":{"highway":"unclassified","name":"春华街","id":"way/207830157"},"geometry":{"type":"LineString","coordinates":[[121.6640712,38.9147531],[121.6644644,38.9148115],[121.6649483,38.9146312],[121.6658768,38.9148897],[121.6671343,38.9152449],[121.6672376,38.9152741],[121.6672017,38.9158585],[121.6670989,38.916704],[121.6674813,38.9181704],[121.6674937,38.9182204]]}},{"type":"Feature","id":"way/207830158","properties":{"highway":"unclassified","name":"勤俭街","oneway":"yes","id":"way/207830158"},"geometry":{"type":"LineString","coordinates":[[121.6531932,38.9208635],[121.6553044,38.921146],[121.657156,38.9213019],[121.6574005,38.9213008],[121.6598119,38.9211626],[121.6614406,38.9209822],[121.6630642,38.9208197]]}},{"type":"Feature","id":"way/207830160","properties":{"highway":"unclassified","id":"way/207830160"},"geometry":{"type":"LineString","coordinates":[[121.6703395,38.9186233],[121.6701653,38.9182408],[121.6701516,38.9182106],[121.6701404,38.918171],[121.6697849,38.9164029],[121.6696129,38.9155624],[121.6694608,38.9147852],[121.6693806,38.9147115],[121.669266,38.9146062],[121.6691674,38.9141669],[121.668999,38.9134169],[121.6689786,38.9131768],[121.6689925,38.9126179],[121.6689608,38.9125359],[121.6688082,38.9124356],[121.6686406,38.912416],[121.6682923,38.9124643],[121.6682075,38.9124014],[121.668142,38.911877],[121.6680891,38.9117926],[121.6680134,38.9117681],[121.667616,38.9118221],[121.6673132,38.9117926],[121.6670861,38.9118663],[121.6670293,38.9120282],[121.6670672,38.9122786],[121.6670356,38.9124111],[121.6668275,38.9126614],[121.6666634,38.91274],[121.6663985,38.9127252],[121.6661221,38.9126518],[121.6659679,38.9126395],[121.6658935,38.9127009],[121.665856,38.9128872],[121.6658118,38.9131081],[121.6660326,38.9141094],[121.6660384,38.9141466],[121.6660642,38.9143107],[121.6658623,38.9147377],[121.6658768,38.9148897]]}},{"type":"Feature","id":"way/207875585","properties":{"alt_name":"丹东线","alt_name:en":"Dandong - Dongxing Highway","alt_name:zh":"丹东线","bridge":"yes","highway":"trunk","layer":"1","name":"疏港路","name:en":"Shugang Road","name:ru":"Портовая дорога","name:zh":"疏港路","oneway":"yes","ref":"G228","id":"way/207875585"},"geometry":{"type":"LineString","coordinates":[[121.651674,38.925762],[121.6505538,38.925746],[121.6503874,38.9257577],[121.6502252,38.925788],[121.6500631,38.9258364],[121.6499095,38.9258952],[121.6492899,38.926235],[121.6490884,38.9263324],[121.648895,38.9264149],[121.6486722,38.9264954],[121.6452888,38.9276417],[121.6447896,38.9278109],[121.6445166,38.9279211],[121.6442519,38.9280605],[121.6440689,38.9281963],[121.6438939,38.9283608],[121.6437575,38.9285108],[121.6436593,38.9286472],[121.6434769,38.9289623],[121.6433787,38.9291072]]}},{"type":"Feature","id":"way/207889484","properties":{"highway":"unclassified","name":"新柳街","oneway":"yes","id":"way/207889484"},"geometry":{"type":"LineString","coordinates":[[121.6630642,38.9208197],[121.6628686,38.9198787],[121.66265,38.9188167],[121.6626375,38.9187674]]}},{"type":"Feature","id":"way/207889485","properties":{"highway":"unclassified","name":"捷胜街","id":"way/207889485"},"geometry":{"type":"LineString","coordinates":[[121.6596091,38.9152039],[121.6593146,38.9170069],[121.6593343,38.9171038],[121.65953,38.9180668]]}},{"type":"Feature","id":"way/207889487","properties":{"highway":"unclassified","name":"太阳街","source":"gps","id":"way/207889487"},"geometry":{"type":"LineString","coordinates":[[121.6553044,38.921146],[121.6554826,38.9201251],[121.655575,38.9195965],[121.6556541,38.9191437],[121.65566,38.9191099]]}},{"type":"Feature","id":"way/207889488","properties":{"highway":"unclassified","id":"way/207889488"},"geometry":{"type":"LineString","coordinates":[[121.6615312,38.9214665],[121.663155,38.9212563]]}},{"type":"Feature","id":"way/207895027","properties":{"highway":"unclassified","name":"连海街","id":"way/207895027"},"geometry":{"type":"LineString","coordinates":[[121.6282386,38.9302214],[121.6287312,38.9290977],[121.6292194,38.9280249],[121.6293959,38.9275551],[121.6293659,38.9274737]]}},{"type":"Feature","id":"way/207895028","properties":{"highway":"unclassified","id":"way/207895028"},"geometry":{"type":"LineString","coordinates":[[121.6309929,38.9286774],[121.6301098,38.9271947]]}},{"type":"Feature","id":"way/208006985","properties":{"foot":"yes","highway":"tertiary","name":"胜利广场","id":"way/208006985"},"geometry":{"type":"LineString","coordinates":[[121.6292788,38.9182093],[121.6291374,38.9184221],[121.6290976,38.9184805],[121.6288153,38.918903],[121.6285565,38.9192903],[121.6284413,38.9194627]]}},{"type":"Feature","id":"way/212636249","properties":{"highway":"primary","name":"友好广场","name:en":"Youhao Square roundabout","name:ru":"площадь Дружбы","name:zh":"友好广场","name:zh-Latn-pinyin":"Yǒuhǎo guǎngchǎng huándǎo","oneway":"yes","id":"way/212636249"},"geometry":{"type":"LineString","coordinates":[[121.6338783,38.9191107],[121.6341751,38.9191607],[121.6342944,38.9191622],[121.6344405,38.9191518]]}},{"type":"Feature","id":"way/217403689","properties":{"highway":"unclassified","name":"学士街","surface":"asphalt","id":"way/217403689"},"geometry":{"type":"LineString","coordinates":[[121.6532431,38.917448],[121.6545681,38.9175784],[121.6559181,38.9177113],[121.6568482,38.9178028],[121.6581089,38.9179367]]}},{"type":"Feature","id":"way/217980875","properties":{"highway":"unclassified","name":"修竹街","id":"way/217980875"},"geometry":{"type":"LineString","coordinates":[[121.640845,38.9271644],[121.6420626,38.9275282]]}},{"type":"Feature","id":"way/217980877","properties":{"highway":"secondary","oneway":"yes","id":"way/217980877"},"geometry":{"type":"LineString","coordinates":[[121.6326881,38.92604],[121.6327188,38.9260557],[121.6327461,38.9260697],[121.6327928,38.9260697],[121.6328635,38.9260379]]}},{"type":"Feature","id":"way/217980881","properties":{"highway":"residential","name":"创造街","id":"way/217980881"},"geometry":{"type":"LineString","coordinates":[[121.6406087,38.9296361],[121.6406009,38.9296732],[121.6405808,38.9297061],[121.6405467,38.9297348],[121.6404894,38.9297551],[121.6401804,38.9298092],[121.640084,38.9298326],[121.6400095,38.9298698],[121.6399508,38.9299214],[121.6394787,38.9305226],[121.6394469,38.9305631],[121.6394131,38.9306062],[121.639339,38.9307004],[121.6392353,38.9308325],[121.6391617,38.9309263],[121.6389622,38.9311803],[121.6389081,38.9312492],[121.6388264,38.9313532]]}},{"type":"Feature","id":"way/217980883","properties":{"bridge":"yes","highway":"trunk_link","layer":"1","oneway":"yes","id":"way/217980883"},"geometry":{"type":"LineString","coordinates":[[121.6418047,38.9302139],[121.6419532,38.9301918],[121.6421018,38.9301823],[121.6432031,38.9302372],[121.6433184,38.9302375],[121.6434356,38.9302299],[121.6435615,38.9302093],[121.6436902,38.9301719],[121.6438281,38.9301155],[121.6439564,38.9300437],[121.6440736,38.9299521],[121.6441628,38.9298932],[121.6442686,38.9298437],[121.6443872,38.9298023],[121.6445289,38.9297688],[121.6446625,38.9297551],[121.6447844,38.929756],[121.6449075,38.9297706],[121.6450399,38.9297999],[121.6451724,38.9298482],[121.6452976,38.9299038],[121.6466549,38.9306424]]}},{"type":"Feature","id":"way/217980892","properties":{"highway":"tertiary","name":"发达街","oneway":"yes","id":"way/217980892"},"geometry":{"type":"LineString","coordinates":[[121.6428877,38.9260844],[121.6435595,38.9268986],[121.6439469,38.9273478],[121.6440502,38.9275031],[121.6441207,38.9276549],[121.6441806,38.9277842],[121.6443077,38.9279859],[121.6444459,38.9281546],[121.6446356,38.9283106],[121.6450299,38.9285454],[121.6459706,38.9290855],[121.6461434,38.9291834],[121.646289,38.9292855],[121.6463722,38.929361],[121.646434,38.9294307]]}},{"type":"Feature","id":"way/217980894","properties":{"highway":"secondary","oneway":"yes","id":"way/217980894"},"geometry":{"type":"LineString","coordinates":[[121.6336702,38.9253246],[121.6338885,38.9251278],[121.6339799,38.9250015],[121.6340631,38.9248873],[121.6340543,38.9248689],[121.6340564,38.9248338],[121.6340565,38.9247961],[121.6340565,38.9247545]]}},{"type":"Feature","id":"way/217980902","properties":{"highway":"service","id":"way/217980902"},"geometry":{"type":"LineString","coordinates":[[121.6388378,38.9314701],[121.6389404,38.9325211],[121.6389548,38.9326686],[121.6390156,38.9332911],[121.6389991,38.9333534],[121.6389468,38.9334059],[121.6385646,38.9335525],[121.6385239,38.9335682],[121.6384473,38.9335975],[121.6382294,38.9336811],[121.6387677,38.9347554],[121.6390979,38.9349701],[121.6391618,38.9349944],[121.6398023,38.9352376],[121.6401749,38.9352986],[121.6406337,38.9352962],[121.6444577,38.9337459]]}},{"type":"Feature","id":"way/217980906","properties":{"bridge":"yes","highway":"secondary","lanes":"2","layer":"1","name":"胜利桥","name:ru":"мост Победы","oneway":"yes","id":"way/217980906"},"geometry":{"type":"LineString","coordinates":[[121.6328635,38.9260379],[121.6336702,38.9253246]]}},{"type":"Feature","id":"way/217980926","properties":{"bridge":"yes","highway":"residential","layer":"1","name":"创造街","id":"way/217980926"},"geometry":{"type":"LineString","coordinates":[[121.6407195,38.9288823],[121.6406087,38.9296361]]}},{"type":"Feature","id":"way/218052476","properties":{"highway":"residential","name":"福寿街","id":"way/218052476"},"geometry":{"type":"LineString","coordinates":[[121.6502641,38.922843],[121.6489095,38.922415],[121.6471303,38.9218749]]}},{"type":"Feature","id":"way/218054294","properties":{"highway":"secondary","name":"民生街","source":"gps","id":"way/218054294"},"geometry":{"type":"LineString","coordinates":[[121.6384005,38.9255553],[121.638364,38.9261221],[121.6383114,38.9267376],[121.6382379,38.9275522]]}},{"type":"Feature","id":"way/218623086","properties":{"highway":"secondary","name":"上海路","name:ru":"Шуганг","oneway":"yes","id":"way/218623086"},"geometry":{"type":"LineString","coordinates":[[121.6330242,38.9261368],[121.6329931,38.9262318],[121.6329534,38.9263531],[121.6328803,38.9265592],[121.6328512,38.9266102],[121.6328378,38.9266335],[121.6323735,38.9274461],[121.6319544,38.9281162],[121.6314863,38.9288641],[121.6310217,38.929613],[121.6305944,38.9302825],[121.6303141,38.9307347]]}},{"type":"Feature","id":"way/218623100","properties":{"highway":"unclassified","id":"way/218623100"},"geometry":{"type":"LineString","coordinates":[[121.6299186,38.9205143],[121.6297228,38.9210069],[121.6294862,38.9212817],[121.6296865,38.9215311],[121.630131,38.9221593],[121.630456,38.9226421],[121.6307444,38.9230939],[121.6308297,38.9231807],[121.6320982,38.9240072]]}},{"type":"Feature","id":"way/219032034","properties":{"highway":"service","oneway":"yes","service":"parking_aisle","id":"way/219032034"},"geometry":{"type":"LineString","coordinates":[[121.6301661,38.9202033],[121.630115,38.9202505],[121.6300898,38.9202739],[121.6299858,38.9203438],[121.6296009,38.920511],[121.6295531,38.9205318],[121.629457,38.9206141],[121.6293186,38.9207327],[121.6292018,38.9208329],[121.6290687,38.9209469],[121.6289715,38.9210302],[121.6289209,38.921028],[121.6286051,38.9208167],[121.6283516,38.9206331],[121.6284342,38.9205066],[121.6285442,38.920364],[121.6286234,38.9202391],[121.6287073,38.9200818],[121.6288161,38.9199669],[121.6288779,38.9199341],[121.6289299,38.9199416],[121.6298464,38.9202572],[121.6298791,38.9202549],[121.62991,38.9202448],[121.6299486,38.9202242],[121.6299819,38.9201963],[121.6300282,38.9201515]]}},{"type":"Feature","id":"way/219136029","properties":{"highway":"unclassified","id":"way/219136029"},"geometry":{"type":"LineString","coordinates":[[121.6532524,38.9257824],[121.6532162,38.9266207],[121.6532396,38.9267232],[121.6532922,38.9267752],[121.6533904,38.9268214],[121.6534999,38.9268587],[121.6536323,38.9268604],[121.6541276,38.9268054],[121.654689,38.926642],[121.6547871,38.9266474],[121.6548967,38.9266811],[121.6549857,38.9266705],[121.6550519,38.9266349]]}},{"type":"Feature","id":"way/219136031","properties":{"highway":"unclassified","id":"way/219136031"},"geometry":{"type":"LineString","coordinates":[[121.6369381,38.9160149],[121.6369096,38.916107],[121.6366378,38.9169824],[121.6363552,38.9177905]]}},{"type":"Feature","id":"way/219136033","properties":{"highway":"unclassified","name":"民意街","oneway":"yes","id":"way/219136033"},"geometry":{"type":"LineString","coordinates":[[121.642402,38.9254113],[121.6418269,38.9247188],[121.6410607,38.9237961],[121.6402277,38.9228587],[121.6403052,38.9224244]]}},{"type":"Feature","id":"way/219136034","properties":{"highway":"unclassified","name":"兴和街","id":"way/219136034"},"geometry":{"type":"LineString","coordinates":[[121.6541816,38.923281],[121.6532218,38.9235044],[121.6530495,38.9235445]]}},{"type":"Feature","id":"way/219136035","properties":{"highway":"unclassified","name":"兴和街","surface":"asphalt","id":"way/219136035"},"geometry":{"type":"LineString","coordinates":[[121.6474297,38.921298],[121.6488688,38.9217524],[121.6491977,38.9218563],[121.6500139,38.922114],[121.650556,38.9222852],[121.6511556,38.9227088],[121.6517012,38.9231509],[121.6530495,38.9235445]]}},{"type":"Feature","id":"way/219136036","properties":{"highway":"unclassified","id":"way/219136036"},"geometry":{"type":"LineString","coordinates":[[121.6570023,38.9168893],[121.6568482,38.9178028],[121.6567444,38.9184274],[121.6566405,38.9191803],[121.6566363,38.9192162]]}},{"type":"Feature","id":"way/219136037","properties":{"highway":"unclassified","name":"丹东街","id":"way/219136037"},"geometry":{"type":"LineString","coordinates":[[121.653543,38.9217723],[121.6527225,38.9223971],[121.6517012,38.9231509],[121.6513389,38.923881],[121.6510655,38.9244203],[121.6510383,38.924474],[121.6509375,38.9245247],[121.6504273,38.925637]]}},{"type":"Feature","id":"way/219136038","properties":{"highway":"unclassified","name":"安民街","id":"way/219136038"},"geometry":{"type":"LineString","coordinates":[[121.6460995,38.9184806],[121.6448283,38.9186336],[121.644747,38.9181741],[121.6446093,38.917357]]}},{"type":"Feature","id":"way/219136040","properties":{"highway":"primary_link","oneway":"yes","surface":"asphalt","id":"way/219136040"},"geometry":{"type":"LineString","coordinates":[[121.6338783,38.9191107],[121.6341447,38.9191953],[121.6342266,38.9192299],[121.6342887,38.9192671],[121.6342953,38.9192983],[121.6342726,38.9193328],[121.6342345,38.9193444],[121.6341584,38.9193462],[121.6340476,38.9193235],[121.6338597,38.9192649]]}},{"type":"Feature","id":"way/219136597","properties":{"highway":"primary","lanes":"3","name":"中山路","name:en":"Zhongshan Lu","name:ru":"улица Суня Ятсена","oneway":"yes","surface":"asphalt","id":"way/219136597"},"geometry":{"type":"LineString","coordinates":[[121.6338597,38.9192649],[121.63143,38.918541],[121.6294537,38.9179478]]}},{"type":"Feature","id":"way/231923768","properties":{"highway":"primary","name":"五五路","name:ru":"улица Ву-ву","name:zh":"五五路","name:zh-Latn-pinyin":"Wǔwǔ lù","oneway":"yes","id":"way/231923768"},"geometry":{"type":"LineString","coordinates":[[121.6548477,38.9247824],[121.6543766,38.9237414],[121.6541816,38.923281],[121.6541625,38.923236],[121.6536065,38.9219223],[121.653543,38.9217723],[121.6533767,38.9213271],[121.6531932,38.9208635]]}},{"type":"Feature","id":"way/232460473","properties":{"description":"Food and night market street","highway":"pedestrian","name":"中原街","name:en":"Zhongyuan Street","name:zh":"中原街","id":"way/232460473"},"geometry":{"type":"LineString","coordinates":[[121.6324236,38.9171006],[121.6334148,38.9173837]]}},{"type":"Feature","id":"way/232981413","properties":{"highway":"secondary","name":"鲁迅路","name:en":"Luxun Road","name:ru":"Лу Лу","name:zh-Latn-pinyin":"lǔxùn lù","surface":"asphalt","id":"way/232981413"},"geometry":{"type":"LineString","coordinates":[[121.6517768,38.9188463],[121.6503124,38.9191283],[121.648892,38.9193896],[121.6477914,38.9196238]]}},{"type":"Feature","id":"way/232981742","properties":{"highway":"unclassified","name":"太阳街","source":"gps","id":"way/232981742"},"geometry":{"type":"LineString","coordinates":[[121.65566,38.9191099],[121.6556658,38.9190785],[121.6557686,38.9185215],[121.6558067,38.9183274],[121.6558422,38.9181224],[121.6559181,38.9177113],[121.6560745,38.9167887],[121.6564886,38.9146092]]}},{"type":"Feature","id":"way/232981743","properties":{"highway":"unclassified","name":"学士街","id":"way/232981743"},"geometry":{"type":"LineString","coordinates":[[121.6607843,38.9179322],[121.6619002,38.9177859]]}},{"type":"Feature","id":"way/232981744","properties":{"highway":"unclassified","name":"学士街","id":"way/232981744"},"geometry":{"type":"LineString","coordinates":[[121.6624191,38.9177168],[121.6639905,38.9175138],[121.664916,38.9173889],[121.6656658,38.917289]]}},{"type":"Feature","id":"way/232981745","properties":{"highway":"unclassified","name":"新柳街","oneway":"yes","id":"way/232981745"},"geometry":{"type":"LineString","coordinates":[[121.6626375,38.9187674],[121.6626224,38.9186949],[121.6624191,38.9177168]]}},{"type":"Feature","id":"way/232981746","properties":{"highway":"unclassified","name":"新柳街","oneway":"yes","id":"way/232981746"},"geometry":{"type":"LineString","coordinates":[[121.6622151,38.9167358],[121.6619756,38.915669]]}},{"type":"Feature","id":"way/232981747","properties":{"highway":"unclassified","name":"春和街","id":"way/232981747"},"geometry":{"type":"LineString","coordinates":[[121.6610038,38.918971],[121.6609909,38.9189096],[121.6607843,38.9179322]]}},{"type":"Feature","id":"way/232981748","properties":{"highway":"unclassified","name":"春和街","id":"way/232981748"},"geometry":{"type":"LineString","coordinates":[[121.6607843,38.9179322],[121.6605757,38.9169452]]}},{"type":"Feature","id":"way/232981754","properties":{"highway":"secondary","name":"鲁迅路","name:en":"Luxun Road","name:zh":"鲁迅路","name:zh-Latn-pinyin":"lǔxùn lù","id":"way/232981754"},"geometry":{"type":"LineString","coordinates":[[121.6610038,38.918971],[121.6626375,38.9187674]]}},{"type":"Feature","id":"way/232981755","properties":{"highway":"secondary","name":"鲁迅路","name:en":"Luxun Road","name:zh":"鲁迅路","name:zh-Latn-pinyin":"lǔxùn lù","id":"way/232981755"},"geometry":{"type":"LineString","coordinates":[[121.6642152,38.9185566],[121.6649691,38.9184469],[121.6659042,38.9183051],[121.666533,38.9182716],[121.6674937,38.9182204],[121.6681139,38.9182867],[121.6687568,38.9183523],[121.6691473,38.918321],[121.6695467,38.9182807],[121.6696374,38.9182716],[121.6701516,38.9182106]]}},{"type":"Feature","id":"way/233036563","properties":{"highway":"secondary","name":"鲁迅路","name:en":"Luxun Road","name:ru":"Лу Лу","name:zh-Latn-pinyin":"lǔxùn lù","oneway":"yes","surface":"asphalt","id":"way/233036563"},"geometry":{"type":"LineString","coordinates":[[121.6398925,38.920495],[121.6399684,38.9205292],[121.6400434,38.9205557],[121.6401142,38.9205672],[121.6402195,38.9205713],[121.640713,38.9205131],[121.6416716,38.9203996],[121.6418033,38.9203975],[121.6419428,38.9204115]]}},{"type":"Feature","id":"way/233036567","properties":{"highway":"residential","name":"明泽街","id":"way/233036567"},"geometry":{"type":"LineString","coordinates":[[121.643645,38.9252375],[121.6458949,38.9242313]]}},{"type":"Feature","id":"way/233036571","properties":{"highway":"unclassified","name":"安民街","id":"way/233036571"},"geometry":{"type":"LineString","coordinates":[[121.6433464,38.9183442],[121.644747,38.9181741]]}},{"type":"Feature","id":"way/233036579","properties":{"highway":"secondary_link","oneway":"yes","surface":"asphalt","id":"way/233036579"},"geometry":{"type":"LineString","coordinates":[[121.6455748,38.920447],[121.645574,38.9204047],[121.6455711,38.9202607],[121.6455158,38.9201689],[121.6454053,38.9200743],[121.6451866,38.9200393]]}},{"type":"Feature","id":"way/233036580","properties":{"highway":"unclassified","name":"致富街","id":"way/233036580"},"geometry":{"type":"LineString","coordinates":[[121.6491977,38.9218563],[121.6489095,38.922415],[121.6486422,38.9229359],[121.6482915,38.923576],[121.6482687,38.9236177],[121.648147,38.9236641],[121.6479386,38.9240575],[121.6477943,38.9243669],[121.647664,38.9246846],[121.6474861,38.925129],[121.6474407,38.9253041],[121.647413,38.925464],[121.647407,38.9255928],[121.6474034,38.9256698]]}},{"type":"Feature","id":"way/233036656","properties":{"highway":"primary","name":"友好广场","name:en":"Youhao Square roundabout","name:ru":"площадь Дружбы","name:zh":"友好广场","name:zh-Latn-pinyin":"Yǒuhǎo guǎngchǎng huándǎo","oneway":"yes","surface":"asphalt","id":"way/233036656"},"geometry":{"type":"LineString","coordinates":[[121.6344898,38.9196527],[121.63436,38.9195781],[121.6341478,38.9194265],[121.6340061,38.9193349],[121.6338597,38.9192649]]}},{"type":"Feature","id":"way/233036662","properties":{"highway":"tertiary","name":"解放街","name:en":"Jiefang Street","name:ru":"улица Освобождения","name:zh":"解放街","name:zh-Latn-pinyin":"jiěfàng jiē","oneway":"yes","id":"way/233036662"},"geometry":{"type":"LineString","coordinates":[[121.6411087,38.9181988],[121.6408166,38.9185232],[121.6405861,38.9187793],[121.6405225,38.91885],[121.6403835,38.9190125],[121.6402011,38.9192257]]}},{"type":"Feature","id":"way/233036663","properties":{"highway":"tertiary","name":"解放街","name:en":"Jiefang Street","name:ru":"улица Освобождения","name:zh":"解放街","name:zh-Latn-pinyin":"jiěfàng jiē","oneway":"yes","id":"way/233036663"},"geometry":{"type":"LineString","coordinates":[[121.6414981,38.9177401],[121.6411399,38.9181608],[121.6411087,38.9181988]]}},{"type":"Feature","id":"way/233036664","properties":{"highway":"tertiary","name":"解放街","name:en":"Jiefang Street","name:ru":"улица Освобождения","name:zh":"解放街","name:zh-Latn-pinyin":"jiěfàng jiē","oneway":"yes","id":"way/233036664"},"geometry":{"type":"LineString","coordinates":[[121.6415846,38.9168325],[121.6415541,38.9173071]]}},{"type":"Feature","id":"way/233036665","properties":{"highway":"tertiary","name":"解放街","name:en":"Jiefang Street","name:ru":"улица Освобождения","name:zh":"解放街","name:zh-Latn-pinyin":"jiěfàng jiē","oneway":"yes","id":"way/233036665"},"geometry":{"type":"LineString","coordinates":[[121.6418142,38.9136505],[121.6417111,38.9147901],[121.6416578,38.9158935],[121.6415846,38.9168325]]}},{"type":"Feature","id":"way/233036671","properties":{"highway":"unclassified","name":"一德街","name:en":"Yide Street","name:zh":"一德街","name:zh-Latn-pinyin":"yīdé jiē","id":"way/233036671"},"geometry":{"type":"LineString","coordinates":[[121.6390436,38.9178322],[121.639152,38.9178514],[121.6396113,38.917933],[121.6396938,38.9179476],[121.6402475,38.9180459],[121.6408515,38.9181531],[121.6409819,38.9181763],[121.6411087,38.9181988]]}},{"type":"Feature","id":"way/233036672","properties":{"highway":"unclassified","name":"一德街","name:en":"Yide Street","name:zh":"一德街","name:zh-Latn-pinyin":"yīdé jiē","id":"way/233036672"},"geometry":{"type":"LineString","coordinates":[[121.6411087,38.9181988],[121.6416064,38.9184997],[121.6422659,38.9189701],[121.6423564,38.9190347],[121.6434584,38.9188681]]}},{"type":"Feature","id":"way/233036679","properties":{"highway":"tertiary","name":"友好路","name:en":"Youhao Road","name:zh":"友好路","name:zh-Latn-pinyin":"yǒuhǎo lù","source":"gps","id":"way/233036679"},"geometry":{"type":"LineString","coordinates":[[121.6342195,38.9231964],[121.6342034,38.9233323],[121.6340627,38.9245166],[121.6340569,38.9245653],[121.6340544,38.924645],[121.6340565,38.9247545]]}},{"type":"Feature","id":"way/233036680","properties":{"highway":"unclassified","name":"安阳街","name:en":"Anyang Street","name:zh":"安阳街","name:zh-Latn-pinyin":"ānyáng jiē","id":"way/233036680"},"geometry":{"type":"LineString","coordinates":[[121.6463218,38.9198633],[121.6463173,38.919841],[121.6460995,38.9184806]]}},{"type":"Feature","id":"way/233036681","properties":{"highway":"unclassified","lanes":"2","name":"安阳街","name:en":"Anyang Street","name:zh":"安阳街","name:zh-Latn-pinyin":"ānyáng jiē","surface":"asphalt","id":"way/233036681"},"geometry":{"type":"LineString","coordinates":[[121.6458623,38.9172122],[121.6456192,38.9158902],[121.6456217,38.9149629]]}},{"type":"Feature","id":"way/233036682","properties":{"highway":"secondary","name":"延安路","name:en":"Yan'an Road","name:zh":"延安路","name:zh-Latn-pinyin":"yánān lù","oneway":"yes","source":"gps","id":"way/233036682"},"geometry":{"type":"LineString","coordinates":[[121.6391005,38.9167616],[121.6391482,38.9161099],[121.6392024,38.9154657],[121.6392066,38.9153984]]}},{"type":"Feature","id":"way/233036683","properties":{"highway":"secondary","name":"延安路","name:en":"Yan'an Road","name:zh":"延安路","name:zh-Latn-pinyin":"yánān lù","oneway":"yes","source":"gps","id":"way/233036683"},"geometry":{"type":"LineString","coordinates":[[121.6390436,38.9178322],[121.6390977,38.9168218],[121.6391005,38.9167616]]}},{"type":"Feature","id":"way/233036685","properties":{"highway":"tertiary","name":"杏林街","name:en":"Xinlin Street","name:zh":"杏林街","name:zh-Latn-pinyin":"xìnglín jiē","source":"gps","surface":"asphalt","id":"way/233036685"},"geometry":{"type":"LineString","coordinates":[[121.6472717,38.9170679],[121.6487697,38.9174131],[121.6489481,38.9175394],[121.6491499,38.9174979],[121.6502998,38.9173368],[121.6517489,38.9171499],[121.6518699,38.9171307],[121.6520185,38.9170683],[121.6521183,38.9169753],[121.6531673,38.9158557],[121.6552578,38.9144385]]}},{"type":"Feature","id":"way/233036691","properties":{"highway":"unclassified","name":"白玉街","name:en":"Baiyu Street","name:zh":"白玉街","name:zh-Latn-pinyin":"báiyù jiē","oneway":"yes","surface":"asphalt","id":"way/233036691"},"geometry":{"type":"LineString","coordinates":[[121.6402011,38.9192257],[121.6417674,38.9202894],[121.6419428,38.9204115]]}},{"type":"Feature","id":"way/233036692","properties":{"highway":"unclassified","name":"白玉街","name:en":"Baiyu Street","name:zh":"白玉街","name:zh-Latn-pinyin":"báiyù jiē","oneway":"yes","surface":"asphalt","id":"way/233036692"},"geometry":{"type":"LineString","coordinates":[[121.6419428,38.9204115],[121.6419143,38.9204763],[121.641739,38.9208679],[121.6414967,38.9213374],[121.6414501,38.9214401],[121.6414227,38.9215014],[121.6413884,38.9215778]]}},{"type":"Feature","id":"way/233252085","properties":{"highway":"primary","lanes":"6","name":"人民路","name:en":"Renmin Road","name:ru":"Народная улица","oneway":"yes","id":"way/233252085"},"geometry":{"type":"LineString","coordinates":[[121.6464776,38.923149],[121.644598,38.9225695],[121.6445703,38.9225613],[121.6445257,38.9225466]]}},{"type":"Feature","id":"way/233252095","properties":{"highway":"residential","name":"福寿街","id":"way/233252095"},"geometry":{"type":"LineString","coordinates":[[121.6451411,38.9212829],[121.6451015,38.9212651],[121.6443165,38.9210287],[121.6435042,38.920784]]}},{"type":"Feature","id":"way/233252102","properties":{"highway":"residential","name":"福寿街","surface":"asphalt","id":"way/233252102"},"geometry":{"type":"LineString","coordinates":[[121.6471303,38.9218749],[121.6460729,38.9215663],[121.6459259,38.9215232],[121.6451922,38.9212937],[121.6451411,38.9212829]]}},{"type":"Feature","id":"way/233252165","properties":{"highway":"tertiary","name":"明泽街","name:en":"Mingze Street","name:ru":"улица Мингзе","name:zh":"明泽街","name:zh-Latn-pinyin":"míngzé jiē","source":"gps","surface":"asphalt","id":"way/233252165"},"geometry":{"type":"LineString","coordinates":[[121.6465189,38.9230777],[121.6465296,38.9230456],[121.6468184,38.9224636],[121.6471303,38.9218749]]}},{"type":"Feature","id":"way/233252168","properties":{"highway":"tertiary","name":"明泽街","name:en":"Mingze Street","name:ru":"улица Мингзе","name:zh":"明泽街","name:zh-Latn-pinyin":"míngzé jiē","source":"gps","surface":"asphalt","id":"way/233252168"},"geometry":{"type":"LineString","coordinates":[[121.6472717,38.9170679],[121.6470747,38.9158044]]}},{"type":"Feature","id":"way/233252185","properties":{"highway":"secondary","name":"世纪街","id":"way/233252185"},"geometry":{"type":"LineString","coordinates":[[121.6451411,38.9212829],[121.6448883,38.9218478],[121.6445913,38.9224167],[121.6445644,38.9224697]]}},{"type":"Feature","id":"way/233252188","properties":{"highway":"secondary","name":"世纪街","id":"way/233252188"},"geometry":{"type":"LineString","coordinates":[[121.6445257,38.9225466],[121.6444871,38.9226203],[121.6443839,38.9228342],[121.6441751,38.9232223],[121.6439863,38.9235654],[121.6439641,38.9236109],[121.6439376,38.9236596],[121.6436413,38.9242706],[121.6432473,38.925047]]}},{"type":"Feature","id":"way/233266773","properties":{"alt_name":"丹东线","alt_name:en":"Dandong - Dongxing Highway","alt_name:zh":"丹东线","highway":"trunk","junction":"roundabout","lanes":"1","name":"长江东路","name:en":"Changjiang East Road","name:ru":"Портовая площадь","name:zh":"长江东路","oneway":"yes","ref":"G228","id":"way/233266773"},"geometry":{"type":"LineString","coordinates":[[121.6548384,38.9250019],[121.6549812,38.9249759],[121.6551659,38.924962],[121.6553549,38.9249661],[121.6555193,38.9249892],[121.6556767,38.9250234]]}},{"type":"Feature","id":"way/233266794","properties":{"highway":"service","id":"way/233266794"},"geometry":{"type":"LineString","coordinates":[[121.6674593,38.9227225],[121.6673587,38.9228135],[121.6673824,38.9229422],[121.667536,38.923267],[121.6674808,38.9233191],[121.6665395,38.9235735],[121.6660708,38.9226266],[121.6666846,38.9224307],[121.6669924,38.9223325],[121.6671106,38.9223631],[121.6672288,38.9225991],[121.6674143,38.9226312],[121.6674593,38.9227225]]}},{"type":"Feature","id":"way/233266820","properties":{"highway":"living_street","id":"way/233266820"},"geometry":{"type":"LineString","coordinates":[[121.6651426,38.9224075],[121.6647186,38.9215855],[121.6645505,38.9212631],[121.6644521,38.9211834],[121.6642906,38.9211711],[121.6637943,38.9212294],[121.663688,38.921309],[121.6635777,38.9215358],[121.6615612,38.922213],[121.66115,38.9224561]]}},{"type":"Feature","id":"way/233267037","properties":{"embedded_rails":"tram","highway":"primary","name":"长江路","name:en":"Changjiang Road","name:zh":"长江路","oneway":"yes","id":"way/233267037"},"geometry":{"type":"LineString","coordinates":[[121.6421983,38.9255195],[121.6422707,38.9255206],[121.6424495,38.9255214],[121.6425269,38.9255248],[121.6432486,38.9255355],[121.6434793,38.9255389],[121.6437019,38.925542],[121.645846,38.9255714],[121.6459717,38.9255731],[121.647407,38.9255928],[121.648612,38.9256093],[121.6487406,38.9256111],[121.6488693,38.9256128]]}},{"type":"Feature","id":"way/233270370","properties":{"highway":"service","name":"民诚街","id":"way/233270370"},"geometry":{"type":"LineString","coordinates":[[121.6543766,38.9237414],[121.6538703,38.9238809],[121.6532695,38.9250793],[121.6532396,38.9251405],[121.6532051,38.9252106]]}},{"type":"Feature","id":"way/237584075","properties":{"highway":"tertiary_link","oneway":"yes","surface":"asphalt","id":"way/237584075"},"geometry":{"type":"LineString","coordinates":[[121.6348433,38.9196956],[121.6347609,38.9197529],[121.6346913,38.9198095],[121.6346357,38.9198572],[121.6345898,38.9199158]]}},{"type":"Feature","id":"way/237584081","properties":{"highway":"tertiary_link","oneway":"yes","surface":"asphalt","id":"way/237584081"},"geometry":{"type":"LineString","coordinates":[[121.6345898,38.9199158],[121.6345825,38.9198533],[121.6345731,38.9198099],[121.634546,38.9197381],[121.6344898,38.9196527]]}},{"type":"Feature","id":"way/237584096","properties":{"highway":"primary_link","oneway":"yes","surface":"asphalt","id":"way/237584096"},"geometry":{"type":"LineString","coordinates":[[121.6350419,38.9193026],[121.6351762,38.9194412],[121.6352676,38.9195084],[121.6353612,38.9195509]]}},{"type":"Feature","id":"way/237584098","properties":{"highway":"primary","name":"人民路","oneway":"yes","id":"way/237584098"},"geometry":{"type":"LineString","coordinates":[[121.6399183,38.9208669],[121.6399494,38.9209372],[121.6399715,38.9209808],[121.6400119,38.92102],[121.6400801,38.921064],[121.6401504,38.9210991],[121.6402536,38.9211417],[121.6414227,38.9215014],[121.6415055,38.9215249],[121.6429198,38.9219561]]}},{"type":"Feature","id":"way/237584099","properties":{"highway":"primary","oneway":"yes","id":"way/237584099"},"geometry":{"type":"LineString","coordinates":[[121.6376565,38.9202774],[121.6377617,38.9202971],[121.6378383,38.92029],[121.6379511,38.9202518],[121.6380521,38.9201861]]}},{"type":"Feature","id":"way/237584100","properties":{"highway":"unclassified","oneway":"yes","id":"way/237584100"},"geometry":{"type":"LineString","coordinates":[[121.6344898,38.9196527],[121.6343953,38.919645],[121.6342844,38.9196436],[121.6341942,38.919645],[121.6340843,38.9196658]]}},{"type":"Feature","id":"way/237584102","properties":{"highway":"unclassified","oneway":"yes","id":"way/237584102"},"geometry":{"type":"LineString","coordinates":[[121.6340843,38.9196658],[121.6341439,38.9196072],[121.6341508,38.9195438],[121.6341335,38.9194871],[121.6340884,38.9194089],[121.6340061,38.9193349]]}},{"type":"Feature","id":"way/237584117","properties":{"bridge":"yes","highway":"service","layer":"1","oneway":"yes","id":"way/237584117"},"geometry":{"type":"LineString","coordinates":[[121.6296805,38.9207293],[121.6290922,38.9212418],[121.6289846,38.9213148],[121.6288874,38.9213236],[121.6288234,38.921301],[121.6287378,38.9212607],[121.6280284,38.9207876],[121.6279848,38.920731],[121.6279717,38.9206736],[121.6279866,38.920606],[121.6280237,38.9205474],[121.6285506,38.9199384]]}},{"type":"Feature","id":"way/239896889","properties":{"highway":"primary","name":"友好广场环岛","name:en":"Youhao Square roundabout","name:ru":"площадь Дружбы","name:zh":"友好广场","name:zh-Latn-pinyin":"Yǒuhǎo guǎngchǎng huándǎo","oneway":"yes","surface":"asphalt","id":"way/239896889"},"geometry":{"type":"LineString","coordinates":[[121.6348433,38.9196956],[121.6347193,38.9196988],[121.6346158,38.9196835],[121.6344898,38.9196527]]}},{"type":"Feature","id":"way/239896890","properties":{"highway":"pedestrian","id":"way/239896890"},"geometry":{"type":"LineString","coordinates":[[121.6309068,38.9196038],[121.6310486,38.9196478],[121.6325116,38.9201207],[121.6328079,38.9202164]]}},{"type":"Feature","id":"way/239896895","properties":{"highway":"unclassified","name":"永和街","id":"way/239896895"},"geometry":{"type":"LineString","coordinates":[[121.630131,38.9221593],[121.6305123,38.9219988],[121.63137,38.9216367],[121.6314009,38.9216236],[121.6314296,38.9216127],[121.631465,38.9216002],[121.6315,38.9215837],[121.6316203,38.921536],[121.6321865,38.9213118],[121.6322307,38.9212914],[121.6322599,38.9212594],[121.6322503,38.9212117],[121.6319793,38.9207798]]}},{"type":"Feature","id":"way/249408338","properties":{"highway":"primary","name":"朝阳街","name:en":"Chaoyang Street","name:ru":"Улица Чаоян","name:zh":"朝阳街","name:zh-Latn-pinyin":"cháoyáng jiē","oneway":"yes","surface":"asphalt","id":"way/249408338"},"geometry":{"type":"LineString","coordinates":[[121.655664,38.9145034],[121.6556405,38.9145295],[121.6539955,38.9165413],[121.6536621,38.9169431],[121.6532431,38.917448],[121.652975,38.9178031],[121.6527193,38.9181372],[121.6525996,38.9183171]]}},{"type":"Feature","id":"way/249408618","properties":{"highway":"tertiary","name":"玉光街","name:en":"Yuguang Street","name:zh":"玉光街","name:zh-Latn-pinyin":"yùguāng jiē","oneway":"yes","id":"way/249408618"},"geometry":{"type":"LineString","coordinates":[[121.6354416,38.9168011],[121.6353857,38.9167619],[121.6353163,38.9167228],[121.6346737,38.9165195],[121.6340547,38.9163364],[121.6339447,38.916299]]}},{"type":"Feature","id":"way/252843822","properties":{"highway":"unclassified","name":"海洋街","id":"way/252843822"},"geometry":{"type":"LineString","coordinates":[[121.6319544,38.9281162],[121.6311404,38.926808]]}},{"type":"Feature","id":"way/260054158","properties":{"highway":"primary","name":"友好广场","name:en":"Youhao Square roundabout","name:ru":"площадь Дружбы","name:zh":"友好广场","name:zh-Latn-pinyin":"Yǒuhǎo guǎngchǎng huándǎo","oneway":"yes","surface":"asphalt","id":"way/260054158"},"geometry":{"type":"LineString","coordinates":[[121.6350419,38.9193026],[121.6350711,38.9193867],[121.6350704,38.9194494],[121.635053,38.9195198],[121.6350192,38.919571],[121.6349618,38.919635]]}},{"type":"Feature","id":"way/260054160","properties":{"foot":"yes","footway":"sidewalk","highway":"footway","id":"way/260054160"},"geometry":{"type":"LineString","coordinates":[[121.6396354,38.9200236],[121.6397062,38.9200758],[121.639767,38.9201409],[121.6398458,38.920232],[121.639945,38.9203622],[121.6399996,38.9204667]]}},{"type":"Feature","id":"way/260054163","properties":{"foot":"yes","footway":"sidewalk","highway":"footway","id":"way/260054163"},"geometry":{"type":"LineString","coordinates":[[121.6394723,38.9215602],[121.6393262,38.921609],[121.6391492,38.9216572],[121.6390161,38.9216925],[121.6388729,38.9217186]]}},{"type":"Feature","id":"way/260054531","properties":{"highway":"primary","junction":"roundabout","lanes":"4","name":"中山广场","name:en":"Zhongshang Square","name:ru":"площадь Суня Ятсена","old_name":"Николаевская площадь","old_name:ru":"Николаевская площадь","oneway":"yes","surface":"asphalt","id":"way/260054531"},"geometry":{"type":"LineString","coordinates":[[121.639467,38.9200534],[121.639587,38.9201265],[121.6396816,38.9201982],[121.6397645,38.920279],[121.6398367,38.9203838],[121.6398925,38.920495]]}},{"type":"Feature","id":"way/260063899","properties":{"foot":"yes","highway":"footway","surface":"paving_stones","id":"way/260063899"},"geometry":{"type":"LineString","coordinates":[[121.6389789,38.9212165],[121.6390757,38.9211867],[121.6391845,38.9211433],[121.6392639,38.9210907],[121.6393304,38.9210282],[121.6393927,38.920941],[121.6394433,38.9207836],[121.6394338,38.920715],[121.6394094,38.9206227],[121.6393697,38.9205477],[121.639314,38.9204792],[121.6392438,38.9204192],[121.6391614,38.9203696],[121.639056,38.9203301],[121.6389593,38.9203051],[121.6388448,38.9202953],[121.63873,38.9203026],[121.6386081,38.9203302],[121.6385283,38.9203613],[121.6384462,38.9204071],[121.6383752,38.920463],[121.6383172,38.9205274],[121.6382694,38.9206035],[121.6382421,38.9206943],[121.6382412,38.920707],[121.6382381,38.9207542],[121.6382362,38.9207829],[121.638252,38.9208708],[121.6382889,38.9209549],[121.6383698,38.9210569],[121.6384815,38.9211396],[121.6386166,38.9211975],[121.6387348,38.9212231],[121.6388573,38.9212295],[121.6389789,38.9212165]]}},{"type":"Feature","id":"way/260241529","properties":{"embedded_rails":"tram","highway":"secondary","name":"长江路","name:en":"Changjiang Road","name:zh":"长江路","oneway":"yes","id":"way/260241529"},"geometry":{"type":"LineString","coordinates":[[121.6343835,38.9250504],[121.6344399,38.9251099],[121.634506,38.9251795],[121.634564,38.9252339],[121.6346232,38.9252782],[121.6346823,38.925313],[121.6347632,38.9253509],[121.6348927,38.9253885],[121.6350233,38.9254031],[121.6355852,38.9254129],[121.6366497,38.9254196],[121.6384072,38.9254579]]}},{"type":"Feature","id":"way/260241534","properties":{"highway":"tertiary","name":"昆明街","name:en":"Kunming Street","name:zh":"昆明街","name:zh-Latn-pinyin":"kūnmíng jiē","source":"gps","id":"way/260241534"},"geometry":{"type":"LineString","coordinates":[[121.6333529,38.9175156],[121.6322378,38.9181129],[121.6321832,38.9181445],[121.631868,38.9183149],[121.6316578,38.9184335]]}},{"type":"Feature","id":"way/260241535","properties":{"highway":"tertiary","name":"昆明街","name:en":"Kunming Street","name:zh":"昆明街","name:zh-Latn-pinyin":"kūnmíng jiē","source":"gps","id":"way/260241535"},"geometry":{"type":"LineString","coordinates":[[121.6339447,38.916299],[121.6339226,38.9163429],[121.6337098,38.9167719],[121.6334148,38.9173837],[121.6333529,38.9175156]]}},{"type":"Feature","id":"way/260241538","properties":{"highway":"secondary","name":"上海路","oneway":"yes","id":"way/260241538"},"geometry":{"type":"LineString","coordinates":[[121.6355254,38.9239598],[121.6355861,38.9239022],[121.6360867,38.9234277],[121.6361551,38.9233628],[121.6366501,38.9229036],[121.6370679,38.9224849],[121.6374875,38.9220553],[121.6380391,38.9214983],[121.6381266,38.9214114]]}},{"type":"Feature","id":"way/260241539","properties":{"highway":"tertiary","name":"向前街","name:en":"Xiangqian Street","name:zh":"向前街","name:zh-Latn-pinyin":"xiàngqián jiē","source":"gps","id":"way/260241539"},"geometry":{"type":"LineString","coordinates":[[121.6339013,38.918328],[121.633879,38.9182961],[121.6333955,38.9175765],[121.6333529,38.9175156]]}},{"type":"Feature","id":"way/260241542","properties":{"highway":"tertiary","name":"玉光街","name:en":"Yuguang Street","name:zh":"玉光街","name:zh-Latn-pinyin":"yùguāng jiē","oneway":"yes","id":"way/260241542"},"geometry":{"type":"LineString","coordinates":[[121.6339447,38.916299],[121.6337764,38.9162508],[121.6329386,38.9160108],[121.6322584,38.915816],[121.6321644,38.915789],[121.6320724,38.9157627],[121.6319416,38.9157252]]}},{"type":"Feature","id":"way/260241562","properties":{"highway":"secondary","name":"民主广场","name:ru":"площадь Демократии","oneway":"yes","id":"way/260241562"},"geometry":{"type":"LineString","coordinates":[[121.6421983,38.9255195],[121.6422723,38.9254815],[121.6423266,38.9254533],[121.642402,38.9254113],[121.6425414,38.9253378],[121.6428794,38.9251735],[121.642953,38.9251196],[121.6430076,38.9250793],[121.643155,38.925041],[121.6432094,38.9250406],[121.6432473,38.925047]]}},{"type":"Feature","id":"way/260241564","properties":{"embedded_rails":"tram","highway":"secondary","name":"长江路","oneway":"yes","id":"way/260241564"},"geometry":{"type":"LineString","coordinates":[[121.6384072,38.9254579],[121.6392456,38.9254719],[121.6400911,38.9254861],[121.6414523,38.9255113],[121.6421983,38.9255195]]}},{"type":"Feature","id":"way/277226842","properties":{"highway":"primary","name":"友好广场环岛","name:en":"Youhao Square roundabout","name:ru":"площадь Дружбы","name:zh":"友好广场","name:zh-Latn-pinyin":"Yǒuhǎo guǎngchǎng huándǎo","oneway":"yes","surface":"asphalt","id":"way/277226842"},"geometry":{"type":"LineString","coordinates":[[121.6349885,38.9192442],[121.6350419,38.9193026]]}},{"type":"Feature","id":"way/277226843","properties":{"highway":"primary","name":"友好广场","name:en":"Youhao Square roundabout","name:ru":"площадь Дружбы","name:zh":"友好广场","name:zh-Latn-pinyin":"Yǒuhǎo guǎngchǎng huándǎo","oneway":"yes","surface":"asphalt","id":"way/277226843"},"geometry":{"type":"LineString","coordinates":[[121.6344405,38.9191518],[121.6345772,38.9191439],[121.6347374,38.9191475],[121.6348947,38.9191848],[121.6349885,38.9192442]]}},{"type":"Feature","id":"way/277226846","properties":{"highway":"unclassified","name":"一德街","name:en":"Yide Street","name:zh":"一德街","name:zh-Latn-pinyin":"yīdé jiē","id":"way/277226846"},"geometry":{"type":"LineString","coordinates":[[121.6368311,38.9183194],[121.6375984,38.9179499],[121.6379314,38.9177895],[121.6389101,38.9178206],[121.6390436,38.9178322]]}},{"type":"Feature","id":"way/277226855","properties":{"highway":"tertiary","name":"玉光街","name:en":"Yuguang Street","name:zh":"玉光街","name:zh-Latn-pinyin":"yùguāng jiē","id":"way/277226855"},"geometry":{"type":"LineString","coordinates":[[121.6368311,38.9183194],[121.6367604,38.9182365],[121.6363829,38.9178219],[121.6363552,38.9177905]]}},{"type":"Feature","id":"way/277313421","properties":{"highway":"primary","name":"解放路","name:en":"Jiefang Road","name:ru":"улица Джефанг","name:zh":"解放路","name:zh-Latn-pinyin":"jiěfàng lù","oneway":"yes","source":"gps","id":"way/277313421"},"geometry":{"type":"LineString","coordinates":[[121.6325431,38.9148071],[121.6324705,38.9149426],[121.6320724,38.9157627],[121.6320231,38.9158534],[121.6315644,38.9168015],[121.6315388,38.9168555],[121.6315083,38.9169223],[121.631348,38.9172643]]}},{"type":"Feature","id":"way/277313424","properties":{"highway":"primary","lanes":"3","name":"中山路","name:en":"Zhongshan Lu","name:ru":"улица Суня Ятсена","oneway":"yes","surface":"asphalt","id":"way/277313424"},"geometry":{"type":"LineString","coordinates":[[121.6316578,38.9184335],[121.6338783,38.9191107]]}},{"type":"Feature","id":"way/277350197","properties":{"highway":"secondary","lanes":"4","name":"武汉街","name:en":"Wuhan Street","name:ru":"Уханьская улица","name:zh":"武汉街","name:zh-Latn-pinyin":"wǔhàn jiē","oneway":"yes","source":"gps","id":"way/277350197"},"geometry":{"type":"LineString","coordinates":[[121.6369381,38.9160149],[121.6370005,38.9160319],[121.6380312,38.9163196],[121.638963,38.9167127],[121.6391005,38.9167616],[121.6392087,38.9167749],[121.6397731,38.9167877],[121.6403272,38.9167978],[121.6409649,38.9168126],[121.6415846,38.9168325]]}},{"type":"Feature","id":"way/277350206","properties":{"highway":"service","id":"way/277350206"},"geometry":{"type":"LineString","coordinates":[[121.664916,38.9173889],[121.664697,38.9165161],[121.6647523,38.9162313]]}},{"type":"Feature","id":"way/277350209","properties":{"highway":"service","id":"way/277350209"},"geometry":{"type":"LineString","coordinates":[[121.660299,38.9157871],[121.6601214,38.9158736],[121.6599192,38.9161615],[121.660007,38.9167077],[121.6615702,38.9164883],[121.6614704,38.9159719],[121.660299,38.9157871]]}},{"type":"Feature","id":"way/277350417","properties":{"highway":"tertiary","name":"友好路","name:en":"Youhao Road","name:zh":"友好路","name:zh-Latn-pinyin":"yǒuhǎo lù","oneway":"yes","id":"way/277350417"},"geometry":{"type":"LineString","coordinates":[[121.6347374,38.9191475],[121.6347799,38.9190065],[121.6351262,38.9178582],[121.6354146,38.9169019],[121.6354416,38.9168011],[121.6356395,38.9161563],[121.6357393,38.9158252],[121.6357747,38.9156948]]}},{"type":"Feature","id":"way/277350424","properties":{"highway":"tertiary","name":"春德街","name:en":"Chunde Street","name:zh":"春德街","name:zh-Latn-pinyin":"chūndé jiē","id":"way/277350424"},"geometry":{"type":"LineString","coordinates":[[121.6636749,38.9160234],[121.6647523,38.9162313],[121.6654688,38.9163778],[121.6670989,38.916704]]}},{"type":"Feature","id":"way/277568484","properties":{"highway":"secondary","name":"鲁迅路","name:en":"Luxun Road","name:ru":"Лу Лу","name:zh-Latn-pinyin":"lǔxùn lù","surface":"asphalt","id":"way/277568484"},"geometry":{"type":"LineString","coordinates":[[121.6431839,38.920269],[121.6419428,38.9204115]]}},{"type":"Feature","id":"way/277568510","properties":{"highway":"pedestrian","name":"天津街","name:en":"Tianjin Street","name:zh":"天津街","id":"way/277568510"},"geometry":{"type":"LineString","coordinates":[[121.6369847,38.9230899],[121.6382404,38.9239211],[121.6383975,38.9240014],[121.6385655,38.9240679]]}},{"type":"Feature","id":"way/277568522","properties":{"highway":"tertiary_link","oneway":"yes","id":"way/277568522"},"geometry":{"type":"LineString","coordinates":[[121.6415541,38.9173071],[121.6416004,38.9173596],[121.6416509,38.9174045],[121.641811,38.9175141],[121.6419269,38.9175849],[121.6420068,38.9176224],[121.6420729,38.9176492],[121.6421518,38.9176677]]}},{"type":"Feature","id":"way/277568537","properties":{"highway":"service","service":"parking_aisle","surface":"asphalt","id":"way/277568537"},"geometry":{"type":"LineString","coordinates":[[121.6359844,38.9187538],[121.6362893,38.9191385],[121.6363517,38.9191585],[121.6369189,38.9193465],[121.6369751,38.9193649]]}},{"type":"Feature","id":"way/277569613","properties":{"highway":"tertiary","name":"玉光街","name:en":"Yuguang Street","name:zh":"玉光街","name:zh-Latn-pinyin":"yùguāng jiē","id":"way/277569613"},"geometry":{"type":"LineString","coordinates":[[121.6377255,38.91945],[121.6375265,38.9191984],[121.6373597,38.9189877],[121.6372756,38.9188814],[121.6368791,38.91838],[121.6368311,38.9183194]]}},{"type":"Feature","id":"way/287650195","properties":{"bridge":"yes","highway":"secondary","layer":"1","name":"港湾桥","oneway":"yes","id":"way/287650195"},"geometry":{"type":"LineString","coordinates":[[121.6564577,38.9282282],[121.6557972,38.9270239],[121.6555677,38.9266002],[121.6554795,38.9264762],[121.6553944,38.9263451],[121.6552369,38.9260599]]}},{"type":"Feature","id":"way/299173707","properties":{"handrail":"yes","highway":"pedestrian","name":"天津街","id":"way/299173707"},"geometry":{"type":"LineString","coordinates":[[121.6366501,38.9229036],[121.6369847,38.9230899]]}},{"type":"Feature","id":"way/299173724","properties":{"highway":"pedestrian","name":"天津街","id":"way/299173724"},"geometry":{"type":"LineString","coordinates":[[121.6344246,38.9223308],[121.6364878,38.9228541],[121.6366501,38.9229036]]}},{"type":"Feature","id":"way/299173725","properties":{"highway":"unclassified","name":"天津街","name:en":"Tianjin Street","name:zh":"天津街","surface":"asphalt","id":"way/299173725"},"geometry":{"type":"LineString","coordinates":[[121.640098,38.9243333],[121.6410607,38.9237961],[121.6416568,38.9234634],[121.6423063,38.9231276],[121.642976,38.9233105],[121.643175,38.9233696],[121.6438165,38.92357],[121.643877,38.9235875],[121.6439252,38.9235996],[121.6439641,38.9236109],[121.6439993,38.9236206],[121.6440352,38.9236322],[121.6458949,38.9242313]]}},{"type":"Feature","id":"way/314354002","properties":{"highway":"primary","lanes":"6","name":"港浦路","name:en":"Gangpu Road","oneway":"yes","source":"gps","surface":"asphalt","id":"way/314354002"},"geometry":{"type":"LineString","coordinates":[[121.7102155,38.9137666],[121.709865,38.9140265],[121.7095588,38.9142519],[121.7092063,38.9144839],[121.7089407,38.9146614],[121.7086789,38.914821],[121.7083979,38.9149835],[121.7081208,38.9151372],[121.7078345,38.9152684],[121.7074401,38.9154471],[121.7070074,38.9156406],[121.7063412,38.9158906],[121.7054213,38.9162144],[121.7020688,38.9173311],[121.6984116,38.9185665],[121.6952582,38.919614],[121.692368,38.9205666],[121.6892638,38.9215969],[121.6867924,38.9224281],[121.6867169,38.9224513],[121.684854,38.9230648],[121.6826152,38.9238157],[121.6803429,38.9245697],[121.6767242,38.9257763],[121.6743055,38.9265671],[121.6729032,38.926994],[121.6726822,38.9270661],[121.6724257,38.9271224],[121.6720742,38.9271672],[121.6718191,38.927194],[121.6715911,38.9271899],[121.6713262,38.9271651],[121.6707983,38.9270968],[121.6702655,38.9270214],[121.6697869,38.9269672],[121.6695269,38.9269587],[121.669443,38.926956],[121.6689969,38.9269689],[121.668738,38.9269937],[121.6684737,38.9270242],[121.6682057,38.9270733],[121.6678789,38.9271552],[121.6674906,38.9272764],[121.6671409,38.9274102],[121.6669176,38.9275048],[121.6667143,38.9276072]]}},{"type":"Feature","id":"way/314354003","properties":{"highway":"secondary_link","oneway":"yes","id":"way/314354003"},"geometry":{"type":"LineString","coordinates":[[121.6524232,38.9302062],[121.6525616,38.9300474],[121.6527395,38.9299204],[121.6529487,38.9298337],[121.6538613,38.9295353],[121.6561386,38.9288101],[121.6564226,38.9287823],[121.6567446,38.9287869]]}},{"type":"Feature","id":"way/314354005","properties":{"highway":"secondary","name:en":"Renmin Road","name:ru":"Народная улица","oneway":"yes","source":"gps","id":"way/314354005"},"geometry":{"type":"LineString","coordinates":[[121.665232,38.9287258],[121.6653462,38.928821],[121.665953,38.9290317],[121.6677163,38.9295753],[121.667826,38.9296091],[121.6681017,38.9296941],[121.6683152,38.9297273],[121.6685244,38.9297255],[121.668741,38.9296627],[121.6689589,38.9295146],[121.669065,38.9293389],[121.6691054,38.9291422],[121.6690558,38.9287183],[121.6690404,38.9285945],[121.6689684,38.9280363],[121.6688094,38.9275039],[121.668738,38.9269937]]}},{"type":"Feature","id":"way/316073022","properties":{"highway":"unclassified","id":"way/316073022"},"geometry":{"type":"LineString","coordinates":[[121.6324236,38.9171006],[121.6327131,38.9164912],[121.6329247,38.9160416],[121.6329386,38.9160108]]}},{"type":"Feature","id":"way/316073032","properties":{"highway":"residential","id":"way/316073032"},"geometry":{"type":"LineString","coordinates":[[121.6396938,38.9179476],[121.6397731,38.9167877],[121.6398408,38.9155979],[121.6398966,38.9146953],[121.6399649,38.9135833]]}},{"type":"Feature","id":"way/359262549","properties":{"highway":"service","service":"parking_aisle","id":"way/359262549"},"geometry":{"type":"LineString","coordinates":[[121.6347123,38.9213529],[121.6347107,38.9214473],[121.6347281,38.9218159],[121.6352308,38.9218258]]}},{"type":"Feature","id":"way/359262551","properties":{"highway":"primary_link","oneway":"yes","id":"way/359262551"},"geometry":{"type":"LineString","coordinates":[[121.6552369,38.9260599],[121.6551676,38.9259876],[121.6550641,38.9259225],[121.6549283,38.9258737],[121.6546952,38.9257964]]}},{"type":"Feature","id":"way/377252990","properties":{"highway":"tertiary","lanes":"4","name":"港兴路","surface":"asphalt","id":"way/377252990"},"geometry":{"type":"LineString","coordinates":[[121.6634532,38.928222],[121.6635553,38.9280423],[121.6637335,38.9277681],[121.6640142,38.9274462],[121.6644005,38.9270924],[121.6648317,38.9267572],[121.6654004,38.926415],[121.6657343,38.926214],[121.6664594,38.9259118],[121.6670628,38.9257268],[121.6677783,38.9255546],[121.6681897,38.9254581],[121.668851,38.9253998],[121.6690319,38.9253916],[121.6700546,38.9253951],[121.6709795,38.9254934],[121.6712548,38.92551],[121.6713411,38.9255153],[121.6717005,38.925537],[121.6721565,38.9255134],[121.6725696,38.9254896],[121.6729965,38.9254263],[121.67336,38.9253483],[121.6737314,38.9252276],[121.6740334,38.9251363],[121.6752717,38.9247036],[121.6758059,38.9245117],[121.6792339,38.9232927],[121.6793553,38.9232484],[121.6794317,38.9232206],[121.6816329,38.9224181],[121.6838086,38.9216364],[121.6857195,38.9209498],[121.6881815,38.9200704],[121.6895436,38.9195758],[121.6912208,38.9189779],[121.6940192,38.9179489],[121.6971493,38.9168231],[121.7007691,38.9155058],[121.7040622,38.9143028],[121.7069236,38.9132694],[121.7094018,38.9123636]]}},{"type":"Feature","id":"way/379988055","properties":{"highway":"residential","id":"way/379988055"},"geometry":{"type":"LineString","coordinates":[[121.6773994,38.9166924],[121.675477,38.9177233],[121.6754216,38.917753],[121.6753662,38.9177827],[121.6752972,38.9178197]]}},{"type":"Feature","id":"way/462742416","properties":{"foot":"yes","highway":"unclassified","int_name":"Longsheng Xiang","name":"隆盛巷","name:en":"Longsheng Alley","name:zh":"隆盛巷","oneway":"no","id":"way/462742416"},"geometry":{"type":"LineString","coordinates":[[121.6385102,38.9245638],[121.6400965,38.9247488]]}},{"type":"Feature","id":"way/462979797","properties":{"access":"no","bicycle":"yes","foot":"yes","highway":"pedestrian","horse":"yes","motor_vehicle":"no","name":"天津街","name:en":"Tianjin Street","name:zh":"天津街","oneway":"no","id":"way/462979797"},"geometry":{"type":"LineString","coordinates":[[121.6385655,38.9240679],[121.6389298,38.9241504],[121.640098,38.9243333]]}},{"type":"Feature","id":"way/480867764","properties":{"highway":"unclassified","id":"way/480867764"},"geometry":{"type":"LineString","coordinates":[[121.6720742,38.9271672],[121.6721007,38.927357],[121.6721659,38.9278228],[121.6721785,38.9279414],[121.6721667,38.9280343],[121.6720899,38.9281019],[121.671972,38.9281537],[121.6696092,38.9289345],[121.6694453,38.9289537],[121.6692576,38.9288994],[121.6690558,38.9287183]]}},{"type":"Feature","id":"way/482289982","properties":{"bridge":"yes","highway":"trunk","layer":"1","name":"疏港路","name:ru":"Портовая дорога","oneway":"yes","id":"way/482289982"},"geometry":{"type":"LineString","coordinates":[[121.6466074,38.9306949],[121.6452562,38.9299626],[121.6451318,38.9299046],[121.6450108,38.9298622],[121.6448998,38.9298373],[121.6447836,38.9298247],[121.6446683,38.9298232],[121.6445461,38.9298343],[121.6444209,38.9298621],[121.6443118,38.9299005],[121.6442251,38.9299437],[121.644137,38.9299984],[121.6440192,38.9300893],[121.6438846,38.9301708],[121.643726,38.9302374],[121.6435805,38.9302775],[121.6434548,38.930298],[121.6433285,38.9303052],[121.6431981,38.9303038],[121.6425903,38.9302701],[121.6424203,38.9302749],[121.6422439,38.930297],[121.6420514,38.9303391],[121.639715,38.9311203]]}},{"type":"Feature","id":"way/482289986","properties":{"bridge":"yes","highway":"trunk","lanes":"4","layer":"2","name":"疏港路","name:en":"Shugang Road","name:ru":"Северо-Западное шоссе","name:zh":"疏港路","oneway":"yes","ref":"G228","id":"way/482289986"},"geometry":{"type":"LineString","coordinates":[[121.639715,38.9311203],[121.6355948,38.9324978],[121.6353125,38.93259],[121.6349918,38.9326669],[121.6347118,38.9327168],[121.6343437,38.9327538],[121.6340586,38.9327669],[121.6337668,38.9327594],[121.6334616,38.93274],[121.6331376,38.9327112],[121.6324759,38.9326312],[121.6321106,38.9325677],[121.6317523,38.9324871],[121.6314101,38.9324003],[121.6310098,38.9322695],[121.6305989,38.9321263],[121.6261404,38.9303972]]}},{"type":"Feature","id":"way/482649495","properties":{"highway":"service","id":"way/482649495"},"geometry":{"type":"LineString","coordinates":[[121.6688094,38.9275039],[121.6692161,38.9274546]]}},{"type":"Feature","id":"way/482649496","properties":{"highway":"service","id":"way/482649496"},"geometry":{"type":"LineString","coordinates":[[121.6689684,38.9280363],[121.6693123,38.9280001]]}},{"type":"Feature","id":"way/482649497","properties":{"highway":"service","id":"way/482649497"},"geometry":{"type":"LineString","coordinates":[[121.6690404,38.9285945],[121.6694094,38.9285509]]}},{"type":"Feature","id":"way/482649499","properties":{"highway":"service","oneway":"yes","service":"parking_aisle","id":"way/482649499"},"geometry":{"type":"LineString","coordinates":[[121.665953,38.9290317],[121.6658934,38.9291278]]}},{"type":"Feature","id":"way/482649501","properties":{"highway":"tertiary","name":"港东六街","id":"way/482649501"},"geometry":{"type":"LineString","coordinates":[[121.692368,38.9205666],[121.6923012,38.9204741],[121.6912208,38.9189779],[121.6899895,38.9173429],[121.689864,38.917146],[121.6889003,38.915808],[121.6878648,38.9143889],[121.6878181,38.9143249]]}},{"type":"Feature","id":"way/482649502","properties":{"highway":"tertiary","name":"港东五街","id":"way/482649502"},"geometry":{"type":"LineString","coordinates":[[121.6848458,38.9154344],[121.6848899,38.9154991],[121.6859172,38.917005],[121.6868496,38.9182855],[121.6870086,38.9185043],[121.6881815,38.9200704],[121.689196,38.9214974],[121.6892638,38.9215969]]}},{"type":"Feature","id":"way/482649504","properties":{"highway":"residential","id":"way/482649504"},"geometry":{"type":"LineString","coordinates":[[121.6808721,38.914605],[121.682381,38.9163118],[121.6824352,38.9163731]]}},{"type":"Feature","id":"way/482649507","properties":{"highway":"tertiary","lanes":"2","name":"港东三街","name:en":"Gangdong 3rd Street","name:zh":"港东三街","surface":"asphalt","id":"way/482649507"},"geometry":{"type":"LineString","coordinates":[[121.684854,38.9230648],[121.684795,38.9229841],[121.684751,38.922924],[121.6847151,38.922875],[121.6839137,38.9217799],[121.6838825,38.9217373],[121.6838086,38.9216364],[121.6837531,38.9215605],[121.6837139,38.921507],[121.6828353,38.9203064],[121.6828007,38.9202591],[121.6827099,38.9201351],[121.6825466,38.919912],[121.6824617,38.919796],[121.6824265,38.919748],[121.6816883,38.9187396],[121.6816549,38.918694],[121.6816231,38.9186506],[121.6815193,38.9185087],[121.6814868,38.9184644],[121.6805526,38.9171882],[121.6805142,38.9171357],[121.6804459,38.9170425],[121.6804007,38.9169807]]}},{"type":"Feature","id":"way/482649511","properties":{"highway":"residential","name":"港东街","surface":"asphalt","id":"way/482649511"},"geometry":{"type":"LineString","coordinates":[[121.6993917,38.9208362],[121.6972079,38.9214665],[121.6906077,38.9233715],[121.6876178,38.9242598],[121.6837872,38.9253979],[121.6802406,38.926547],[121.6789507,38.9270054],[121.6786848,38.9270902],[121.6784003,38.9271314],[121.6781301,38.9271153],[121.6778599,38.9270429],[121.6776763,38.9269519],[121.6775333,38.9268377],[121.6774204,38.9267014],[121.6772691,38.9265003],[121.6767242,38.9257763]]}},{"type":"Feature","id":"way/482649512","properties":{"highway":"tertiary","name":"港东街","surface":"asphalt","id":"way/482649512"},"geometry":{"type":"LineString","coordinates":[[121.6767242,38.9257763],[121.6766593,38.9256926],[121.6758059,38.9245117],[121.6747704,38.9231404],[121.6746003,38.9229156],[121.673725,38.9217359],[121.6732976,38.92116]]}},{"type":"Feature","id":"way/482649514","properties":{"highway":"tertiary","name":"港盛路","id":"way/482649514"},"geometry":{"type":"LineString","coordinates":[[121.6917391,38.9147562],[121.6889003,38.915808],[121.6859172,38.917005],[121.6835549,38.917917],[121.6816231,38.9186506],[121.6794693,38.9194685],[121.6773387,38.9203095],[121.6772667,38.9203379],[121.673725,38.9217359]]}},{"type":"Feature","id":"way/482649524","properties":{"highway":"secondary","lanes":"2","name":"长江东路","name:en":"Changjiang East Road","name:zh":"长江东路","oneway":"yes","id":"way/482649524"},"geometry":{"type":"LineString","coordinates":[[121.6961142,38.9154136],[121.6959919,38.9153203],[121.6959559,38.9152709],[121.6958494,38.915125],[121.695679,38.9148912],[121.6955973,38.9147793],[121.6955565,38.9147234],[121.6951947,38.9142273],[121.6947023,38.9135522],[121.6946549,38.9135046],[121.6945986,38.9134654],[121.6945195,38.9134354],[121.6944432,38.9134205],[121.6943662,38.9134205],[121.6942802,38.9134351],[121.6941893,38.9134597],[121.6939051,38.9135405],[121.6936275,38.9136071],[121.6933473,38.9136598],[121.6930683,38.9136984],[121.6927664,38.9137279],[121.6924044,38.9137447],[121.6920764,38.9137524],[121.6914716,38.9137563],[121.6913945,38.9137568],[121.691016,38.9137592],[121.6908748,38.9137601],[121.6908032,38.9137606],[121.6904898,38.9137705],[121.6901809,38.9137908],[121.689911,38.9138172],[121.6896294,38.9138554],[121.6893752,38.9139021],[121.6891484,38.9139518],[121.6889281,38.9140147],[121.6886887,38.9140857],[121.6884182,38.9141816],[121.6880903,38.9143044],[121.688017,38.9143319],[121.6878648,38.9143889],[121.6877316,38.9144388],[121.6876484,38.91447],[121.6851637,38.915401],[121.6850806,38.9154308],[121.6848899,38.9154991],[121.6846481,38.9155856],[121.6845723,38.9156127],[121.6826526,38.9162999],[121.682567,38.9163287],[121.6824352,38.9163731],[121.6822837,38.9164241],[121.6821982,38.9164529],[121.6806829,38.9169627],[121.6806127,38.9169863],[121.6804459,38.9170425],[121.6803457,38.9170762],[121.6802752,38.9170999],[121.6793221,38.9174206],[121.6789683,38.9175478],[121.678625,38.9176845],[121.6785469,38.9177193],[121.6783107,38.9178246],[121.6781484,38.9178969],[121.6780722,38.9179309],[121.6764608,38.9187681],[121.6763892,38.9188053],[121.6762903,38.9188567],[121.6762268,38.9188897],[121.6761121,38.9189492],[121.6760371,38.9189882],[121.6741055,38.9199917],[121.6738273,38.9201231],[121.6735413,38.9202395],[121.6732561,38.9203511],[121.6729533,38.9204601],[121.6728864,38.9204844],[121.6727384,38.9205381]]}},{"type":"Feature","id":"way/482649525","properties":{"highway":"tertiary","name":"港东一街","name:zh":"港东一街","oneway":"yes","id":"way/482649525"},"geometry":{"type":"LineString","coordinates":[[121.6781538,38.9215724],[121.6780608,38.9214436],[121.6780288,38.9213993],[121.6773678,38.9204787],[121.6773351,38.9204332],[121.6772667,38.9203379],[121.6771909,38.9202324],[121.6771413,38.9201632],[121.6763404,38.9190479],[121.6762978,38.9189886],[121.6762268,38.9188897],[121.676185,38.9188315]]}},{"type":"Feature","id":"way/482649527","properties":{"highway":"secondary","name":"港东二街","id":"way/482649527"},"geometry":{"type":"LineString","coordinates":[[121.6783943,38.9150871],[121.6782681,38.9175677],[121.6782988,38.917753],[121.6783107,38.9178246],[121.6794693,38.9194685],[121.6803887,38.9207277],[121.6805475,38.9209544],[121.6816329,38.9224181],[121.6825519,38.9237262],[121.6826152,38.9238157],[121.6833847,38.9248366],[121.6834633,38.9249462],[121.6837872,38.9253979]]}},{"type":"Feature","id":"way/482649528","properties":{"highway":"primary","name":"港隆路","oneway":"yes","id":"way/482649528"},"geometry":{"type":"LineString","coordinates":[[121.696312,38.9149454],[121.6959256,38.9150956],[121.6958723,38.9151163],[121.6958494,38.915125],[121.6928356,38.9162658],[121.6899895,38.9173429],[121.6870086,38.9185043],[121.6846308,38.9194072],[121.6827099,38.9201351],[121.6805475,38.9209544],[121.6783937,38.921771]]}},{"type":"Feature","id":"way/482649530","properties":{"highway":"primary","name":"港隆路","oneway":"yes","id":"way/482649530"},"geometry":{"type":"LineString","coordinates":[[121.6781538,38.9215724],[121.6782295,38.9215438],[121.6803887,38.9207277],[121.6825466,38.919912],[121.6844691,38.9191853],[121.6868496,38.9182855],[121.689864,38.917146],[121.6927067,38.9160727],[121.695679,38.9148912],[121.6957542,38.9148613],[121.6961729,38.9146949]]}},{"type":"Feature","id":"way/482649531","properties":{"highway":"secondary","lanes":"2","name":"珠莲街","name:en":"Zhulian Street","name:zh":"珠莲街","oneway":"yes","id":"way/482649531"},"geometry":{"type":"LineString","coordinates":[[121.6707983,38.9270968],[121.6707582,38.9270682],[121.6707806,38.9269979],[121.6708227,38.9268657],[121.6708411,38.9268082],[121.6711925,38.9257054],[121.6712128,38.9256419],[121.6712548,38.92551],[121.6712909,38.9253969],[121.6713121,38.9253302],[121.6716833,38.9241655],[121.6717043,38.9240988],[121.6717681,38.923896],[121.6718419,38.9236615],[121.6718829,38.9235311],[121.6719031,38.9234667],[121.6722799,38.922269],[121.6725665,38.9213582],[121.6726014,38.9212347],[121.672624,38.9210988],[121.6726425,38.9207426],[121.6726467,38.9206614],[121.6726515,38.9205696],[121.6726802,38.9205217],[121.6727421,38.9204651]]}},{"type":"Feature","id":"way/482649534","properties":{"highway":"tertiary","name":"珠锦街","oneway":"yes","id":"way/482649534"},"geometry":{"type":"LineString","coordinates":[[121.6684737,38.9270242],[121.6684553,38.9269227],[121.6681897,38.9254581],[121.6679228,38.923858],[121.6678862,38.9235874],[121.6679167,38.9234576],[121.6678676,38.9231915],[121.6678278,38.9229278],[121.6677908,38.9226357],[121.6677844,38.9225222],[121.6677945,38.9223394],[121.6678391,38.9220513],[121.6678719,38.9218387],[121.6678747,38.9217824],[121.6678598,38.9217316],[121.6677466,38.9215563],[121.6677655,38.9214768]]}},{"type":"Feature","id":"way/482649535","properties":{"highway":"tertiary","name":"珠锦街","oneway":"yes","id":"way/482649535"},"geometry":{"type":"LineString","coordinates":[[121.6677655,38.9214768],[121.6678049,38.921534],[121.668053,38.9218944],[121.6681358,38.9220202],[121.6682279,38.9221601],[121.6683316,38.9223572],[121.6684175,38.9225824],[121.6684587,38.9227886],[121.6685417,38.9233471],[121.6685267,38.9235292],[121.6685704,38.9237911],[121.668851,38.9253998],[121.6690363,38.926749],[121.669035,38.9268655],[121.6689969,38.9269689]]}},{"type":"Feature","id":"way/482649536","properties":{"highway":"tertiary","name":"珠光街","id":"way/482649536"},"geometry":{"type":"LineString","coordinates":[[121.6667143,38.9276072],[121.6666348,38.9275284],[121.6654004,38.926415],[121.6641222,38.9251547]]}},{"type":"Feature","id":"way/482649538","properties":{"highway":"tertiary","name":"珠荷街","id":"way/482649538"},"geometry":{"type":"LineString","coordinates":[[121.6743055,38.9265671],[121.6742568,38.9264682],[121.6737314,38.9252276],[121.6731141,38.9237446]]}},{"type":"Feature","id":"way/482654274","properties":{"highway":"secondary","lanes":"2","name":"长江东路","name:en":"Changjiang East Road","name:zh":"长江东路","oneway":"yes","id":"way/482654274"},"geometry":{"type":"LineString","coordinates":[[121.6727421,38.9204651],[121.6728612,38.9204217],[121.6729202,38.9204002],[121.6732132,38.9202895],[121.6735009,38.9201798],[121.6737874,38.920062],[121.6740633,38.9199323],[121.6744287,38.9197428],[121.6759937,38.9189308],[121.67607,38.9188912],[121.676185,38.9188315],[121.6762484,38.9187986],[121.6763524,38.9187446],[121.6764236,38.9187077],[121.678068,38.9178545],[121.678133,38.9178259],[121.6782988,38.917753],[121.6785285,38.917652],[121.6785887,38.9176255],[121.6789336,38.9174881],[121.6792854,38.9173574],[121.68024,38.917035],[121.6803146,38.9170098],[121.6804007,38.9169807],[121.6805804,38.91692],[121.6806498,38.9168966],[121.682155,38.9163882],[121.6822391,38.9163598],[121.682381,38.9163118],[121.6825174,38.9162658],[121.6826119,38.9162339],[121.684539,38.9155442],[121.6846082,38.9155194],[121.6848458,38.9154344],[121.6850422,38.9153641],[121.6851227,38.9153353],[121.6876074,38.9144039],[121.6876876,38.9143738],[121.6878181,38.9143249],[121.6879675,38.9142689],[121.6880442,38.9142402],[121.6883788,38.9141147],[121.6886405,38.914021],[121.6888918,38.9139407],[121.6891215,38.9138797],[121.6893592,38.913827],[121.6896224,38.9137816],[121.6898997,38.9137451],[121.690177,38.913719],[121.6904832,38.913701],[121.690792,38.9136913],[121.6908708,38.913691],[121.6909663,38.9136907],[121.6913961,38.9136893],[121.6914775,38.9136891],[121.6920736,38.9136872],[121.6923995,38.9136792],[121.6927604,38.9136611],[121.6930559,38.913634],[121.6933339,38.913595],[121.6936107,38.9135415],[121.6938805,38.9134771],[121.6941571,38.9133949],[121.6942698,38.9133666],[121.6943615,38.9133535],[121.6944563,38.9133561],[121.6945605,38.9133778],[121.6946434,38.9134139],[121.6947134,38.9134573],[121.6947722,38.9135187],[121.6956314,38.9146934],[121.6956741,38.9147517],[121.6957542,38.9148613],[121.6959256,38.9150956],[121.6960315,38.9152404],[121.6960656,38.915287],[121.6961142,38.9154136]]}},{"type":"Feature","id":"way/482654275","properties":{"highway":"tertiary","lanes":"2","name":"港东四街","surface":"asphalt","id":"way/482654275"},"geometry":{"type":"LineString","coordinates":[[121.6824352,38.9163731],[121.6835549,38.917917],[121.6844691,38.9191853],[121.684532,38.9192676],[121.6846308,38.9194072],[121.6857195,38.9209498],[121.686731,38.9223436],[121.6867924,38.9224281]]}},{"type":"Feature","id":"way/483437314","properties":{"access":"no","bridge":"yes","highway":"secondary","layer":"1","name":"港湾桥","oneway":"yes","id":"way/483437314"},"geometry":{"type":"LineString","coordinates":[[121.6555463,38.9261445],[121.6556322,38.9263058],[121.6556708,38.9264176],[121.6566153,38.928174]]}},{"type":"Feature","id":"way/483437315","properties":{"access":"no","highway":"secondary_link","oneway":"yes","id":"way/483437315"},"geometry":{"type":"LineString","coordinates":[[121.6557304,38.9259754],[121.6556461,38.9259841],[121.655589,38.9260091],[121.6555642,38.9260437],[121.6555446,38.9260766],[121.6555463,38.9261445]]}},{"type":"Feature","id":"way/483454314","properties":{"highway":"residential","id":"way/483454314"},"geometry":{"type":"LineString","coordinates":[[121.6570471,38.9272897],[121.6574227,38.9271651],[121.6575518,38.9272602],[121.6576255,38.9272779],[121.657732,38.9272651],[121.6578251,38.9271487],[121.6578974,38.9268999],[121.6580113,38.9267238]]}},{"type":"Feature","id":"way/483454315","properties":{"highway":"residential","id":"way/483454315"},"geometry":{"type":"LineString","coordinates":[[121.6567693,38.9271639],[121.656542,38.9272663],[121.6567688,38.9276847],[121.6574046,38.9274855]]}},{"type":"Feature","id":"way/483454316","properties":{"highway":"residential","id":"way/483454316"},"geometry":{"type":"LineString","coordinates":[[121.6566398,38.9285545],[121.6567881,38.9285016],[121.6570016,38.928409],[121.6576406,38.9281988],[121.6581146,38.928049],[121.6581487,38.927995],[121.6581255,38.9279291],[121.6580429,38.9278267],[121.6574046,38.9274855],[121.6570471,38.9272897],[121.6567693,38.9271639],[121.656569,38.9270262]]}},{"type":"Feature","id":"way/483454318","properties":{"highway":"residential","loc_name":"邮轮中心三号路","name":"珠玉西街","id":"way/483454318"},"geometry":{"type":"LineString","coordinates":[[121.647774,38.9303364],[121.6506505,38.9294252],[121.6508033,38.929376],[121.6508675,38.9293554],[121.6533468,38.9285572]]}},{"type":"Feature","id":"way/483454319","properties":{"highway":"tertiary","lanes":"2","name":"港通街","name:en":"Gangtong Street","name:zh":"港通街","oneway":"yes","id":"way/483454319"},"geometry":{"type":"LineString","coordinates":[[121.6514921,38.9306497],[121.6514376,38.930549],[121.6513907,38.9304622],[121.6513714,38.9304266],[121.6508786,38.9295153],[121.6508538,38.9294694],[121.6508033,38.929376],[121.6507585,38.9292932],[121.6507344,38.9292487],[121.6501015,38.9280783],[121.6500815,38.9280412],[121.650037,38.9279589],[121.6499237,38.9277495],[121.6498849,38.9276777],[121.6492582,38.9265188],[121.6492333,38.9264726],[121.6492,38.9264111],[121.6491195,38.9262622],[121.6489889,38.9259831],[121.6489201,38.9258361],[121.6488857,38.9257625],[121.6488513,38.925689],[121.6488693,38.9256128]]}},{"type":"Feature","id":"way/483454324","properties":{"highway":"unclassified","name":"大连港客运站","id":"way/483454324"},"geometry":{"type":"LineString","coordinates":[[121.6573565,38.929727],[121.657423,38.9298561],[121.6574278,38.9298654],[121.6582126,38.931302]]}},{"type":"Feature","id":"way/512995161","properties":{"highway":"tertiary","name":"疏港路辅路","name:en":"Shugang Road Side Road","name:zh":"疏港路辅路","oneway":"yes","id":"way/512995161"},"geometry":{"type":"LineString","coordinates":[[121.6251438,38.9296266],[121.6262013,38.9299951],[121.6265477,38.9301176],[121.6268637,38.9302406],[121.6278854,38.9306869],[121.6280331,38.9307398],[121.6281828,38.9307816],[121.6284121,38.9308262],[121.628558,38.9308634],[121.628685,38.930927],[121.628794,38.931029],[121.6290146,38.931416]]}},{"type":"Feature","id":"way/512995164","properties":{"bridge":"yes","highway":"trunk","lanes":"4","layer":"1","name":"疏港路","name:en":"Shugang Road","name:ru":"Северо-Западное шоссе","name:zh":"疏港路","oneway":"yes","ref":"G228","id":"way/512995164"},"geometry":{"type":"LineString","coordinates":[[121.6274942,38.9306365],[121.6277986,38.9307691],[121.62867,38.9311378],[121.6291032,38.9313185],[121.6307309,38.9319551],[121.6310852,38.9320878],[121.6314884,38.9322137],[121.6318222,38.9323012],[121.6321481,38.9323686],[121.6324751,38.9324242],[121.6331529,38.9325062],[121.6334887,38.9325398],[121.6337949,38.9325629],[121.6340379,38.9325688],[121.6343263,38.9325529],[121.6346408,38.9325232],[121.634912,38.9324759],[121.6351949,38.9324029],[121.6354904,38.9323114],[121.6418047,38.9302139],[121.64221,38.9300792],[121.6423367,38.9300172],[121.6424346,38.9299523]]}},{"type":"Feature","id":"way/512995686","properties":{"highway":"unclassified","name":"民乐街","id":"way/512995686"},"geometry":{"type":"LineString","coordinates":[[121.6314863,38.9288641],[121.6309929,38.9286774],[121.6292194,38.9280249]]}},{"type":"Feature","id":"way/512995687","properties":{"highway":"tertiary","id":"way/512995687"},"geometry":{"type":"LineString","coordinates":[[121.6320938,38.9318731],[121.6321594,38.931918],[121.6322034,38.931948],[121.6323526,38.93205],[121.6323772,38.9320728],[121.632388,38.9321015],[121.6323926,38.9321315],[121.632392,38.932221],[121.6323913,38.9323152]]}},{"type":"Feature","id":"way/512995688","properties":{"highway":"tertiary","name":"北海街","id":"way/512995688"},"geometry":{"type":"LineString","coordinates":[[121.6301755,38.930939],[121.6315089,38.9314446],[121.6317217,38.9315891],[121.6320938,38.9318731]]}},{"type":"Feature","id":"way/512995689","properties":{"highway":"unclassified","name":"功勋街","id":"way/512995689"},"geometry":{"type":"LineString","coordinates":[[121.6305944,38.9302825],[121.6293859,38.9298287],[121.6295929,38.9293346]]}},{"type":"Feature","id":"way/538456587","properties":{"bicycle":"yes","foot":"yes","highway":"residential","horse":"no","lit":"yes","motor_vehicle":"yes","name":"光辉巷","id":"way/538456587"},"geometry":{"type":"LineString","coordinates":[[121.6316171,38.9252896],[121.6315641,38.9253269],[121.6313147,38.9255049],[121.6312494,38.9255553],[121.6310354,38.9257011],[121.6305794,38.9259947],[121.6296687,38.9265624]]}},{"type":"Feature","id":"way/538456588","properties":{"bicycle":"yes","foot":"yes","highway":"residential","horse":"no","lit":"yes","motor_vehicle":"yes","name":"光辉巷","id":"way/538456588"},"geometry":{"type":"LineString","coordinates":[[121.6296687,38.9265624],[121.6293766,38.9264744],[121.6290131,38.9263708]]}},{"type":"Feature","id":"way/538456589","properties":{"highway":"residential","name":"滨州街","id":"way/538456589"},"geometry":{"type":"LineString","coordinates":[[121.6296687,38.9265624],[121.6297899,38.926702],[121.6299585,38.926903]]}},{"type":"Feature","id":"way/538456591","properties":{"highway":"residential","name":"安奉街","id":"way/538456591"},"geometry":{"type":"LineString","coordinates":[[121.6305794,38.9259947],[121.6305937,38.9260139],[121.6307678,38.926249],[121.6309928,38.9265528]]}},{"type":"Feature","id":"way/538456593","properties":{"highway":"residential","id":"way/538456593"},"geometry":{"type":"LineString","coordinates":[[121.6299585,38.926903],[121.6309928,38.9265528]]}},{"type":"Feature","id":"way/538467049","properties":{"highway":"residential","name":"海洋街","id":"way/538467049"},"geometry":{"type":"LineString","coordinates":[[121.6305794,38.9259947],[121.6305584,38.9259885],[121.6301851,38.925875],[121.629887,38.9257897],[121.6298041,38.9257659],[121.6297104,38.9257391],[121.6293354,38.9256317]]}},{"type":"Feature","id":"way/538467050","properties":{"highway":"residential","id":"way/538467050"},"geometry":{"type":"LineString","coordinates":[[121.6301851,38.925875],[121.63049,38.925324],[121.6306076,38.9251115],[121.6306696,38.9249994],[121.630695,38.9249535]]}},{"type":"Feature","id":"way/538467051","properties":{"highway":"pedestrian","id":"way/538467051"},"geometry":{"type":"LineString","coordinates":[[121.6293766,38.9264744],[121.6297104,38.9257391]]}},{"type":"Feature","id":"way/538467052","properties":{"highway":"pedestrian","id":"way/538467052"},"geometry":{"type":"LineString","coordinates":[[121.6297104,38.9257391],[121.6298262,38.9254753],[121.6299601,38.9251704],[121.6300856,38.9252067],[121.6301069,38.9252129],[121.6302302,38.9252486],[121.63049,38.925324]]}},{"type":"Feature","id":"way/538468124","properties":{"highway":"pedestrian","id":"way/538468124"},"geometry":{"type":"LineString","coordinates":[[121.6293766,38.9264744],[121.629239,38.9267748],[121.6294107,38.9268667],[121.6297899,38.926702]]}},{"type":"Feature","id":"way/551941503","properties":{"bicycle":"no","highway":"footway","horse":"no","id":"way/551941503"},"geometry":{"type":"LineString","coordinates":[[121.6319374,38.9265091],[121.6317739,38.9262796],[121.6312494,38.9255553]]}},{"type":"Feature","id":"way/566289029","properties":{"highway":"footway","id":"way/566289029"},"geometry":{"type":"LineString","coordinates":[[121.6327131,38.9164912],[121.6337098,38.9167719]]}},{"type":"Feature","id":"way/566289454","properties":{"highway":"residential","id":"way/566289454"},"geometry":{"type":"LineString","coordinates":[[121.6346737,38.9165195],[121.634944,38.9159606],[121.6351546,38.9155223]]}},{"type":"Feature","id":"way/566302626","properties":{"highway":"residential","id":"way/566302626"},"geometry":{"type":"LineString","coordinates":[[121.6335698,38.9234264],[121.6331924,38.9228919],[121.6328228,38.9223469]]}},{"type":"Feature","id":"way/566302628","properties":{"highway":"residential","id":"way/566302628"},"geometry":{"type":"LineString","coordinates":[[121.6477161,38.9204455],[121.6492837,38.9209081]]}},{"type":"Feature","id":"way/566302629","properties":{"highway":"residential","id":"way/566302629"},"geometry":{"type":"LineString","coordinates":[[121.6488688,38.9217524],[121.6492837,38.9209081],[121.6493651,38.9207045],[121.649456,38.920477],[121.6497315,38.9199816],[121.6504609,38.9201791],[121.6505108,38.9200941],[121.6508076,38.9201704],[121.6509329,38.9201391],[121.6511771,38.9197561]]}},{"type":"Feature","id":"way/566304442","properties":{"highway":"residential","id":"way/566304442"},"geometry":{"type":"LineString","coordinates":[[121.653113,38.9198825],[121.6532649,38.9189056],[121.6532704,38.91887]]}},{"type":"Feature","id":"way/566304443","properties":{"highway":"residential","id":"way/566304443"},"geometry":{"type":"LineString","coordinates":[[121.6543236,38.9193555],[121.6543829,38.9190308],[121.6543906,38.9189885]]}},{"type":"Feature","id":"way/566304444","properties":{"highway":"unclassified","id":"way/566304444"},"geometry":{"type":"LineString","coordinates":[[121.6543283,38.9189825],[121.6543372,38.9189302],[121.6544329,38.9183701],[121.6545032,38.9179753],[121.6545681,38.9175784],[121.6547589,38.9166321]]}},{"type":"Feature","id":"way/566304445","properties":{"highway":"residential","id":"way/566304445"},"geometry":{"type":"LineString","coordinates":[[121.652975,38.9178031],[121.6545032,38.9179753],[121.6558422,38.9181224]]}},{"type":"Feature","id":"way/566304446","properties":{"highway":"unclassified","id":"way/566304446"},"geometry":{"type":"LineString","coordinates":[[121.6558067,38.9183274],[121.6567444,38.9184274],[121.6580001,38.918543]]}},{"type":"Feature","id":"way/566304447","properties":{"highway":"residential","id":"way/566304447"},"geometry":{"type":"LineString","coordinates":[[121.6527193,38.9181372],[121.6544329,38.9183701]]}},{"type":"Feature","id":"way/566304448","properties":{"highway":"residential","id":"way/566304448"},"geometry":{"type":"LineString","coordinates":[[121.6557686,38.9185215],[121.6544329,38.9183701]]}},{"type":"Feature","id":"way/566304449","properties":{"highway":"service","id":"way/566304449"},"geometry":{"type":"LineString","coordinates":[[121.6638686,38.9249203],[121.6637087,38.9247909],[121.6628738,38.9240163]]}},{"type":"Feature","id":"way/572490408","properties":{"highway":"tertiary","name":"港东五街","id":"way/572490408"},"geometry":{"type":"LineString","coordinates":[[121.6906077,38.9233715],[121.6900847,38.922676],[121.6899908,38.9225512],[121.6897531,38.9222351],[121.6897006,38.9221652],[121.6892638,38.9215969]]}},{"type":"Feature","id":"way/572490409","properties":{"highway":"footway","surface":"paving_stones","id":"way/572490409"},"geometry":{"type":"LineString","coordinates":[[121.684106,38.9239524],[121.6851909,38.9235963],[121.6852692,38.9237556],[121.6855257,38.9236803],[121.6871193,38.9231448],[121.6870546,38.9230209],[121.6897006,38.9221652]]}},{"type":"Feature","id":"way/572490410","properties":{"highway":"footway","surface":"paving_stones","id":"way/572490410"},"geometry":{"type":"LineString","coordinates":[[121.6867169,38.9224513],[121.6870546,38.9230209]]}},{"type":"Feature","id":"way/572490411","properties":{"highway":"footway","surface":"paving_stones","id":"way/572490411"},"geometry":{"type":"LineString","coordinates":[[121.6840085,38.9243505],[121.6840791,38.9244421],[121.6841309,38.9245095],[121.6840531,38.9245314]]}},{"type":"Feature","id":"way/572490412","properties":{"highway":"footway","surface":"paving_stones","id":"way/572490412"},"geometry":{"type":"LineString","coordinates":[[121.6802406,38.926547],[121.6802198,38.9265067],[121.6800553,38.9261886],[121.681054,38.9258568],[121.6810851,38.9258464],[121.6810957,38.9257804],[121.6811522,38.9257421]]}},{"type":"Feature","id":"way/579467711","properties":{"highway":"pedestrian","id":"way/579467711"},"geometry":{"type":"LineString","coordinates":[[121.63049,38.925324],[121.6308648,38.9254744],[121.6310354,38.9257011]]}},{"type":"Feature","id":"way/608786503","properties":{"highway":"residential","id":"way/608786503"},"geometry":{"type":"LineString","coordinates":[[121.6697849,38.9164029],[121.6692898,38.9164805],[121.668823,38.9165537],[121.6684198,38.9166169]]}},{"type":"Feature","id":"way/608786504","properties":{"highway":"residential","id":"way/608786504"},"geometry":{"type":"LineString","coordinates":[[121.668823,38.9165537],[121.6691393,38.9182775],[121.6691473,38.918321]]}},{"type":"Feature","id":"way/608786505","properties":{"highway":"residential","id":"way/608786505"},"geometry":{"type":"LineString","coordinates":[[121.6692898,38.9164805],[121.6696294,38.9182306],[121.6696374,38.9182716]]}},{"type":"Feature","id":"way/608786506","properties":{"highway":"residential","id":"way/608786506"},"geometry":{"type":"LineString","coordinates":[[121.6684219,38.9168285],[121.6687465,38.9183221],[121.6687568,38.9183523]]}},{"type":"Feature","id":"way/608787602","properties":{"highway":"tertiary","name":"春海街","name:en":"Chunhai Street","name:zh":"春海街","name:zh-Latn-pinyin":"chūnhǎi jiē","id":"way/608787602"},"geometry":{"type":"LineString","coordinates":[[121.6708366,38.9179072],[121.6707709,38.9175961],[121.670688,38.9172037],[121.6703418,38.9155641],[121.6703235,38.9154772],[121.6701969,38.9148778]]}},{"type":"Feature","id":"way/622809626","properties":{"alt_name":"丹东线","alt_name:en":"Dandong - Dongxing Highway","alt_name:zh":"丹东线","bridge":"yes","highway":"trunk","layer":"2","name":"疏港路","name:en":"Shugang Road","name:ru":"Портовая дорога","name:zh":"疏港路","oneway":"yes","ref":"G228","id":"way/622809626"},"geometry":{"type":"LineString","coordinates":[[121.6433787,38.9291072],[121.6425535,38.9301413],[121.6424535,38.9302617],[121.6423384,38.9303571],[121.6421869,38.9304356],[121.6420398,38.9304899],[121.6418512,38.9305525],[121.6406762,38.9309199]]}},{"type":"Feature","id":"way/655244429","properties":{"bridge":"yes","highway":"trunk_link","layer":"1","oneway":"yes","id":"way/655244429"},"geometry":{"type":"LineString","coordinates":[[121.6449284,38.92769],[121.6451923,38.9275274],[121.6453374,38.9274596],[121.6454845,38.9274014],[121.6476127,38.9266789]]}},{"type":"Feature","id":"way/655244430","properties":{"highway":"trunk_link","oneway":"yes","id":"way/655244430"},"geometry":{"type":"LineString","coordinates":[[121.6476127,38.9266789],[121.6486307,38.9263317],[121.6487636,38.9262558],[121.6488889,38.926162],[121.6489557,38.9260793],[121.6489889,38.9259831]]}},{"type":"Feature","id":"way/655244431","properties":{"highway":"trunk_link","oneway":"yes","id":"way/655244431"},"geometry":{"type":"LineString","coordinates":[[121.6492708,38.9263877],[121.6492,38.9264111],[121.6489754,38.9264853],[121.6480637,38.9267993]]}},{"type":"Feature","id":"way/655244432","properties":{"bridge":"yes","highway":"trunk_link","layer":"1","oneway":"yes","id":"way/655244432"},"geometry":{"type":"LineString","coordinates":[[121.6480637,38.9267993],[121.6464683,38.9273488],[121.6461658,38.9274387],[121.6459202,38.9275017],[121.6452888,38.9276417]]}},{"type":"Feature","id":"way/655244433","properties":{"highway":"primary_link","oneway":"yes","id":"way/655244433"},"geometry":{"type":"LineString","coordinates":[[121.6501469,38.9257763],[121.6498518,38.9257867],[121.6496741,38.9258113],[121.6495196,38.9258631],[121.6494075,38.9259358],[121.6493188,38.9260302],[121.6492587,38.926139],[121.6492365,38.9262415],[121.649242,38.9263341]]}},{"type":"Feature","id":"way/655244434","properties":{"highway":"tertiary","oneway":"yes","id":"way/655244434"},"geometry":{"type":"LineString","coordinates":[[121.6474821,38.9315388],[121.6475592,38.9315542],[121.6476295,38.9315441],[121.6477045,38.9315007],[121.647746,38.9314496],[121.6477599,38.931387]]}},{"type":"Feature","id":"way/681045579","properties":{"highway":"tertiary_link","oneway":"yes","id":"way/681045579"},"geometry":{"type":"LineString","coordinates":[[121.6339904,38.9301315],[121.6345482,38.9300439]]}},{"type":"Feature","id":"way/690118281","properties":{"highway":"steps","layer":"-1","tunnel":"yes","id":"way/690118281"},"geometry":{"type":"LineString","coordinates":[[121.64016,38.9212931],[121.64007,38.9212672]]}},{"type":"Feature","id":"way/690118282","properties":{"footway":"sidewalk","highway":"footway","surface":"paving_stones","id":"way/690118282"},"geometry":{"type":"LineString","coordinates":[[121.640165,38.9213219],[121.6406285,38.9214215],[121.6412633,38.9216189]]}},{"type":"Feature","id":"way/695930100","properties":{"natural":"coastline","id":"way/695930100"},"geometry":{"type":"LineString","coordinates":[[121.6591801,38.9292538],[121.6587433,38.9293939],[121.6584174,38.9294982],[121.6583329,38.9295181],[121.6583128,38.9295311],[121.6583034,38.9295473],[121.6583101,38.9295786],[121.658628,38.930168],[121.6588098,38.9305079],[121.6588297,38.9305451],[121.6588747,38.9306291],[121.6593522,38.9315055],[121.6601193,38.9329618],[121.6609333,38.9344833],[121.6609434,38.9345107],[121.660937,38.9345251],[121.6609173,38.9345371],[121.6595627,38.9350023],[121.6594816,38.9350206],[121.659434,38.9350175],[121.6594018,38.9349914],[121.6593656,38.9349231],[121.6583598,38.9331413],[121.6583076,38.933052],[121.6575283,38.9317183],[121.6567411,38.9303235],[121.6567102,38.930288],[121.6566794,38.9302797],[121.6566432,38.9302859],[121.6562301,38.9304281],[121.6561848,38.9304296],[121.6561429,38.9304171],[121.6561188,38.9303876],[121.6560819,38.9303152],[121.65605,38.9302525],[121.6560242,38.9302327],[121.6559927,38.9302296],[121.6559632,38.9302369],[121.6538431,38.9309306],[121.6538149,38.9309399],[121.6537955,38.930951],[121.6537941,38.9309615],[121.6538012,38.9309788],[121.6544464,38.932194],[121.6545483,38.9323401],[121.6546476,38.9325299],[121.6547415,38.9327135],[121.6548246,38.9328554],[121.6548729,38.9329743],[121.6549161,38.933068],[121.6549342,38.9331008],[121.654952,38.933136],[121.6549711,38.933171],[121.6549946,38.9332203],[121.6550224,38.9332657],[121.6550432,38.9333061],[121.6551103,38.9334407],[121.6552719,38.9337348],[121.6553751,38.9339247],[121.6554194,38.9339456],[121.6554476,38.9339492],[121.6554811,38.9339487],[121.6555696,38.9339231],[121.6556413,38.9339023],[121.6556796,38.9339065],[121.6556963,38.9339153],[121.6557084,38.9339414],[121.6560249,38.934511],[121.6560397,38.9345412],[121.6560343,38.9345663],[121.6560209,38.9345903],[121.6559087,38.9346259],[121.6558532,38.9346435],[121.6558264,38.9346643],[121.6558211,38.9346967],[121.6558385,38.9347353],[121.6561711,38.9353341],[121.6564527,38.9358619],[121.6564956,38.9359391],[121.6565117,38.9359735],[121.6565104,38.9359923],[121.6564903,38.9360038],[121.6564554,38.9360184],[121.6557017,38.9362688],[121.6552559,38.9364315],[121.6552086,38.9364482],[121.65243,38.9314497],[121.6495965,38.9323323],[121.6523315,38.9374077],[121.6521075,38.9374688],[121.6515979,38.9376207],[121.6505485,38.9379816],[121.6504835,38.9380014],[121.6504543,38.9380017],[121.6504245,38.9379824],[121.6503775,38.9379003],[121.6502924,38.9377287],[121.6498545,38.9369343],[121.6495031,38.9362625],[121.6492912,38.9358744],[121.6487789,38.9349231],[121.6483927,38.9342199],[121.647985,38.9334959],[121.6475934,38.9327678],[121.6472393,38.9321043],[121.647005,38.931658],[121.646902,38.9314669],[121.6468551,38.9314017],[121.6468021,38.9313584],[121.6466975,38.9313219],[121.6460632,38.9310537],[121.6455777,38.930843],[121.6452558,38.9307043],[121.6450292,38.9306093],[121.6449501,38.930578],[121.6448817,38.9305603],[121.6448052,38.9305467],[121.6447583,38.9305436],[121.6446979,38.9305426],[121.6445759,38.9305227],[121.6445196,38.9305154],[121.6442031,38.9304831],[121.6441615,38.930481],[121.6437216,38.9304445],[121.6436867,38.9304424],[121.6435005,38.9304326]]}},{"type":"Feature","id":"way/695959603","properties":{"natural":"coastline","source":"PGS","id":"way/695959603"},"geometry":{"type":"LineString","coordinates":[[121.7112799,38.89521],[121.7116099,38.89534],[121.7124128,38.8957318],[121.712302,38.8960167],[121.7124113,38.8961158],[121.7126848,38.8960596],[121.7127705,38.8962429],[121.7124047,38.8964106],[121.7122504,38.8965692],[121.7123653,38.8967745],[121.7125718,38.8969154],[121.7128322,38.8970239],[121.7131835,38.8968008],[121.7132404,38.896652],[121.7137492,38.8966336],[121.7139771,38.8969018],[121.7140401,38.8970301],[121.7139342,38.8971098],[121.7137721,38.8971459],[121.7136284,38.8973015],[121.7138917,38.8974152],[121.71387,38.89755],[121.7142,38.89768],[121.7142229,38.8978207],[121.7147579,38.8981831],[121.7145705,38.8983038],[121.7146618,38.8984978],[121.7145392,38.8986593],[121.7143484,38.8986848],[121.7142409,38.8987449],[121.7142257,38.8990413],[121.7142169,38.8992563],[121.7144587,38.8996707],[121.7146396,38.899813],[121.7149972,38.900217],[121.7155856,38.9003134],[121.7156391,38.9005165],[121.71544,38.90142],[121.7159398,38.901631],[121.7162083,38.902001],[121.7164555,38.9025675],[121.7163927,38.9026857],[121.7166915,38.9027325],[121.7166838,38.9027915],[121.7165824,38.9029392],[121.7167209,38.9030381],[121.7166763,38.9031673],[121.7166195,38.9033246],[121.7164726,38.9033374],[121.7166922,38.9038617],[121.7170452,38.9040282],[121.7172,38.904],[121.71736,38.90425],[121.7172086,38.9044246],[121.7168368,38.9044409],[121.7168002,38.9045105],[121.7165188,38.9045243],[121.7164903,38.904581],[121.7163475,38.9046077],[121.7162727,38.9047772],[121.7162554,38.9049468],[121.7161179,38.9049509],[121.7157101,38.9050423],[121.7150864,38.9049046],[121.7147157,38.9049849],[121.7145535,38.9050946],[121.7146106,38.9052293],[121.7140755,38.905461],[121.7138222,38.9058533],[121.7136112,38.9058416],[121.7135138,38.9059711],[121.713556,38.9063056],[121.7137586,38.9070065],[121.7138262,38.9072427],[121.7139693,38.907655],[121.7141253,38.9078477],[121.7143405,38.9086623],[121.7144958,38.9092144],[121.7146739,38.9098289],[121.7150997,38.9113639],[121.7153434,38.9120919],[121.7156019,38.9129574],[121.7158315,38.9137023],[121.7159535,38.9142029],[121.7159845,38.9147459],[121.7158103,38.9154526],[121.7155278,38.9160112],[121.7151014,38.9165507],[121.7146107,38.9169959],[121.7138393,38.9174491],[121.7128591,38.9177813],[121.711556,38.9181381],[121.7097361,38.9186683],[121.70878,38.9189631],[121.7080335,38.9191776],[121.7079236,38.91924],[121.7079091,38.9192837],[121.7079334,38.91932],[121.7078961,38.9194008],[121.7078179,38.9194314],[121.707715,38.9194287],[121.7075224,38.9194955],[121.7073407,38.9196351],[121.7071668,38.9199348],[121.7071602,38.9200308],[121.7071953,38.9200812],[121.7071629,38.9201517],[121.7070164,38.9202564],[121.7065389,38.9204901],[121.7027999,38.9215544],[121.7025585,38.9216003],[121.7022206,38.921617],[121.7017378,38.9215251],[121.7012174,38.9213832],[121.7007561,38.9213665],[121.7002135,38.9214314],[121.7001433,38.9213464],[121.6941517,38.9231258],[121.6892808,38.9245447],[121.6882059,38.9248546],[121.6846781,38.9258719],[121.6826718,38.9264394],[121.6791723,38.9274847],[121.6790275,38.9275432],[121.6789202,38.9276517],[121.6788183,38.927852],[121.6786091,38.9288118],[121.6785501,38.9290121],[121.6783583,38.9291102],[121.6749563,38.9300756],[121.6749119,38.9300298],[121.6748464,38.930032],[121.6747607,38.9299789],[121.6746943,38.9298859],[121.674717,38.9297749],[121.6748077,38.9297012],[121.6749241,38.9296809],[121.6750509,38.9297131],[121.6752222,38.9296674],[121.675114,38.9294837],[121.6755182,38.9293647],[121.6755736,38.9294787],[121.6778446,38.928811],[121.6770495,38.9271744],[121.6768879,38.9271087],[121.676977,38.9270295],[121.6771292,38.9270761],[121.6769411,38.9269469],[121.6738515,38.927857],[121.6735379,38.927944],[121.6741643,38.9293063],[121.6741423,38.9293774],[121.6732787,38.9310006],[121.6729783,38.9311092],[121.67284,38.9311916]]}},{"type":"Feature","id":"way/708208985","properties":{"highway":"steps","layer":"-1","tunnel":"yes","id":"way/708208985"},"geometry":{"type":"LineString","coordinates":[[121.6396897,38.9208417],[121.6395138,38.920796]]}},{"type":"Feature","id":"way/813190968","properties":{"highway":"secondary","name":"鲁迅路","id":"way/813190968"},"geometry":{"type":"LineString","coordinates":[[121.6579174,38.9193466],[121.65804,38.9193449],[121.6585447,38.9192912]]}},{"type":"Feature","id":"way/813190969","properties":{"highway":"secondary_link","oneway":"yes","id":"way/813190969"},"geometry":{"type":"LineString","coordinates":[[121.6584059,38.9193617],[121.658275,38.9194361],[121.6581913,38.9194748],[121.6580974,38.919523],[121.6580533,38.9195533],[121.6579359,38.9196493],[121.6577953,38.9197536]]}},{"type":"Feature","id":"way/813190970","properties":{"highway":"service","name":"开封街","service":"alley","id":"way/813190970"},"geometry":{"type":"LineString","coordinates":[[121.6502989,38.9185852],[121.6515199,38.9183082],[121.6519602,38.9184919]]}},{"type":"Feature","id":"way/813800841","properties":{"highway":"residential","id":"way/813800841"},"geometry":{"type":"LineString","coordinates":[[121.671346,38.9185551],[121.671415,38.9185214],[121.6714552,38.9185018],[121.6722036,38.9181362],[121.6722944,38.9181014],[121.6723855,38.9180767],[121.6724978,38.918059],[121.6728178,38.918043],[121.6729494,38.9180168],[121.6738651,38.9177747],[121.6740029,38.9177366],[121.6741421,38.9177258],[121.6742812,38.9178069],[121.6744969,38.9179152],[121.6746569,38.9180776],[121.6751369,38.918581],[121.6752273,38.9187325],[121.6752204,38.9188516],[121.6751647,38.9189869],[121.6750395,38.9190681],[121.674225,38.9195181],[121.6739366,38.9196566],[121.6737495,38.9196143],[121.6733056,38.9194045],[121.6731876,38.9194001],[121.6725806,38.919387],[121.6724739,38.9193214]]}},{"type":"Feature","id":"way/813800842","properties":{"highway":"residential","id":"way/813800842"},"geometry":{"type":"LineString","coordinates":[[121.674225,38.9195181],[121.6744287,38.9197428]]}},{"type":"Feature","id":"way/813800844","properties":{"highway":"track","id":"way/813800844"},"geometry":{"type":"LineString","coordinates":[[121.6533834,38.9269923],[121.6534251,38.9270654],[121.6535121,38.9270843],[121.6536581,38.9271114],[121.6537973,38.9272792],[121.6538599,38.9274334],[121.6539225,38.9275173],[121.6540025,38.9275633],[121.6541277,38.9276039],[121.6542286,38.9276797],[121.6542634,38.9277284],[121.6542945,38.9277899]]}},{"type":"Feature","id":"way/813800845","properties":{"highway":"unclassified","loc_name":"邮轮中心四号路","name":"港埠街","id":"way/813800845"},"geometry":{"type":"LineString","coordinates":[[121.6465226,38.9291617],[121.650037,38.9279589],[121.6500728,38.9279466],[121.6501032,38.9279348],[121.650959,38.9276039],[121.6524353,38.9270846],[121.6525206,38.9270702],[121.6525416,38.9270811],[121.6525762,38.9270992],[121.6526666,38.9272618],[121.6533468,38.9285572]]}},{"type":"Feature","id":"way/813800848","properties":{"highway":"residential","name":"珠玉街","id":"way/813800848"},"geometry":{"type":"LineString","coordinates":[[121.6533468,38.9285572],[121.6540907,38.928299],[121.6542355,38.9282322],[121.654257,38.9281196],[121.6542033,38.9279902],[121.6542248,38.9278859],[121.6542945,38.9277899],[121.6544233,38.9277273],[121.656569,38.9270262]]}},{"type":"Feature","id":"way/813800849","properties":{"highway":"unclassified","name":"港埠街","id":"way/813800849"},"geometry":{"type":"LineString","coordinates":[[121.6533468,38.9285572],[121.6538613,38.9295353]]}},{"type":"Feature","id":"way/813800853","properties":{"highway":"secondary_link","oneway":"yes","id":"way/813800853"},"geometry":{"type":"LineString","coordinates":[[121.6347012,38.9258484],[121.6347181,38.9254738]]}},{"type":"Feature","id":"way/813817528","properties":{"highway":"unclassified","id":"way/813817528"},"geometry":{"type":"LineString","coordinates":[[121.644,38.9279013],[121.6427026,38.9283464],[121.6426152,38.9283845],[121.6419834,38.9282614],[121.6417676,38.9282075]]}},{"type":"Feature","id":"way/813817529","properties":{"highway":"unclassified","name":"修竹街","id":"way/813817529"},"geometry":{"type":"LineString","coordinates":[[121.640845,38.9271644],[121.6400867,38.9262552],[121.6400868,38.9261417],[121.6400892,38.9255839],[121.6400883,38.9255379],[121.6400891,38.9255148],[121.6400911,38.9254861],[121.6400913,38.9254079],[121.6400951,38.9249462],[121.6400965,38.9247488],[121.640098,38.9243333]]}},{"type":"Feature","id":"way/813817530","properties":{"highway":"tertiary","name":"明泽街","name:en":"Mingze Street","name:ru":"улица Мингзе","name:zh":"明泽街","name:zh-Latn-pinyin":"míngzé jiē","source":"gps","surface":"asphalt","id":"way/813817530"},"geometry":{"type":"LineString","coordinates":[[121.6458949,38.9242313],[121.6460468,38.9239696],[121.6460788,38.9239089],[121.646129,38.9238136],[121.6464057,38.9232883],[121.6464776,38.923149]]}},{"type":"Feature","id":"way/813817531","properties":{"highway":"unclassified","name":"保安街","id":"way/813817531"},"geometry":{"type":"LineString","coordinates":[[121.6308297,38.9231807],[121.6312762,38.9229881],[121.6320741,38.9226563],[121.6321122,38.9226409]]}},{"type":"Feature","id":"way/813817532","properties":{"highway":"unclassified","name":"新安街","id":"way/813817532"},"geometry":{"type":"LineString","coordinates":[[121.6321122,38.9226409],[121.6321418,38.9226282],[121.6321735,38.922615],[121.6323084,38.9225593],[121.6328228,38.9223469]]}},{"type":"Feature","id":"way/813817533","properties":{"highway":"service","service":"parking_aisle","id":"way/813817533"},"geometry":{"type":"LineString","coordinates":[[121.6292397,38.9202665],[121.6291171,38.9203728],[121.6288641,38.9205921],[121.6287277,38.9207103],[121.6286051,38.9208167]]}},{"type":"Feature","id":"way/813817534","properties":{"highway":"pedestrian","name":"青泥二街","surface":"asphalt","id":"way/813817534"},"geometry":{"type":"LineString","coordinates":[[121.6312643,38.9174328],[121.631176,38.9174028],[121.6299695,38.9170521],[121.6287535,38.9166936],[121.6278212,38.9163362],[121.6277862,38.9162741],[121.627548,38.9161857]]}},{"type":"Feature","id":"way/813817538","properties":{"highway":"tertiary","name":"兴隆街","id":"way/813817538"},"geometry":{"type":"LineString","coordinates":[[121.6269918,38.9177805],[121.6278853,38.9180759],[121.6279799,38.9181057],[121.6280074,38.9181149],[121.6290976,38.9184805]]}},{"type":"Feature","id":"way/814394952","properties":{"highway":"secondary","name":"鲁迅路","name:en":"Luxun Road","name:ru":"Лу Лу","name:zh-Latn-pinyin":"lǔxùn lù","id":"way/814394952"},"geometry":{"type":"LineString","coordinates":[[121.6579174,38.9193466],[121.6576383,38.9193346],[121.6574149,38.9193067],[121.6566363,38.9192162],[121.65566,38.9191099]]}},{"type":"Feature","id":"way/814394953","properties":{"highway":"secondary","name":"鲁迅路","name:en":"Luxun Road","name:zh":"鲁迅路","name:zh-Latn-pinyin":"lǔxùn lù","id":"way/814394953"},"geometry":{"type":"LineString","coordinates":[[121.659745,38.9191227],[121.6610038,38.918971]]}},{"type":"Feature","id":"way/814394954","properties":{"highway":"secondary","name":"港湾街","name:en":"Gangwan Street","name:ru":"Портовая улица","name:zh":"港湾街","name:zh-Latn-pinyin":"gǎngwān jiē","oneway":"yes","source":"gps","id":"way/814394954"},"geometry":{"type":"LineString","coordinates":[[121.6579174,38.9193466],[121.6579156,38.9193791],[121.6578992,38.9194623],[121.6577953,38.9197536]]}},{"type":"Feature","id":"way/814394955","properties":{"highway":"service","id":"way/814394955"},"geometry":{"type":"LineString","coordinates":[[121.6521183,38.9169753],[121.6525876,38.9168983],[121.6536621,38.9169431]]}},{"type":"Feature","id":"way/814394956","properties":{"highway":"secondary_link","oneway":"yes","id":"way/814394956"},"geometry":{"type":"LineString","coordinates":[[121.6556376,38.924761],[121.6555849,38.9248105],[121.6555252,38.9248407],[121.6554685,38.9248488],[121.6550084,38.9248567],[121.6549385,38.9248406],[121.6548905,38.9248156],[121.6548477,38.9247824]]}},{"type":"Feature","id":"way/814394958","properties":{"highway":"unclassified","name":"益民街","id":"way/814394958"},"geometry":{"type":"LineString","coordinates":[[121.6530495,38.9235445],[121.6524055,38.9248164],[121.6523736,38.9248784],[121.6523418,38.9249473],[121.6519681,38.9256608]]}},{"type":"Feature","id":"way/814427425","properties":{"highway":"secondary_link","name":"二七广场","oneway":"yes","id":"way/814427425"},"geometry":{"type":"LineString","coordinates":[[121.6577953,38.9197536],[121.6577026,38.9197315],[121.6576361,38.9196992],[121.6575881,38.919659],[121.6575298,38.9195873],[121.6574751,38.919491],[121.6574413,38.9193976],[121.6574228,38.9193322],[121.6574149,38.9193067]]}},{"type":"Feature","id":"way/814427426","properties":{"highway":"secondary_link","name":"二七广场","oneway":"yes","id":"way/814427426"},"geometry":{"type":"LineString","coordinates":[[121.6582512,38.9196925],[121.6581442,38.9197079],[121.6579455,38.9197482],[121.6578674,38.9197547],[121.6577953,38.9197536]]}},{"type":"Feature","id":"way/814427427","properties":{"highway":"secondary_link","name":"二七广场","oneway":"yes","id":"way/814427427"},"geometry":{"type":"LineString","coordinates":[[121.6584059,38.9193617],[121.6583304,38.9194453],[121.6583031,38.9194885],[121.6582783,38.9195501],[121.6582661,38.919601],[121.6582512,38.9196925]]}},{"type":"Feature","id":"way/814427428","properties":{"highway":"secondary_link","name":"二七广场","oneway":"yes","id":"way/814427428"},"geometry":{"type":"LineString","coordinates":[[121.6574149,38.9193067],[121.657468,38.9192672],[121.6575706,38.9192179],[121.6576596,38.9191725],[121.6577384,38.9191277],[121.6578208,38.9190736],[121.657939,38.9190012]]}},{"type":"Feature","id":"way/814427429","properties":{"highway":"secondary_link","name":"二七广场","oneway":"yes","id":"way/814427429"},"geometry":{"type":"LineString","coordinates":[[121.657939,38.9190012],[121.6580293,38.9190647],[121.6581518,38.9191384],[121.6582388,38.9191933],[121.658327,38.9192377],[121.6584284,38.9192784],[121.6585447,38.9192912]]}},{"type":"Feature","id":"way/817397485","properties":{"highway":"residential","name":"珠宝街","oneway":"yes","id":"way/817397485"},"geometry":{"type":"LineString","coordinates":[[121.6625596,38.9261981],[121.6623117,38.9259825],[121.6618601,38.9255672],[121.6612903,38.9250042]]}},{"type":"Feature","id":"way/817397486","properties":{"highway":"residential","name":"珠玉街","id":"way/817397486"},"geometry":{"type":"LineString","coordinates":[[121.6612903,38.9250042],[121.6593796,38.9256461],[121.6592738,38.9257383],[121.6592399,38.9257678],[121.6585953,38.9263292],[121.6582384,38.9266334]]}},{"type":"Feature","id":"way/817397487","properties":{"highway":"service","name":"珠珍街","service":"alley","id":"way/817397487"},"geometry":{"type":"LineString","coordinates":[[121.6593796,38.9256461],[121.6589426,38.9248614],[121.6588181,38.9246162]]}},{"type":"Feature","id":"way/817397488","properties":{"highway":"service","service":"parking_aisle","id":"way/817397488"},"geometry":{"type":"LineString","coordinates":[[121.6618601,38.9255672],[121.6617785,38.9256402],[121.6617526,38.9256664],[121.6616558,38.9257644],[121.6615627,38.9256874],[121.6615545,38.9255675],[121.6615833,38.9255435],[121.6617526,38.9256664]]}},{"type":"Feature","id":"way/817406141","properties":{"highway":"service","id":"way/817406141"},"geometry":{"type":"LineString","coordinates":[[121.6387677,38.9347554],[121.6388462,38.9349432],[121.6388573,38.9351316],[121.6388295,38.9353108],[121.6387277,38.9355278],[121.6386345,38.9356619],[121.6383535,38.9359099],[121.6364938,38.9368996],[121.6363226,38.9371741]]}},{"type":"Feature","id":"way/817406142","properties":{"highway":"service","id":"way/817406142"},"geometry":{"type":"LineString","coordinates":[[121.6382294,38.9336811],[121.6334622,38.9351147],[121.6332474,38.9351792]]}},{"type":"Feature","id":"way/817406143","properties":{"highway":"service","id":"way/817406143"},"geometry":{"type":"LineString","coordinates":[[121.6383535,38.9359099],[121.6391582,38.9367425],[121.6396661,38.9372681],[121.6397109,38.9373152],[121.6417503,38.9394556],[121.6420212,38.9397399],[121.6434235,38.9412116]]}},{"type":"Feature","id":"way/817406144","properties":{"highway":"service","id":"way/817406144"},"geometry":{"type":"LineString","coordinates":[[121.642171,38.9417643],[121.642448,38.9415114],[121.6424601,38.9413709],[121.6410409,38.9398758],[121.6398107,38.9385795],[121.6397023,38.9383922],[121.6384533,38.937155],[121.6385582,38.9370246],[121.6388352,38.9368654],[121.6391582,38.9367425]]}},{"type":"Feature","id":"way/817406145","properties":{"highway":"service","id":"way/817406145"},"geometry":{"type":"LineString","coordinates":[[121.6384533,38.937155],[121.6378645,38.9374766],[121.637684,38.9376561],[121.6367518,38.9392071]]}},{"type":"Feature","id":"way/817406146","properties":{"highway":"service","id":"way/817406146"},"geometry":{"type":"LineString","coordinates":[[121.6378645,38.9374766],[121.6367065,38.9370256],[121.6364938,38.9368996],[121.6346289,38.9361555],[121.6345394,38.9360572],[121.6344639,38.9359552],[121.6343914,38.9358443],[121.6342355,38.93573],[121.6341145,38.9356757],[121.6340194,38.9356534],[121.6337157,38.9357122],[121.6335003,38.9357319],[121.6331963,38.9356549],[121.632995,38.9355986],[121.6327141,38.9355669],[121.6325925,38.9356783],[121.6322825,38.9361948],[121.631718,38.9370995],[121.6316479,38.9372996],[121.6317083,38.937389],[121.6364666,38.9392583],[121.6366168,38.9392625],[121.6367518,38.9392071]]}},{"type":"Feature","id":"way/817406147","properties":{"highway":"service","id":"way/817406147"},"geometry":{"type":"LineString","coordinates":[[121.6322825,38.9361948],[121.6316729,38.9352732],[121.6316528,38.9351751],[121.6316678,38.9350934],[121.6320399,38.9343759],[121.6322429,38.9341504],[121.6330907,38.9336319]]}},{"type":"Feature","id":"way/817406148","properties":{"highway":"service","id":"way/817406148"},"geometry":{"type":"LineString","coordinates":[[121.6337157,38.9357122],[121.6334622,38.9351147]]}},{"type":"Feature","id":"way/817406149","properties":{"highway":"service","id":"way/817406149"},"geometry":{"type":"LineString","coordinates":[[121.6397109,38.9373152],[121.6414969,38.936212]]}},{"type":"Feature","id":"way/817406150","properties":{"highway":"service","id":"way/817406150"},"geometry":{"type":"LineString","coordinates":[[121.6406337,38.9352962],[121.6414969,38.936212]]}},{"type":"Feature","id":"way/817406153","properties":{"highway":"service","id":"way/817406153"},"geometry":{"type":"LineString","coordinates":[[121.6384473,38.9335975],[121.638032,38.9327267],[121.6379597,38.9325751],[121.6376487,38.9319372]]}},{"type":"Feature","id":"way/817406154","properties":{"highway":"service","id":"way/817406154"},"geometry":{"type":"LineString","coordinates":[[121.6369461,38.9308004],[121.636508,38.9313289],[121.6363902,38.9314854],[121.636282,38.931621],[121.6361218,38.9317704],[121.6361191,38.9317966],[121.6361509,38.9318268],[121.636204,38.9318323],[121.6362783,38.9318076],[121.6363102,38.9317635],[121.6362996,38.931703],[121.636282,38.931621]]}},{"type":"Feature","id":"way/817406155","properties":{"highway":"service","id":"way/817406155"},"geometry":{"type":"LineString","coordinates":[[121.6368248,38.9307711],[121.6361383,38.9316568],[121.635914,38.9318534],[121.6356602,38.9320022]]}},{"type":"Feature","id":"way/817406156","properties":{"highway":"service","id":"way/817406156"},"geometry":{"type":"LineString","coordinates":[[121.6368248,38.9307711],[121.6368194,38.9307263],[121.6368237,38.930599],[121.6371177,38.9303997],[121.6373171,38.9302122],[121.6374355,38.9301007],[121.6376085,38.9299858],[121.6378876,38.9298324],[121.638132,38.9297307],[121.6384734,38.9296455],[121.63854,38.9296326],[121.638734,38.9295948]]}},{"type":"Feature","id":"way/817406157","properties":{"highway":"service","id":"way/817406157"},"geometry":{"type":"LineString","coordinates":[[121.6368237,38.930599],[121.6365153,38.9306476],[121.6362849,38.9306415],[121.6360512,38.9305714],[121.6358598,38.9304862],[121.6356715,38.9303565],[121.6354472,38.9300913]]}},{"type":"Feature","id":"way/817406158","properties":{"highway":"service","id":"way/817406158"},"geometry":{"type":"LineString","coordinates":[[121.6353068,38.9303516],[121.6354472,38.9300913],[121.6354872,38.9298846],[121.6355166,38.9298311],[121.6355646,38.9296417],[121.6356813,38.9294372],[121.6358425,38.9292973],[121.6360354,38.9292205],[121.6361836,38.9291899],[121.6361988,38.9291868],[121.6363838,38.9292014],[121.6373903,38.9296237],[121.6375435,38.929688],[121.6378876,38.9298324]]}},{"type":"Feature","id":"way/817406159","properties":{"highway":"service","id":"way/817406159"},"geometry":{"type":"LineString","coordinates":[[121.6383114,38.9267376],[121.6395001,38.9272464],[121.6405584,38.927692]]}},{"type":"Feature","id":"way/817406160","properties":{"highway":"service","id":"way/817406160"},"geometry":{"type":"LineString","coordinates":[[121.6395001,38.9272464],[121.6397791,38.9268527],[121.6401183,38.9269113],[121.6403915,38.9270909],[121.6403915,38.9271752]]}},{"type":"Feature","id":"way/817406161","properties":{"highway":"service","id":"way/817406161"},"geometry":{"type":"LineString","coordinates":[[121.6400868,38.9261417],[121.638364,38.9261221]]}},{"type":"Feature","id":"way/820375706","properties":{"highway":"service","id":"way/820375706"},"geometry":{"type":"LineString","coordinates":[[121.6288803,38.9243072],[121.6292814,38.9234403]]}},{"type":"Feature","id":"way/820375707","properties":{"highway":"unclassified","id":"way/820375707"},"geometry":{"type":"LineString","coordinates":[[121.6365023,38.9245717],[121.6366932,38.9246892],[121.6384892,38.9247313]]}},{"type":"Feature","id":"way/820375708","properties":{"highway":"unclassified","id":"way/820375708"},"geometry":{"type":"LineString","coordinates":[[121.6366932,38.9246892],[121.6366581,38.9250106],[121.6366526,38.9253528],[121.6366497,38.9254196],[121.6366479,38.9254627]]}},{"type":"Feature","id":"way/820375709","properties":{"highway":"service","id":"way/820375709"},"geometry":{"type":"LineString","coordinates":[[121.6384517,38.9250305],[121.6386494,38.9250419],[121.6392848,38.9250785],[121.6392564,38.9252664],[121.6392458,38.9254276],[121.6392456,38.9254719]]}},{"type":"Feature","id":"way/820375710","properties":{"highway":"service","id":"way/820375710"},"geometry":{"type":"LineString","coordinates":[[121.6384517,38.9250305],[121.6366581,38.9250106]]}},{"type":"Feature","id":"way/820375711","properties":{"highway":"service","id":"way/820375711"},"geometry":{"type":"LineString","coordinates":[[121.6361551,38.9233628],[121.6372614,38.9240703],[121.6366932,38.9246892]]}},{"type":"Feature","id":"way/820375712","properties":{"highway":"service","id":"way/820375712"},"geometry":{"type":"LineString","coordinates":[[121.643175,38.9233696],[121.64287,38.9240738],[121.6423757,38.9243234]]}},{"type":"Feature","id":"way/820375713","properties":{"highway":"service","id":"way/820375713"},"geometry":{"type":"LineString","coordinates":[[121.64287,38.9240738],[121.6435545,38.9242483],[121.6436111,38.9242627],[121.6436413,38.9242706]]}},{"type":"Feature","id":"way/820375714","properties":{"footway":"sidewalk","highway":"footway","id":"way/820375714"},"geometry":{"type":"LineString","coordinates":[[121.6398782,38.9212589],[121.6399322,38.9212521],[121.6399686,38.9212598],[121.640165,38.9213219]]}},{"type":"Feature","id":"way/820375715","properties":{"footway":"sidewalk","highway":"footway","id":"way/820375715"},"geometry":{"type":"LineString","coordinates":[[121.6400659,38.9209076],[121.6400668,38.9208894],[121.64007,38.9207906],[121.6400766,38.9207474],[121.6401139,38.920698],[121.6401715,38.9206716],[121.6401988,38.9206524],[121.6402905,38.920635],[121.6407274,38.920594],[121.6419143,38.9204763]]}},{"type":"Feature","id":"way/820375716","properties":{"highway":"service","surface":"asphalt","id":"way/820375716"},"geometry":{"type":"LineString","coordinates":[[121.640713,38.9205131],[121.6407225,38.9205637],[121.6407274,38.920594],[121.6407634,38.9208615]]}},{"type":"Feature","id":"way/820375717","properties":{"highway":"footway","surface":"paving_stones","id":"way/820375717"},"geometry":{"type":"LineString","coordinates":[[121.6382889,38.9209549],[121.6385359,38.9208508]]}},{"type":"Feature","id":"way/820375719","properties":{"highway":"footway","surface":"paving_stones","id":"way/820375719"},"geometry":{"type":"LineString","coordinates":[[121.6389307,38.9209699],[121.6390757,38.9211867]]}},{"type":"Feature","id":"way/820375720","properties":{"highway":"footway","surface":"paving_stones","id":"way/820375720"},"geometry":{"type":"LineString","coordinates":[[121.6387064,38.9205367],[121.6386081,38.9203302]]}},{"type":"Feature","id":"way/820375721","properties":{"highway":"footway","surface":"paving_stones","id":"way/820375721"},"geometry":{"type":"LineString","coordinates":[[121.6390905,38.9206681],[121.6394094,38.9206227]]}},{"type":"Feature","id":"way/820375723","properties":{"highway":"service","service":"parking_aisle","id":"way/820375723"},"geometry":{"type":"LineString","coordinates":[[121.633879,38.9182961],[121.6338105,38.9183276],[121.6337408,38.9183569],[121.6336347,38.9184015],[121.6335018,38.9184574],[121.6334826,38.9184655]]}},{"type":"Feature","id":"way/820375724","properties":{"highway":"service","service":"parking_aisle","id":"way/820375724"},"geometry":{"type":"LineString","coordinates":[[121.6331723,38.9177152],[121.6333262,38.9179437],[121.6336347,38.9184015],[121.6338018,38.9186479]]}},{"type":"Feature","id":"way/820375725","properties":{"highway":"service","service":"parking_aisle","id":"way/820375725"},"geometry":{"type":"LineString","coordinates":[[121.6332906,38.9176874],[121.6334312,38.9178966],[121.6337408,38.9183569],[121.6339089,38.9186114]]}},{"type":"Feature","id":"way/820375726","properties":{"highway":"service","service":"parking_aisle","surface":"asphalt","id":"way/820375726"},"geometry":{"type":"LineString","coordinates":[[121.6339089,38.9186114],[121.6338018,38.9186479],[121.6336655,38.9187053],[121.633612,38.9187278],[121.6328664,38.9185107],[121.6328037,38.9184242],[121.6327682,38.9183752],[121.6326325,38.9182037],[121.6325606,38.918113]]}},{"type":"Feature","id":"way/820375727","properties":{"highway":"service","service":"parking_aisle","id":"way/820375727"},"geometry":{"type":"LineString","coordinates":[[121.6326325,38.9182037],[121.6325807,38.9183526],[121.6328037,38.9184242]]}},{"type":"Feature","id":"way/820375728","properties":{"highway":"service","service":"parking_aisle","id":"way/820375728"},"geometry":{"type":"LineString","coordinates":[[121.6334826,38.9184655],[121.6333888,38.9183318]]}},{"type":"Feature","id":"way/820375729","properties":{"highway":"service","service":"parking_aisle","id":"way/820375729"},"geometry":{"type":"LineString","coordinates":[[121.6333262,38.9179437],[121.6334312,38.9178966]]}},{"type":"Feature","id":"way/820375730","properties":{"highway":"service","service":"parking_aisle","surface":"asphalt","id":"way/820375730"},"geometry":{"type":"LineString","coordinates":[[121.6336655,38.9187053],[121.6335018,38.9184574]]}},{"type":"Feature","id":"way/821793682","properties":{"highway":"service","surface":"asphalt","id":"way/821793682"},"geometry":{"type":"LineString","coordinates":[[121.6781301,38.9271153],[121.6779486,38.9275899],[121.6779729,38.9277022],[121.6778495,38.9280799],[121.6778708,38.9282286],[121.6780061,38.9285404],[121.6780548,38.9286526],[121.678069,38.9287297],[121.6780477,38.9288288],[121.6779699,38.9289224],[121.675297,38.9296794],[121.6750711,38.9298266]]}},{"type":"Feature","id":"way/821793683","properties":{"highway":"service","surface":"asphalt","id":"way/821793683"},"geometry":{"type":"LineString","coordinates":[[121.6780061,38.9285404],[121.6781397,38.9284599],[121.6782105,38.9281846],[121.6780477,38.9281075],[121.6778495,38.9280799]]}},{"type":"Feature","id":"way/832158540","properties":{"highway":"footway","surface":"paving_stones","id":"way/832158540"},"geometry":{"type":"LineString","coordinates":[[121.6811522,38.9257421],[121.6812499,38.9257056],[121.681778,38.9255186]]}},{"type":"Feature","id":"way/840422170","properties":{"highway":"tertiary_link","oneway":"yes","id":"way/840422170"},"geometry":{"type":"LineString","coordinates":[[121.6678391,38.9220513],[121.6679067,38.9220103],[121.6679758,38.9219894],[121.6680594,38.9219895],[121.6681358,38.9220202]]}},{"type":"Feature","id":"way/840422171","properties":{"highway":"service","id":"way/840422171"},"geometry":{"type":"LineString","coordinates":[[121.6677908,38.9226357],[121.6674593,38.9227225]]}},{"type":"Feature","id":"way/840422172","properties":{"highway":"service","id":"way/840422172"},"geometry":{"type":"LineString","coordinates":[[121.6674143,38.9226312],[121.6677844,38.9225222]]}},{"type":"Feature","id":"way/840422173","properties":{"highway":"service","id":"way/840422173"},"geometry":{"type":"LineString","coordinates":[[121.6660216,38.9239693],[121.6656563,38.9232257],[121.6653856,38.9233084]]}},{"type":"Feature","id":"way/867162212","properties":{"highway":"service","id":"way/867162212"},"geometry":{"type":"LineString","coordinates":[[121.6621373,38.928186],[121.6621648,38.9282373],[121.6626891,38.9291032],[121.663166,38.9299767],[121.6636088,38.9307892],[121.6639684,38.9313524],[121.6641567,38.9315179],[121.6643059,38.9316055],[121.6643964,38.9317158],[121.6648661,38.9326158],[121.6645236,38.9327224],[121.6646117,38.9328822]]}},{"type":"Feature","id":"way/867162213","properties":{"highway":"service","id":"way/867162213"},"geometry":{"type":"LineString","coordinates":[[121.6653462,38.928821],[121.6653271,38.9303497],[121.6653219,38.9304832],[121.66531,38.9307931],[121.6653493,38.9308892],[121.6661023,38.9322444]]}},{"type":"Feature","id":"way/867162214","properties":{"highway":"service","service":"parking_aisle","id":"way/867162214"},"geometry":{"type":"LineString","coordinates":[[121.6653219,38.9304832],[121.664997,38.9305649],[121.6647199,38.9306313],[121.6646386,38.9304554],[121.6646868,38.9303574]]}},{"type":"Feature","id":"way/867162215","properties":{"highway":"service","service":"parking_aisle","id":"way/867162215"},"geometry":{"type":"LineString","coordinates":[[121.6650983,38.9307727],[121.664997,38.9305649],[121.6651317,38.9303314],[121.6651376,38.930165]]}},{"type":"Feature","id":"way/867162216","properties":{"highway":"service","oneway":"yes","service":"parking_aisle","surface":"asphalt","id":"way/867162216"},"geometry":{"type":"LineString","coordinates":[[121.6658934,38.9291278],[121.6657608,38.9291549],[121.6656892,38.9291966],[121.6656515,38.9292584],[121.6656492,38.9293072],[121.665639,38.929524],[121.6656303,38.9297066],[121.6656203,38.9299194],[121.6656157,38.9300158],[121.6656237,38.9301672],[121.6663007,38.9303799],[121.66665,38.9304896],[121.6670999,38.9306309],[121.6671635,38.9306278],[121.6673136,38.9304499],[121.6674553,38.9302819],[121.6675938,38.9301177],[121.6677297,38.9299566],[121.6677893,38.9298859],[121.6678052,38.9298009],[121.6677834,38.9297654],[121.6677787,38.9297173],[121.6677913,38.9296727],[121.667826,38.9296091]]}},{"type":"Feature","id":"way/867162217","properties":{"highway":"service","service":"parking_aisle","id":"way/867162217"},"geometry":{"type":"LineString","coordinates":[[121.6653271,38.9303497],[121.6654665,38.9303472],[121.6656753,38.9303434],[121.6658065,38.9303743],[121.6659912,38.9304346],[121.6660071,38.9304594]]}},{"type":"Feature","id":"way/867162218","properties":{"highway":"service","service":"parking_aisle","id":"way/867162218"},"geometry":{"type":"LineString","coordinates":[[121.66665,38.9304896],[121.666582,38.9306099],[121.6665535,38.9306603],[121.6657151,38.9306263],[121.6656773,38.9305876],[121.6655581,38.9304083],[121.6655323,38.9303774],[121.6654665,38.9303472]]}},{"type":"Feature","id":"way/867162219","properties":{"highway":"service","service":"parking_aisle","id":"way/867162219"},"geometry":{"type":"LineString","coordinates":[[121.6663007,38.9303799],[121.6664073,38.9301593],[121.6664948,38.9299784],[121.6665763,38.9298098],[121.6666655,38.9296253],[121.6667502,38.9294501]]}},{"type":"Feature","id":"way/867162220","properties":{"highway":"service","service":"parking_aisle","id":"way/867162220"},"geometry":{"type":"LineString","coordinates":[[121.6658934,38.9291278],[121.6659793,38.929209],[121.6667502,38.9294501],[121.6675926,38.929702],[121.6676324,38.9297005],[121.6676585,38.9296797],[121.6677163,38.9295753]]}},{"type":"Feature","id":"way/867162221","properties":{"highway":"service","service":"parking_aisle","id":"way/867162221"},"geometry":{"type":"LineString","coordinates":[[121.6656492,38.9293072],[121.6666655,38.9296253],[121.6677297,38.9299566]]}},{"type":"Feature","id":"way/867162222","properties":{"highway":"service","service":"parking_aisle","id":"way/867162222"},"geometry":{"type":"LineString","coordinates":[[121.665639,38.929524],[121.6665763,38.9298098],[121.6675938,38.9301177]]}},{"type":"Feature","id":"way/867162223","properties":{"highway":"service","service":"parking_aisle","id":"way/867162223"},"geometry":{"type":"LineString","coordinates":[[121.6656303,38.9297066],[121.6664948,38.9299784],[121.6674553,38.9302819]]}},{"type":"Feature","id":"way/867162224","properties":{"highway":"service","service":"parking_aisle","id":"way/867162224"},"geometry":{"type":"LineString","coordinates":[[121.6656203,38.9299194],[121.6664073,38.9301593],[121.6673136,38.9304499]]}},{"type":"Feature","id":"way/867165045","properties":{"highway":"service","id":"way/867165045"},"geometry":{"type":"LineString","coordinates":[[121.6606689,38.9220005],[121.6597374,38.9220642],[121.6579943,38.9222486],[121.6569197,38.9223622],[121.6567162,38.9223416],[121.6564329,38.922269],[121.6536065,38.9219223]]}},{"type":"Feature","id":"way/867165046","properties":{"highway":"service","id":"way/867165046"},"geometry":{"type":"LineString","coordinates":[[121.6579943,38.9222486],[121.658064,38.9229331]]}},{"type":"Feature","id":"way/867165047","properties":{"highway":"service","id":"way/867165047"},"geometry":{"type":"LineString","coordinates":[[121.6597374,38.9220642],[121.6607018,38.9239402]]}},{"type":"Feature","id":"way/867165048","properties":{"highway":"service","id":"way/867165048"},"geometry":{"type":"LineString","coordinates":[[121.6586586,38.9246025],[121.658162,38.923699],[121.6580785,38.9235888],[121.6579441,38.9235407],[121.6563456,38.9232176]]}},{"type":"Feature","id":"way/867165049","properties":{"highway":"service","id":"way/867165049"},"geometry":{"type":"LineString","coordinates":[[121.6563138,38.9232928],[121.6554499,38.9230547],[121.6551739,38.923018],[121.654916,38.9230547],[121.6541625,38.923236]]}},{"type":"Feature","id":"way/867165050","properties":{"highway":"service","id":"way/867165050"},"geometry":{"type":"LineString","coordinates":[[121.6511556,38.9227088],[121.6521915,38.9219412],[121.6526493,38.9216404],[121.6533767,38.9213271]]}},{"type":"Feature","id":"way/867165051","properties":{"highway":"service","id":"way/867165051"},"geometry":{"type":"LineString","coordinates":[[121.6527225,38.9223971],[121.6521915,38.9219412],[121.6518407,38.9214785]]}},{"type":"Feature","id":"way/867165052","properties":{"highway":"service","id":"way/867165052"},"geometry":{"type":"LineString","coordinates":[[121.6527225,38.9223971],[121.6528345,38.9225573],[121.652927,38.9227835],[121.6532218,38.9235044]]}},{"type":"Feature","id":"way/867165053","properties":{"highway":"service","id":"way/867165053"},"geometry":{"type":"LineString","coordinates":[[121.6500139,38.922114],[121.6504733,38.9210849],[121.6505276,38.9210124],[121.6505733,38.921],[121.6509686,38.9211144],[121.6511154,38.9211651]]}},{"type":"Feature","id":"way/867165054","properties":{"highway":"service","id":"way/867165054"},"geometry":{"type":"LineString","coordinates":[[121.6486422,38.9229359],[121.6500282,38.9233329]]}},{"type":"Feature","id":"way/867165055","properties":{"highway":"service","id":"way/867165055"},"geometry":{"type":"LineString","coordinates":[[121.6499706,38.9234524],[121.6513389,38.923881]]}},{"type":"Feature","id":"way/867165056","properties":{"highway":"unclassified","id":"way/867165056"},"geometry":{"type":"LineString","coordinates":[[121.644,38.9279013],[121.6441806,38.9277842],[121.6443206,38.9276903],[121.6449858,38.9274378],[121.6450628,38.9274115],[121.6456857,38.9271989],[121.6457605,38.927155],[121.6458005,38.9269035],[121.6458332,38.9262196],[121.645953,38.9259964],[121.6459683,38.9256507],[121.6459717,38.9255731]]}},{"type":"Feature","id":"way/867165057","properties":{"highway":"service","id":"way/867165057"},"geometry":{"type":"LineString","coordinates":[[121.6420626,38.9275282],[121.642347,38.9275881],[121.6424305,38.9275711],[121.6428156,38.9273253],[121.6430117,38.927184],[121.6430372,38.9270568],[121.6430496,38.9270253],[121.6433532,38.9270162],[121.6435595,38.9268986]]}},{"type":"Feature","id":"way/870971231","properties":{"access":"no","highway":"secondary","name":"港湾桥","oneway":"yes","id":"way/870971231"},"geometry":{"type":"LineString","coordinates":[[121.6566153,38.928174],[121.6567205,38.928372],[121.6567881,38.9285016],[121.6568992,38.9287345],[121.6570096,38.9289364],[121.6571028,38.9292447]]}},{"type":"Feature","id":"way/870971233","properties":{"highway":"secondary","name":"港湾桥","oneway":"yes","id":"way/870971233"},"geometry":{"type":"LineString","coordinates":[[121.6568988,38.9289729],[121.6567845,38.9287734],[121.6566398,38.9285545],[121.6564577,38.9282282]]}},{"type":"Feature","id":"way/870971235","properties":{"highway":"service","id":"way/870971235"},"geometry":{"type":"LineString","coordinates":[[121.6580697,38.9294279],[121.6581378,38.929552],[121.6583663,38.9298497],[121.6607906,38.9343846]]}},{"type":"Feature","id":"way/874493187","properties":{"highway":"residential","id":"way/874493187"},"geometry":{"type":"LineString","coordinates":[[121.6411423,38.9287174],[121.6412247,38.9288227],[121.6413361,38.9289087],[121.6414461,38.9289789],[121.642444,38.9295372],[121.6430283,38.9297894]]}},{"type":"Feature","id":"way/884317284","properties":{"highway":"service","id":"way/884317284"},"geometry":{"type":"LineString","coordinates":[[121.6481449,38.9318751],[121.6476263,38.9321295]]}},{"type":"Feature","id":"way/884317285","properties":{"highway":"service","id":"way/884317285"},"geometry":{"type":"LineString","coordinates":[[121.6483097,38.9320873],[121.6485854,38.9322699],[121.6487475,38.9324872],[121.6489048,38.9327499]]}},{"type":"Feature","id":"way/884317286","properties":{"highway":"service","id":"way/884317286"},"geometry":{"type":"LineString","coordinates":[[121.6536825,38.9308947],[121.654003,38.9307819],[121.6542209,38.9307106],[121.6544815,38.9306221],[121.6547434,38.9305438],[121.6550194,38.9304492],[121.6563724,38.9300064],[121.6565351,38.9299531],[121.6566735,38.9299934],[121.6568188,38.9301334],[121.6581887,38.932461],[121.6584953,38.9329783],[121.6593164,38.9343635],[121.6595827,38.9348344]]}},{"type":"Feature","id":"way/884317287","properties":{"highway":"service","id":"way/884317287"},"geometry":{"type":"LineString","coordinates":[[121.6525416,38.9270811],[121.6530828,38.9269108],[121.6531614,38.9269108],[121.6532682,38.9269261],[121.65333,38.9269589],[121.6533834,38.9269923]]}},{"type":"Feature","id":"way/884317289","properties":{"highway":"service","id":"way/884317289"},"geometry":{"type":"LineString","coordinates":[[121.6568591,38.9262287],[121.6569194,38.9261686],[121.6570352,38.9260597],[121.6571082,38.9259745],[121.6572246,38.9257223]]}},{"type":"Feature","id":"way/884317291","properties":{"highway":"service","id":"way/884317291"},"geometry":{"type":"LineString","coordinates":[[121.6565463,38.9255731],[121.657048,38.9254174],[121.6572246,38.9257223]]}},{"type":"Feature","id":"way/884317298","properties":{"highway":"service","oneway":"yes","id":"way/884317298"},"geometry":{"type":"LineString","coordinates":[[121.6392353,38.9308325],[121.6392325,38.9307642],[121.6392088,38.9307104],[121.6391638,38.9306631],[121.6390972,38.930631]]}},{"type":"Feature","id":"way/884317299","properties":{"highway":"service","service":"parking_aisle","id":"way/884317299"},"geometry":{"type":"LineString","coordinates":[[121.6384598,38.9306812],[121.6383957,38.9299952]]}},{"type":"Feature","id":"way/884317301","properties":{"highway":"service","service":"parking_aisle","id":"way/884317301"},"geometry":{"type":"LineString","coordinates":[[121.6333296,38.9342882],[121.6331169,38.9338459],[121.6330907,38.9336319],[121.633123,38.9327843]]}},{"type":"Feature","id":"way/884317302","properties":{"highway":"service","id":"way/884317302"},"geometry":{"type":"LineString","coordinates":[[121.6331169,38.9338459],[121.6351378,38.9332337]]}},{"type":"Feature","id":"way/884317303","properties":{"highway":"service","id":"way/884317303"},"geometry":{"type":"LineString","coordinates":[[121.6308985,38.9317364],[121.6307042,38.9320519],[121.6306143,38.9321978],[121.6304409,38.9324793],[121.6304162,38.9325516],[121.6304146,38.9326226],[121.6304392,38.9326947],[121.6304982,38.932839],[121.6305035,38.9334732],[121.6305037,38.9335038],[121.6305088,38.9342723],[121.6305119,38.9346425],[121.6305161,38.9346792],[121.6305484,38.9349572],[121.6305512,38.9351977],[121.6304782,38.9353332]]}},{"type":"Feature","id":"way/884317304","properties":{"highway":"service","id":"way/884317304"},"geometry":{"type":"LineString","coordinates":[[121.6305088,38.9342723],[121.6302485,38.9342632],[121.6300258,38.9346228],[121.6304164,38.9346884],[121.6305161,38.9346792]]}},{"type":"Feature","id":"way/884317305","properties":{"highway":"service","id":"way/884317305"},"geometry":{"type":"LineString","coordinates":[[121.6305037,38.9335038],[121.630082,38.9333639]]}},{"type":"Feature","id":"way/884317306","properties":{"highway":"service","id":"way/884317306"},"geometry":{"type":"LineString","coordinates":[[121.630023,38.9331606],[121.6302843,38.9327148],[121.6304392,38.9326947]]}},{"type":"Feature","id":"way/884317307","properties":{"highway":"service","id":"way/884317307"},"geometry":{"type":"LineString","coordinates":[[121.6304782,38.9353332],[121.6303911,38.9353375],[121.6297645,38.9353048],[121.6289525,38.9365003]]}},{"type":"Feature","id":"way/884317308","properties":{"highway":"service","id":"way/884317308"},"geometry":{"type":"LineString","coordinates":[[121.6304782,38.9353332],[121.6306973,38.9355342]]}},{"type":"Feature","id":"way/891411228","properties":{"highway":"service","service":"parking_aisle","id":"way/891411228"},"geometry":{"type":"LineString","coordinates":[[121.630456,38.9226421],[121.6307411,38.9225342]]}},{"type":"Feature","id":"way/891411229","properties":{"highway":"service","service":"parking_aisle","id":"way/891411229"},"geometry":{"type":"LineString","coordinates":[[121.6309074,38.9227378],[121.6307411,38.9225342],[121.6307142,38.9224581],[121.6307142,38.9224105],[121.6306212,38.9222583],[121.6306432,38.922205],[121.6305123,38.9219988]]}},{"type":"Feature","id":"way/891411231","properties":{"highway":"service","id":"way/891411231"},"geometry":{"type":"LineString","coordinates":[[121.6325198,38.9231569],[121.6331924,38.9228919],[121.6342795,38.9227507]]}},{"type":"Feature","id":"way/891411232","properties":{"highway":"service","id":"way/891411232"},"geometry":{"type":"LineString","coordinates":[[121.6350866,38.9236981],[121.6357296,38.9230829],[121.6361551,38.9233628]]}},{"type":"Feature","id":"way/891411233","properties":{"highway":"service","id":"way/891411233"},"geometry":{"type":"LineString","coordinates":[[121.6392564,38.9252664],[121.638703,38.9252612],[121.6386443,38.9252212],[121.6386345,38.9251622],[121.6386494,38.9250419]]}},{"type":"Feature","id":"way/891411237","properties":{"highway":"service","service":"parking_aisle","surface":"asphalt","id":"way/891411237"},"geometry":{"type":"LineString","coordinates":[[121.6460468,38.9239696],[121.6459607,38.9239361],[121.645902,38.9239132],[121.6458706,38.9239008],[121.6458449,38.9239407],[121.6457818,38.924048],[121.6457507,38.9240633],[121.6457233,38.9240627],[121.6455683,38.9239649]]}},{"type":"Feature","id":"way/891411238","properties":{"highway":"service","service":"parking_aisle","surface":"asphalt","id":"way/891411238"},"geometry":{"type":"LineString","coordinates":[[121.6458706,38.9239008],[121.6458523,38.9238793],[121.6458373,38.9238556],[121.6458298,38.9238265],[121.6458375,38.9237878]]}},{"type":"Feature","id":"way/891411239","properties":{"highway":"service","service":"parking_aisle","surface":"asphalt","id":"way/891411239"},"geometry":{"type":"LineString","coordinates":[[121.6460788,38.9239089],[121.6459982,38.9238689],[121.6459167,38.9238285],[121.6458375,38.9237878],[121.6458581,38.9237293],[121.6458947,38.9236708],[121.6461983,38.9233696],[121.646302,38.9233153],[121.6463259,38.9233091],[121.6464057,38.9232883]]}},{"type":"Feature","id":"way/891411240","properties":{"highway":"service","surface":"asphalt","id":"way/891411240"},"geometry":{"type":"LineString","coordinates":[[121.6479386,38.9240575],[121.6475502,38.9239393]]}},{"type":"Feature","id":"way/891411242","properties":{"highway":"service","id":"way/891411242"},"geometry":{"type":"LineString","coordinates":[[121.6648661,38.9326158],[121.6649884,38.9327795],[121.6650935,38.9328175],[121.6652281,38.9327909],[121.666001,38.9324826],[121.666138,38.9324408],[121.6662261,38.9324522],[121.6662995,38.9325131],[121.6663435,38.9325835],[121.6670431,38.9338412],[121.6671018,38.9339477]]}},{"type":"Feature","id":"way/891411244","properties":{"highway":"residential","id":"way/891411244"},"geometry":{"type":"LineString","coordinates":[[121.6695467,38.9182807],[121.6695528,38.9183046],[121.6697215,38.918853],[121.6689235,38.9189601],[121.6684346,38.9190694],[121.6676816,38.919253]]}},{"type":"Feature","id":"way/891411245","properties":{"highway":"unclassified","oneway":"yes","id":"way/891411245"},"geometry":{"type":"LineString","coordinates":[[121.6665719,38.9194525],[121.666534,38.9183654],[121.6665321,38.9183119],[121.666533,38.9182716]]}},{"type":"Feature","id":"way/891411246","properties":{"highway":"service","service":"parking_aisle","id":"way/891411246"},"geometry":{"type":"LineString","coordinates":[[121.666534,38.9183654],[121.6650207,38.9185928],[121.664973,38.9185491],[121.6649675,38.9184949],[121.6649691,38.9184469]]}},{"type":"Feature","id":"way/894070318","properties":{"highway":"service","service":"parking_aisle","id":"way/894070318"},"geometry":{"type":"LineString","coordinates":[[121.6582805,38.9170311],[121.6583237,38.9167952],[121.6583556,38.9166348]]}},{"type":"Feature","id":"way/894070319","properties":{"highway":"service","service":"parking_aisle","id":"way/894070319"},"geometry":{"type":"LineString","coordinates":[[121.657738,38.9167275],[121.6583237,38.9167952],[121.6589497,38.9168717],[121.6589794,38.9167055],[121.6591072,38.9159919],[121.6590455,38.9159339],[121.6590583,38.9158527],[121.6584906,38.9157885],[121.6580042,38.9157334],[121.6579574,38.9158113],[121.6578871,38.9158428],[121.6578232,38.9159836],[121.6577487,38.9165708],[121.6577444,38.9166049],[121.657738,38.9167275]]}},{"type":"Feature","id":"way/894070320","properties":{"highway":"service","service":"parking_aisle","id":"way/894070320"},"geometry":{"type":"LineString","coordinates":[[121.6577487,38.9165708],[121.6583556,38.9166348],[121.6589794,38.9167055]]}},{"type":"Feature","id":"way/895410271","properties":{"highway":"service","service":"parking_aisle","id":"way/895410271"},"geometry":{"type":"LineString","coordinates":[[121.6618086,38.9235613],[121.6618813,38.9231201],[121.6618847,38.9231052],[121.6619184,38.9229542],[121.6619518,38.9229427],[121.6620296,38.9229903]]}},{"type":"Feature","id":"way/895410272","properties":{"highway":"service","service":"parking_aisle","id":"way/895410272"},"geometry":{"type":"LineString","coordinates":[[121.6618847,38.9231052],[121.6621102,38.9231729],[121.6621879,38.9231962],[121.6622131,38.9232037],[121.6623429,38.9232369]]}},{"type":"Feature","id":"way/895410273","properties":{"highway":"service","service":"parking_aisle","id":"way/895410273"},"geometry":{"type":"LineString","coordinates":[[121.6621879,38.9231962],[121.6621422,38.923308]]}},{"type":"Feature","id":"way/895410274","properties":{"highway":"service","service":"parking_aisle","id":"way/895410274"},"geometry":{"type":"LineString","coordinates":[[121.6620673,38.9232974],[121.6621102,38.9231729]]}},{"type":"Feature","id":"way/895410275","properties":{"highway":"service","service":"parking_aisle","id":"way/895410275"},"geometry":{"type":"LineString","coordinates":[[121.6619893,38.9234988],[121.6620236,38.9233244],[121.6620673,38.9232974],[121.6621422,38.923308],[121.6622912,38.9233943]]}},{"type":"Feature","id":"way/895410276","properties":{"highway":"service","id":"way/895410276"},"geometry":{"type":"LineString","coordinates":[[121.6354872,38.9298846],[121.6350556,38.9299638],[121.6347485,38.9300177]]}},{"type":"Feature","id":"way/895410279","properties":{"highway":"secondary_link","oneway":"yes","id":"way/895410279"},"geometry":{"type":"LineString","coordinates":[[121.6343041,38.9254406],[121.634166,38.9254132],[121.6340576,38.9253616],[121.6340275,38.9253242],[121.634032,38.9252796],[121.6340561,38.9252433],[121.6341061,38.9251916]]}},{"type":"Feature","id":"way/895410280","properties":{"highway":"service","service":"parking_aisle","id":"way/895410280"},"geometry":{"type":"LineString","coordinates":[[121.6355852,38.9254129],[121.6355842,38.9254511],[121.635583,38.9254738],[121.6355816,38.92551],[121.6355709,38.9257377],[121.6351297,38.9257388]]}},{"type":"Feature","id":"way/916858050","properties":{"highway":"service","id":"way/916858050"},"geometry":{"type":"LineString","coordinates":[[121.6556758,38.9359217],[121.6558095,38.9358666],[121.6549707,38.9343118],[121.654187,38.9328589],[121.6535767,38.9318409],[121.6535473,38.9315875],[121.6535287,38.9311005],[121.6535494,38.9310062],[121.6535984,38.9309427],[121.6536825,38.9308947]]}},{"type":"Feature","id":"way/916858051","properties":{"highway":"service","id":"way/916858051"},"geometry":{"type":"LineString","coordinates":[[121.6549707,38.9343118],[121.6550741,38.9343825],[121.6551533,38.9344158],[121.6552527,38.9344345],[121.6553521,38.9344205],[121.6557195,38.934294],[121.6555696,38.9339231]]}},{"type":"Feature","id":"way/923368013","properties":{"highway":"primary","lanes":"3","name":"中山路","name:en":"Zhongshan Lu","name:ru":"улица Суня Ятсена","oneway":"yes","surface":"asphalt","id":"way/923368013"},"geometry":{"type":"LineString","coordinates":[[121.6269376,38.9168233],[121.6271069,38.9169322],[121.6273526,38.9170567],[121.6276052,38.9171646],[121.6278463,38.9172651],[121.6281196,38.917375],[121.6283688,38.9174561],[121.6296114,38.9178047],[121.6306774,38.9181278]]}},{"type":"Feature","id":"way/923378596","properties":{"crossing":"uncontrolled","crossing:markings":"zebra","footway":"crossing","highway":"footway","id":"way/923378596"},"geometry":{"type":"LineString","coordinates":[[121.6295,38.9200239],[121.6295302,38.9199699],[121.6295529,38.9199292],[121.6295715,38.9198958],[121.6295971,38.9198499],[121.6296293,38.9197923],[121.6296731,38.9197137]]}},{"type":"Feature","id":"way/923378597","properties":{"highway":"tertiary_link","oneway":"yes","id":"way/923378597"},"geometry":{"type":"LineString","coordinates":[[121.6340569,38.9245653],[121.6341019,38.9246215],[121.6343285,38.9248099],[121.6343834,38.9248476],[121.6344651,38.9248584],[121.6344744,38.9248551],[121.6345378,38.9248328],[121.6346191,38.9247978],[121.6347699,38.9247213]]}},{"type":"Feature","id":"way/923378598","properties":{"highway":"service","id":"way/923378598"},"geometry":{"type":"LineString","coordinates":[[121.6433857,38.9258886],[121.6434869,38.9259994],[121.6435906,38.9260505],[121.6436494,38.9260815],[121.6436768,38.9261132],[121.6438075,38.9262646],[121.6438327,38.9262891]]}},{"type":"Feature","id":"way/923378599","properties":{"highway":"service","id":"way/923378599"},"geometry":{"type":"LineString","coordinates":[[121.6436494,38.9260815],[121.643755,38.9260627],[121.64385,38.9260377],[121.6439893,38.9260106],[121.6440713,38.9260101],[121.6445628,38.9260153],[121.6448202,38.9260223],[121.6449364,38.9260393],[121.6449795,38.9260694],[121.6449723,38.9262241],[121.644957,38.9262685],[121.6448916,38.9263204],[121.6448485,38.9263425],[121.6446838,38.9264273],[121.6445575,38.9264556],[121.644286,38.9264583]]}},{"type":"Feature","id":"way/923603711","properties":{"highway":"unclassified","id":"way/923603711"},"geometry":{"type":"LineString","coordinates":[[121.6493651,38.9207045],[121.6501064,38.9209212],[121.6504609,38.9201791]]}},{"type":"Feature","id":"way/923603712","properties":{"highway":"unclassified","surface":"asphalt","id":"way/923603712"},"geometry":{"type":"LineString","coordinates":[[121.6505488,38.9193],[121.6501365,38.9196516],[121.6498699,38.9196231]]}},{"type":"Feature","id":"way/923603713","properties":{"highway":"unclassified","name":"北斗街","id":"way/923603713"},"geometry":{"type":"LineString","coordinates":[[121.6681139,38.9182867],[121.6680932,38.9182506],[121.6679958,38.9175916],[121.6679203,38.9174818],[121.6678707,38.91727],[121.6677793,38.916981],[121.667672,38.9168928],[121.6675802,38.9165542]]}},{"type":"Feature","id":"way/923603714","properties":{"highway":"service","service":"parking_aisle","id":"way/923603714"},"geometry":{"type":"LineString","coordinates":[[121.6709301,38.918396],[121.6708123,38.918391],[121.6707284,38.9183734],[121.6706671,38.9183307],[121.6706284,38.9182667],[121.6708204,38.9182152],[121.6709301,38.918396],[121.6709673,38.9184224],[121.6711044,38.9184902],[121.6712335,38.918671],[121.6707784,38.9188317],[121.6707429,38.9188807],[121.6706348,38.9188731],[121.6704057,38.9187463],[121.6703395,38.9186233]]}},{"type":"Feature","id":"way/923603715","properties":{"highway":"residential","id":"way/923603715"},"geometry":{"type":"LineString","coordinates":[[121.6707709,38.9175961],[121.671482,38.9173287],[121.671531,38.9172981],[121.6715666,38.9172675],[121.6725625,38.9160068]]}},{"type":"Feature","id":"way/923603716","properties":{"highway":"residential","id":"way/923603716"},"geometry":{"type":"LineString","coordinates":[[121.6719277,38.916254],[121.6715211,38.9160344],[121.6712781,38.9158643],[121.6712659,38.9157254]]}},{"type":"Feature","id":"way/923603718","properties":{"highway":"residential","id":"way/923603718"},"geometry":{"type":"LineString","coordinates":[[121.670688,38.9172037],[121.6711513,38.9171395],[121.6712806,38.9170908],[121.6713941,38.917015],[121.6714617,38.9169227],[121.6714924,38.9168332],[121.6714952,38.9167186],[121.6714891,38.9166067],[121.6715122,38.9165271],[121.6715648,38.9164612],[121.671644,38.9163952],[121.6717551,38.9163535],[121.6718629,38.9163135],[121.6719277,38.916254],[121.672155,38.9160115],[121.6723692,38.9157828]]}},{"type":"Feature","id":"way/936547457","properties":{"highway":"residential","name":"珠宝街","id":"way/936547457"},"geometry":{"type":"LineString","coordinates":[[121.6612903,38.9250042],[121.6607317,38.9239943],[121.6607018,38.9239402]]}},{"type":"Feature","id":"way/936547458","properties":{"highway":"secondary","name":"港隆西路","oneway":"yes","id":"way/936547458"},"geometry":{"type":"LineString","coordinates":[[121.6480551,38.9316967],[121.6481899,38.9316257],[121.6482823,38.9315951],[121.6514376,38.930549],[121.6514988,38.9305289],[121.652014,38.9303591],[121.6524232,38.9302062],[121.6567446,38.9287869],[121.6567845,38.9287734],[121.6568992,38.9287345],[121.6599353,38.9277071],[121.6604471,38.9275147]]}},{"type":"Feature","id":"way/936547459","properties":{"highway":"residential","id":"way/936547459"},"geometry":{"type":"LineString","coordinates":[[121.6571824,38.9268078],[121.6573757,38.9267526],[121.6576472,38.9268991],[121.6576741,38.9269524],[121.6576423,38.9269771],[121.6574931,38.9270266],[121.6574319,38.9270875],[121.6574227,38.9271651]]}},{"type":"Feature","id":"way/936547460","properties":{"highway":"unclassified","name":"北斗街","id":"way/936547460"},"geometry":{"type":"LineString","coordinates":[[121.65164,38.9200922],[121.652717,38.9198419]]}},{"type":"Feature","id":"way/936547461","properties":{"highway":"service","id":"way/936547461"},"geometry":{"type":"LineString","coordinates":[[121.652927,38.9227835],[121.6537494,38.9225493]]}},{"type":"Feature","id":"way/936547462","properties":{"highway":"tertiary","name":"职工街","name:en":"Zhigong Street","name:zh":"职工街","name:zh-Latn-pinyin":"zhígōng jiē","oneway":"yes","id":"way/936547462"},"geometry":{"type":"LineString","coordinates":[[121.6488693,38.9256128],[121.6488941,38.9255391],[121.6489117,38.9254868],[121.648954,38.925361],[121.6494927,38.9241641],[121.6496068,38.9241176],[121.649646,38.9240551]]}},{"type":"Feature","id":"way/936547463","properties":{"highway":"tertiary","name":"职工街","name:en":"Zhigong Street","name:zh":"职工街","name:zh-Latn-pinyin":"zhígōng jiē","oneway":"yes","source":"BG2YF","id":"way/936547463"},"geometry":{"type":"LineString","coordinates":[[121.6502641,38.922843],[121.650556,38.9222852]]}},{"type":"Feature","id":"way/965236431","properties":{"embedded_rails":"tram","highway":"secondary","name":"长江路","name:en":"Changjiang Road","name:zh":"长江路","oneway":"yes","id":"way/965236431"},"geometry":{"type":"LineString","coordinates":[[121.6307243,38.9204],[121.6310302,38.9208776],[121.6310798,38.9209551],[121.6311134,38.9210054],[121.6314533,38.9215139],[121.6315,38.9215837],[121.6315326,38.9216348],[121.6317602,38.9219917],[121.6321109,38.9225206],[121.6321735,38.922615],[121.6322069,38.9226672],[121.6325198,38.9231569],[121.6327931,38.9235811],[121.6328689,38.9236988]]}},{"type":"Feature","id":"way/971609001","properties":{"highway":"footway","id":"way/971609001"},"geometry":{"type":"LineString","coordinates":[[121.6352012,38.9191657],[121.6352453,38.9192999],[121.6353298,38.9194159],[121.6354073,38.9194652]]}},{"type":"Feature","id":"way/971609002","properties":{"highway":"footway","surface":"paving_stones","id":"way/971609002"},"geometry":{"type":"LineString","coordinates":[[121.6345825,38.9198533],[121.6346357,38.9198572],[121.6347499,38.9198552],[121.6350352,38.9197931],[121.6351995,38.9197383],[121.6352594,38.9197328]]}},{"type":"Feature","id":"way/971609003","properties":{"highway":"footway","layer":"-1","surface":"asphalt","tunnel":"yes","id":"way/971609003"},"geometry":{"type":"LineString","coordinates":[[121.6353627,38.9197639],[121.6354965,38.919489]]}},{"type":"Feature","id":"way/971609004","properties":{"highway":"steps","id":"way/971609004"},"geometry":{"type":"LineString","coordinates":[[121.6353627,38.9197639],[121.6352594,38.9197328]]}},{"type":"Feature","id":"way/971609005","properties":{"highway":"steps","id":"way/971609005"},"geometry":{"type":"LineString","coordinates":[[121.6354965,38.919489],[121.6354073,38.9194652]]}},{"type":"Feature","id":"way/971609008","properties":{"highway":"footway","id":"way/971609008"},"geometry":{"type":"LineString","coordinates":[[121.6395138,38.920796],[121.6394433,38.9207836]]}},{"type":"Feature","id":"way/971609009","properties":{"highway":"footway","layer":"-1","tunnel":"yes","id":"way/971609009"},"geometry":{"type":"LineString","coordinates":[[121.63774,38.9202775],[121.6376832,38.9204108],[121.6376534,38.9205233]]}},{"type":"Feature","id":"way/971609010","properties":{"highway":"steps","tunnel":"yes","id":"way/971609010"},"geometry":{"type":"LineString","coordinates":[[121.6376534,38.9205233],[121.6376518,38.9205958]]}},{"type":"Feature","id":"way/971609011","properties":{"handrail":"yes","highway":"steps","tunnel":"yes","id":"way/971609011"},"geometry":{"type":"LineString","coordinates":[[121.63774,38.9202775],[121.6378268,38.9201915]]}},{"type":"Feature","id":"way/971609012","properties":{"foot":"yes","highway":"footway","surface":"paving_stones","id":"way/971609012"},"geometry":{"type":"LineString","coordinates":[[121.6390855,38.9208558],[121.6393927,38.920941],[121.6397167,38.9210292]]}},{"type":"Feature","id":"way/971609013","properties":{"foot":"yes","highway":"footway","surface":"paving_stones","id":"way/971609013"},"geometry":{"type":"LineString","coordinates":[[121.6389462,38.9205459],[121.639056,38.9203301],[121.6391872,38.9200483]]}},{"type":"Feature","id":"way/971617159","properties":{"highway":"pedestrian","id":"way/971617159"},"geometry":{"type":"LineString","coordinates":[[121.6316048,38.9164548],[121.6315,38.9164276],[121.630422,38.9161164]]}},{"type":"Feature","id":"way/971617160","properties":{"highway":"secondary","name":"胜利街","oneway":"yes","id":"way/971617160"},"geometry":{"type":"LineString","coordinates":[[121.6327676,38.9261593],[121.632712,38.9261463],[121.6326617,38.9261104],[121.6315641,38.9253269],[121.6314063,38.9252691],[121.6306696,38.9249994],[121.6298739,38.9247063],[121.629758,38.924663],[121.6286094,38.9242963],[121.6285572,38.9242796]]}},{"type":"Feature","id":"way/976177764","properties":{"highway":"service","id":"way/976177764"},"geometry":{"type":"LineString","coordinates":[[121.6375435,38.929688],[121.6373171,38.9302122]]}},{"type":"Feature","id":"way/976177765","properties":{"highway":"service","id":"way/976177765"},"geometry":{"type":"LineString","coordinates":[[121.6373903,38.9296237],[121.6371353,38.9297349],[121.6370408,38.929817],[121.6369134,38.9299913],[121.6368036,38.9301211],[121.6366696,38.9301912],[121.6364872,38.9302271],[121.6363027,38.930198],[121.6361753,38.9301417],[121.636072,38.930034],[121.6360039,38.9299212],[121.6360215,38.9297657],[121.6361072,38.9296221],[121.6362126,38.9295298],[121.6362464,38.9294713],[121.6362368,38.9293743],[121.6361836,38.9291899],[121.6360568,38.9291125],[121.6359951,38.929065],[121.635793,38.9287779],[121.6356738,38.9286315],[121.6355706,38.9285372]]}},{"type":"Feature","id":"way/976177766","properties":{"highway":"service","id":"way/976177766"},"geometry":{"type":"LineString","coordinates":[[121.6450628,38.9274115],[121.6448638,38.9271606],[121.6453068,38.9269225]]}},{"type":"Feature","id":"way/976177767","properties":{"highway":"service","id":"way/976177767"},"geometry":{"type":"LineString","coordinates":[[121.6724979,38.9166536],[121.6725257,38.9167066],[121.6725452,38.9167437],[121.6725725,38.9167958],[121.6727418,38.9171183]]}},{"type":"Feature","id":"way/976177768","properties":{"highway":"service","service":"parking_aisle","id":"way/976177768"},"geometry":{"type":"LineString","coordinates":[[121.6725219,38.9171771],[121.6723979,38.9173045],[121.6723692,38.9173714],[121.6723807,38.9174361],[121.6724151,38.917503]]}},{"type":"Feature","id":"way/976177769","properties":{"highway":"service","service":"parking_aisle","id":"way/976177769"},"geometry":{"type":"LineString","coordinates":[[121.6723692,38.9173714],[121.6722058,38.9175231],[121.6722259,38.9175566],[121.6724151,38.917503]]}},{"type":"Feature","id":"way/997662323","properties":{"highway":"service","service":"parking_aisle","id":"way/997662323"},"geometry":{"type":"LineString","coordinates":[[121.6572531,38.926342],[121.6574042,38.9260488],[121.6574042,38.925945],[121.6575228,38.9257171],[121.6577972,38.9253652],[121.6580493,38.9251777],[121.6581197,38.9251489],[121.6582272,38.9251258],[121.6583273,38.9251748],[121.6583922,38.9252647],[121.6584126,38.9252931],[121.6584682,38.9254489],[121.6583755,38.9255065],[121.6576711,38.9261296],[121.6576044,38.9261498],[121.6574635,38.9260863],[121.6574042,38.9260488]]}},{"type":"Feature","id":"way/997662324","properties":{"highway":"service","service":"parking_aisle","id":"way/997662324"},"geometry":{"type":"LineString","coordinates":[[121.6574635,38.9260863],[121.6583922,38.9252647]]}},{"type":"Feature","id":"way/997662332","properties":{"highway":"service","service":"parking_aisle","id":"way/997662332"},"geometry":{"type":"LineString","coordinates":[[121.6722259,38.9175566],[121.6721877,38.9176349],[121.6722693,38.9177878],[121.672944,38.9176291],[121.6730404,38.9175686],[121.6732946,38.9174743],[121.6732443,38.9173464],[121.6731685,38.9171548],[121.6729627,38.9170592]]}},{"type":"Feature","id":"way/997662333","properties":{"highway":"service","service":"parking_aisle","id":"way/997662333"},"geometry":{"type":"LineString","coordinates":[[121.672944,38.9176291],[121.6729841,38.9177278],[121.6730471,38.9178831]]}},{"type":"Feature","id":"way/997662334","properties":{"highway":"service","service":"parking_aisle","id":"way/997662334"},"geometry":{"type":"LineString","coordinates":[[121.6729841,38.9177278],[121.6727279,38.9178035],[121.6727881,38.9179464],[121.6730471,38.9178831],[121.6737699,38.9177027],[121.6738331,38.9177191],[121.6738651,38.9177747]]}},{"type":"Feature","id":"way/1009917020","properties":{"highway":"trunk","oneway":"yes","id":"way/1009917020"},"geometry":{"type":"LineString","coordinates":[[121.646434,38.9294307],[121.6474991,38.9307091],[121.6475684,38.9307836],[121.6475944,38.9308115],[121.6476797,38.9308958],[121.6477908,38.9310022],[121.6478975,38.9310917]]}},{"type":"Feature","id":"way/1009917021","properties":{"highway":"service","id":"way/1009917021"},"geometry":{"type":"LineString","coordinates":[[121.6560819,38.9303152],[121.6562489,38.9302348],[121.6563722,38.9301096],[121.6563724,38.9300064],[121.6560804,38.9294689]]}},{"type":"Feature","id":"way/1009917022","properties":{"highway":"service","id":"way/1009917022"},"geometry":{"type":"LineString","coordinates":[[121.655575,38.9195965],[121.6544807,38.9194798]]}},{"type":"Feature","id":"way/1009917023","properties":{"highway":"service","id":"way/1009917023"},"geometry":{"type":"LineString","coordinates":[[121.6449858,38.9274378],[121.6444718,38.9267897],[121.644225,38.9269191]]}},{"type":"Feature","id":"way/1009917024","properties":{"highway":"service","service":"parking_aisle","id":"way/1009917024"},"geometry":{"type":"LineString","coordinates":[[121.6418472,38.9283573],[121.6417907,38.9284467],[121.6417235,38.9285086],[121.6416331,38.9285656],[121.6413361,38.9289087]]}},{"type":"Feature","id":"way/1009917025","properties":{"highway":"service","id":"way/1009917025"},"geometry":{"type":"LineString","coordinates":[[121.6426701,38.929137],[121.6426914,38.9292168],[121.6426489,38.9292829],[121.642444,38.9295372]]}},{"type":"Feature","id":"way/1009917026","properties":{"highway":"service","id":"way/1009917026"},"geometry":{"type":"LineString","coordinates":[[121.636508,38.9313289],[121.6366225,38.9313636],[121.6368773,38.9313594],[121.6370543,38.9313636],[121.6370945,38.9313928],[121.6370972,38.9315117]]}},{"type":"Feature","id":"way/1009917027","properties":{"highway":"service","service":"parking_aisle","id":"way/1009917027"},"geometry":{"type":"LineString","coordinates":[[121.6379597,38.9325751],[121.6389404,38.9325211]]}},{"type":"Feature","id":"way/1009917028","properties":{"highway":"service","service":"parking_aisle","id":"way/1009917028"},"geometry":{"type":"LineString","coordinates":[[121.638032,38.9327267],[121.6389548,38.9326686]]}},{"type":"Feature","id":"way/1009917029","properties":{"highway":"service","id":"way/1009917029"},"geometry":{"type":"LineString","coordinates":[[121.6388295,38.9353108],[121.6389114,38.9351779],[121.6390007,38.9350605],[121.6390716,38.9350149],[121.6391618,38.9349944]]}},{"type":"Feature","id":"way/1009917030","properties":{"highway":"service","id":"way/1009917030"},"geometry":{"type":"LineString","coordinates":[[121.6386345,38.9356619],[121.639315,38.9359544],[121.6394752,38.9358633],[121.6395923,38.9356932]]}},{"type":"Feature","id":"way/1009917031","properties":{"highway":"service","id":"way/1009917031"},"geometry":{"type":"LineString","coordinates":[[121.6297645,38.9353048],[121.6293265,38.9352317]]}},{"type":"Feature","id":"way/1030577205","properties":{"highway":"residential","oneway":"yes","id":"way/1030577205"},"geometry":{"type":"LineString","coordinates":[[121.6308434,38.9171223],[121.630411,38.9170007],[121.630497,38.9168128],[121.6309257,38.9169331]]}},{"type":"Feature","id":"way/1030577206","properties":{"highway":"residential","oneway":"yes","id":"way/1030577206"},"geometry":{"type":"LineString","coordinates":[[121.6311428,38.9169958],[121.6312619,38.917031],[121.6313385,38.9170518]]}},{"type":"Feature","id":"way/1030577207","properties":{"highway":"residential","oneway":"yes","id":"way/1030577207"},"geometry":{"type":"LineString","coordinates":[[121.631348,38.9172643],[121.631253,38.9172362],[121.6311793,38.9172135],[121.6308434,38.9171223]]}},{"type":"Feature","id":"way/1030577208","properties":{"highway":"primary","name":"解放路","oneway":"yes","surface":"asphalt","id":"way/1030577208"},"geometry":{"type":"LineString","coordinates":[[121.6306774,38.9181278],[121.6307409,38.9181231],[121.6307866,38.9181043],[121.6308256,38.9180721],[121.6308852,38.9179793],[121.631176,38.9174028],[121.631253,38.9172362],[121.6313385,38.9170518]]}},{"type":"Feature","id":"way/1076394310","properties":{"highway":"unclassified","surface":"asphalt","id":"way/1076394310"},"geometry":{"type":"LineString","coordinates":[[121.6440598,38.9215835],[121.6437667,38.9221564],[121.6437385,38.9222118],[121.6436984,38.9222902]]}},{"type":"Feature","id":"way/1076394311","properties":{"highway":"unclassified","id":"way/1076394311"},"geometry":{"type":"LineString","coordinates":[[121.6440598,38.9215835],[121.6443165,38.9210287]]}},{"type":"Feature","id":"way/1076394312","properties":{"highway":"unclassified","name":"万民街","surface":"asphalt","id":"way/1076394312"},"geometry":{"type":"LineString","coordinates":[[121.6440598,38.9215835],[121.6432358,38.9213294],[121.641739,38.9208679]]}},{"type":"Feature","id":"way/1076394313","properties":{"highway":"unclassified","id":"way/1076394313"},"geometry":{"type":"LineString","coordinates":[[121.6436984,38.9222902],[121.6436675,38.9223634],[121.6435953,38.9225108],[121.6433254,38.9230617],[121.643175,38.9233696]]}},{"type":"Feature","id":"way/1076394314","properties":{"highway":"unclassified","id":"way/1076394314"},"geometry":{"type":"LineString","coordinates":[[121.6370679,38.9224849],[121.6386193,38.9234497]]}},{"type":"Feature","id":"way/1076394315","properties":{"highway":"pedestrian","id":"way/1076394315"},"geometry":{"type":"LineString","coordinates":[[121.6389298,38.9241504],[121.6396796,38.9228444]]}},{"type":"Feature","id":"way/1076394316","properties":{"highway":"unclassified","id":"way/1076394316"},"geometry":{"type":"LineString","coordinates":[[121.6400951,38.9249462],[121.6413959,38.9249486],[121.6418269,38.9247188]]}},{"type":"Feature","id":"way/1076394317","properties":{"highway":"unclassified","id":"way/1076394317"},"geometry":{"type":"LineString","coordinates":[[121.6413959,38.9249486],[121.6414226,38.924952],[121.6414507,38.9249663],[121.6414628,38.9249897],[121.6414539,38.9254596],[121.6414523,38.9255113]]}},{"type":"Feature","id":"way/1076394318","properties":{"highway":"residential","id":"way/1076394318"},"geometry":{"type":"LineString","coordinates":[[121.6409649,38.9168126],[121.6410239,38.9158632],[121.6411366,38.9147542],[121.6411988,38.9136321]]}},{"type":"Feature","id":"way/1102377725","properties":{"highway":"primary","junction":"roundabout","lanes":"4","name":"中山广场","name:en":"Zhongshang Square","name:ru":"площадь Суня Ятсена","old_name":"Николаевская площадь","old_name:ru":"Николаевская площадь","oneway":"yes","surface":"asphalt","id":"way/1102377725"},"geometry":{"type":"LineString","coordinates":[[121.6394674,38.9214453],[121.6394038,38.9214715],[121.6392678,38.9215161],[121.6391373,38.9215476],[121.6389671,38.9215756],[121.6387975,38.9215858]]}},{"type":"Feature","id":"way/1102377726","properties":{"highway":"primary","junction":"roundabout","name":"中山广场","name:en":"Zhongshang Square","name:ru":"площадь Суня Ятсена","old_name":"Николаевская площадь","old_name:ru":"Николаевская площадь","oneway":"yes","surface":"asphalt","id":"way/1102377726"},"geometry":{"type":"LineString","coordinates":[[121.6380521,38.9201861],[121.6381624,38.920097],[121.6382254,38.9200541]]}},{"type":"Feature","id":"way/1115747545","properties":{"highway":"primary","name":"中山路","oneway":"yes","id":"way/1115747545"},"geometry":{"type":"LineString","coordinates":[[121.6366235,38.920021],[121.636491,38.9199799],[121.6353271,38.9196183]]}},{"type":"Feature","id":"way/1115747546","properties":{"highway":"primary","oneway":"yes","id":"way/1115747546"},"geometry":{"type":"LineString","coordinates":[[121.637797,38.9206768],[121.6377981,38.9205426],[121.6377836,38.9204658],[121.6377459,38.9204127],[121.6376892,38.9203697],[121.6376224,38.9203437]]}},{"type":"Feature","id":"way/1115747547","properties":{"highway":"primary_link","oneway":"yes","surface":"asphalt","id":"way/1115747547"},"geometry":{"type":"LineString","coordinates":[[121.6353271,38.9196183],[121.6352361,38.9196092],[121.6351441,38.9196122],[121.6350626,38.9196215],[121.6349618,38.919635]]}},{"type":"Feature","id":"way/1115747548","properties":{"highway":"primary","junction":"roundabout","lanes":"4","name":"中山广场","name:en":"Zhongshang Square","name:ru":"площадь Суня Ятсена","old_name":"Николаевская площадь","old_name:ru":"Николаевская площадь","oneway":"yes","surface":"asphalt","id":"way/1115747548"},"geometry":{"type":"LineString","coordinates":[[121.6382254,38.9200541],[121.6384217,38.9199803],[121.6385774,38.9199408],[121.6387374,38.9199198],[121.6389108,38.9199165]]}},{"type":"Feature","id":"way/1115747549","properties":{"highway":"primary","junction":"roundabout","lanes":"4","name":"中山广场","name:en":"Zhongshang Square","name:ru":"площадь Суня Ятсена","old_name":"Николаевская площадь","old_name:ru":"Николаевская площадь","oneway":"yes","surface":"asphalt","id":"way/1115747549"},"geometry":{"type":"LineString","coordinates":[[121.6389108,38.9199165],[121.6390818,38.9199331],[121.6392244,38.9199662],[121.6393355,38.920003],[121.639467,38.9200534]]}},{"type":"Feature","id":"way/1115747550","properties":{"highway":"primary","junction":"roundabout","lanes":"4","name":"中山广场","name:en":"Zhongshang Square","name:ru":"площадь Суня Ятсена","old_name":"Николаевская площадь","old_name:ru":"Николаевская площадь","oneway":"yes","surface":"asphalt","id":"way/1115747550"},"geometry":{"type":"LineString","coordinates":[[121.637797,38.9206768],[121.6378363,38.9205325],[121.6378939,38.9203906],[121.6379634,38.9202838],[121.6380521,38.9201861]]}},{"type":"Feature","id":"way/1115747551","properties":{"highway":"primary","junction":"roundabout","name":"中山广场","name:en":"Zhongshang Square","name:ru":"площадь Суня Ятсена","old_name":"Николаевская площадь","old_name:ru":"Николаевская площадь","oneway":"yes","surface":"asphalt","id":"way/1115747551"},"geometry":{"type":"LineString","coordinates":[[121.6377877,38.920887],[121.6377854,38.9208271],[121.637797,38.9206768]]}},{"type":"Feature","id":"way/1115747552","properties":{"highway":"primary","junction":"roundabout","lanes":"4","name":"中山广场","name:en":"Zhongshang Square","name:ru":"площадь Суня Ятсена","old_name":"Николаевская площадь","old_name:ru":"Николаевская площадь","oneway":"yes","surface":"asphalt","id":"way/1115747552"},"geometry":{"type":"LineString","coordinates":[[121.6381266,38.9214114],[121.6380256,38.9213254],[121.6379226,38.921199],[121.6378404,38.921066],[121.6378068,38.9209788],[121.6377877,38.920887]]}},{"type":"Feature","id":"way/1115747553","properties":{"highway":"primary","junction":"roundabout","lanes":"4","name":"中山广场","name:en":"Zhongshang Square","name:ru":"площадь Суня Ятсена","old_name":"Николаевская площадь","old_name:ru":"Николаевская площадь","oneway":"yes","surface":"asphalt","id":"way/1115747553"},"geometry":{"type":"LineString","coordinates":[[121.6387975,38.9215858],[121.6385968,38.9215707],[121.6384437,38.9215412],[121.638269,38.9214828],[121.6381266,38.9214114]]}},{"type":"Feature","id":"way/1115747554","properties":{"highway":"primary","junction":"roundabout","lanes":"4","name":"中山广场","name:en":"Zhongshang Square","name:ru":"площадь Суня Ятсена","old_name":"Николаевская площадь","old_name:ru":"Николаевская площадь","oneway":"yes","surface":"asphalt","id":"way/1115747554"},"geometry":{"type":"LineString","coordinates":[[121.6397828,38.9211743],[121.6396519,38.921321],[121.6394674,38.9214453]]}},{"type":"Feature","id":"way/1115747555","properties":{"highway":"primary","junction":"roundabout","lanes":"4","name":"中山广场","name:en":"Zhongshang Square","name:ru":"площадь Суня Ятсена","old_name":"Николаевская площадь","old_name:ru":"Николаевская площадь","oneway":"yes","surface":"asphalt","id":"way/1115747555"},"geometry":{"type":"LineString","coordinates":[[121.6399183,38.9208669],[121.6399161,38.9209022],[121.6398806,38.9210274],[121.6397828,38.9211743]]}},{"type":"Feature","id":"way/1115747556","properties":{"highway":"primary","junction":"roundabout","lanes":"4","name":"中山广场","name:en":"Zhongshang Square","name:ru":"площадь Суня Ятсена","old_name":"Николаевская площадь","old_name:ru":"Николаевская площадь","oneway":"yes","surface":"asphalt","id":"way/1115747556"},"geometry":{"type":"LineString","coordinates":[[121.6398925,38.920495],[121.6399236,38.9206271],[121.6399367,38.9207736]]}},{"type":"Feature","id":"way/1115747557","properties":{"highway":"primary","name":"友好广场","name:en":"Youhao Square roundabout","name:ru":"площадь Дружбы","name:zh":"友好广场","name:zh-Latn-pinyin":"Yǒuhǎo guǎngchǎng huándǎo","oneway":"yes","surface":"asphalt","id":"way/1115747557"},"geometry":{"type":"LineString","coordinates":[[121.6349618,38.919635],[121.6348433,38.9196956]]}},{"type":"Feature","id":"way/1116118226","properties":{"highway":"secondary","name":"鲁迅路","name:en":"Luxun Road","name:ru":"Лу Лу","name:zh-Latn-pinyin":"lǔxùn lù","surface":"asphalt","id":"way/1116118226"},"geometry":{"type":"LineString","coordinates":[[121.6451866,38.9200393],[121.6443558,38.9201336]]}},{"type":"Feature","id":"way/1116118227","properties":{"highway":"secondary","name":"鲁迅路","name:en":"Luxun Road","name:ru":"Лу Лу","name:zh-Latn-pinyin":"lǔxùn lù","surface":"asphalt","id":"way/1116118227"},"geometry":{"type":"LineString","coordinates":[[121.6443558,38.9201336],[121.6440254,38.920172]]}},{"type":"Feature","id":"way/1116118228","properties":{"highway":"primary","name":"解放路","oneway":"yes","id":"way/1116118228"},"geometry":{"type":"LineString","coordinates":[[121.6313385,38.9170518],[121.6313945,38.9169262],[121.6314085,38.9168948],[121.6316048,38.9164548],[121.6317073,38.9162295]]}},{"type":"Feature","id":"way/1116126642","properties":{"highway":"primary","lanes":"3","name":"中山路","name:en":"Zhongshan Lu","name:ru":"улица Суня Ятсена","oneway":"yes","surface":"asphalt","id":"way/1116126642"},"geometry":{"type":"LineString","coordinates":[[121.6306774,38.9181278],[121.6309831,38.9182276]]}},{"type":"Feature","id":"way/1116140449","properties":{"highway":"primary_link","oneway":"yes","id":"way/1116140449"},"geometry":{"type":"LineString","coordinates":[[121.6540522,38.9253917],[121.6541275,38.925391],[121.6542004,38.9253812],[121.6542733,38.9253578],[121.6543299,38.9253217]]}},{"type":"Feature","id":"way/1116140450","properties":{"alt_name":"丹东线","alt_name:en":"Dandong - Dongxing Highway","alt_name:zh":"丹东线","highway":"trunk","junction":"roundabout","lanes":"1","name":"长江东路","name:en":"Changjiang East Road","name:ru":"Портовая площадь","name:zh":"长江东路","oneway":"yes","ref":"G228","id":"way/1116140450"},"geometry":{"type":"LineString","coordinates":[[121.654184,38.9255159],[121.6542355,38.9254473],[121.6543299,38.9253217]]}},{"type":"Feature","id":"way/1116140452","properties":{"alt_name":"丹东线","alt_name:en":"Dandong - Dongxing Highway","alt_name:zh":"丹东线","highway":"trunk","junction":"roundabout","lanes":"1","name":"长江东路","name:en":"Changjiang East Road","name:ru":"Портовая площадь","name:zh":"长江东路","oneway":"yes","ref":"G228","id":"way/1116140452"},"geometry":{"type":"LineString","coordinates":[[121.6543299,38.9253217],[121.6544301,38.9252246],[121.6545392,38.9251345],[121.654689,38.925051],[121.6548384,38.9250019]]}},{"type":"Feature","id":"way/1116140453","properties":{"highway":"primary","junction":"roundabout","name":"港湾广场","name:en":"Gangwan Square","name:ru":"Портовая площадь","oneway":"yes","id":"way/1116140453"},"geometry":{"type":"LineString","coordinates":[[121.6559533,38.9252532],[121.6559705,38.9253358],[121.6559621,38.9254146],[121.6559375,38.9254967],[121.6558947,38.9255662]]}},{"type":"Feature","id":"way/1116140454","properties":{"alt_name":"丹东线","alt_name:en":"Dandong - Dongxing Highway","alt_name:zh":"丹东线","highway":"trunk","junction":"roundabout","lanes":"1","name":"长江东路","name:en":"Changjiang East Road","name:ru":"Портовая площадь","name:zh":"长江东路","oneway":"yes","ref":"G228","id":"way/1116140454"},"geometry":{"type":"LineString","coordinates":[[121.6556767,38.9250234],[121.6557863,38.925081],[121.6558877,38.9251718],[121.6559533,38.9252532]]}},{"type":"Feature","id":"way/1116140455","properties":{"highway":"primary","name":"人民东路","name:en":"Renmin Road","name:ru":"Народная улица","oneway":"yes","source":"gps","id":"way/1116140455"},"geometry":{"type":"LineString","coordinates":[[121.6561291,38.9260126],[121.6568591,38.9262287],[121.6572531,38.926342],[121.6582384,38.9266334],[121.6584377,38.9266777]]}},{"type":"Feature","id":"way/1116140456","properties":{"highway":"primary","name":"人民东路","name:en":"Renmin East Road","name:ru":"Народная улица","oneway":"yes","source":"gps","id":"way/1116140456"},"geometry":{"type":"LineString","coordinates":[[121.6653462,38.928821],[121.6650508,38.9287889],[121.6633909,38.9283057]]}},{"type":"Feature","id":"way/1116140461","properties":{"highway":"service","oneway":"yes","id":"way/1116140461"},"geometry":{"type":"LineString","coordinates":[[121.6693129,38.9234538],[121.6694623,38.9234558],[121.6695383,38.9234722],[121.6696223,38.9235016]]}},{"type":"Feature","id":"way/1116140462","properties":{"highway":"service","oneway":"yes","id":"way/1116140462"},"geometry":{"type":"LineString","coordinates":[[121.669061,38.9235015],[121.6691182,38.9234736],[121.6691819,38.9234566],[121.6693129,38.9234538]]}},{"type":"Feature","id":"way/1116140463","properties":{"highway":"service","oneway":"yes","id":"way/1116140463"},"geometry":{"type":"LineString","coordinates":[[121.6701691,38.9234718],[121.670477,38.9234934],[121.6705694,38.9235253],[121.6707654,38.9235809]]}},{"type":"Feature","id":"way/1116140464","properties":{"highway":"service","oneway":"yes","id":"way/1116140464"},"geometry":{"type":"LineString","coordinates":[[121.6713422,38.9238983],[121.671199,38.9239317],[121.6710391,38.9239548],[121.6707805,38.9239418]]}},{"type":"Feature","id":"way/1116140465","properties":{"highway":"service","oneway":"yes","id":"way/1116140465"},"geometry":{"type":"LineString","coordinates":[[121.670028,38.9238362],[121.6696908,38.9238282],[121.6696026,38.9238234],[121.6695243,38.9238082],[121.669403,38.923764]]}},{"type":"Feature","id":"way/1116140466","properties":{"highway":"service","oneway":"yes","id":"way/1116140466"},"geometry":{"type":"LineString","coordinates":[[121.6704844,38.9238007],[121.6703953,38.9238206],[121.6702928,38.9238341],[121.6701922,38.923839],[121.670028,38.9238362]]}},{"type":"Feature","id":"way/1116140468","properties":{"highway":"primary","name":"港隆路","oneway":"yes","id":"way/1116140468"},"geometry":{"type":"LineString","coordinates":[[121.669403,38.923764],[121.6690032,38.9237668],[121.6687704,38.9237771],[121.6685704,38.9237911],[121.6682412,38.9238209],[121.6679228,38.923858],[121.6676318,38.9238976],[121.6673516,38.9239518],[121.6667569,38.9240828],[121.6661704,38.9242586],[121.6654253,38.9245247],[121.6648609,38.9247781],[121.6643402,38.9250419],[121.6641222,38.9251547]]}},{"type":"Feature","id":"way/1116140470","properties":{"highway":"primary","name":"港隆路","oneway":"yes","id":"way/1116140470"},"geometry":{"type":"LineString","coordinates":[[121.6711678,38.9238742],[121.6705232,38.9238041]]}},{"type":"Feature","id":"way/1116140471","properties":{"highway":"primary","name":"港隆路","oneway":"yes","id":"way/1116140471"},"geometry":{"type":"LineString","coordinates":[[121.6705232,38.9238041],[121.6704844,38.9238007]]}},{"type":"Feature","id":"way/1116140472","properties":{"highway":"service","oneway":"yes","id":"way/1116140472"},"geometry":{"type":"LineString","coordinates":[[121.6707805,38.9239418],[121.6707138,38.9239216],[121.670694,38.9239156],[121.6706259,38.9238789],[121.6705232,38.9238041]]}},{"type":"Feature","id":"way/1116140473","properties":{"highway":"service","oneway":"yes","id":"way/1116140473"},"geometry":{"type":"LineString","coordinates":[[121.6696892,38.9235012],[121.6697324,38.9234806],[121.669791,38.9234606],[121.6699008,38.923459],[121.6701691,38.9234718]]}},{"type":"Feature","id":"way/1116140474","properties":{"highway":"primary","name":"港隆路","oneway":"yes","id":"way/1116140474"},"geometry":{"type":"LineString","coordinates":[[121.6610981,38.9270852],[121.6611821,38.9270044],[121.6617776,38.926431],[121.6623117,38.9259825],[121.6625232,38.925805],[121.6634512,38.9251748],[121.6638686,38.9249203],[121.6649426,38.9243986],[121.6654572,38.9241854],[121.6660216,38.9239693],[121.6662094,38.9239165],[121.66672,38.9237872],[121.6673299,38.9236642],[121.6678862,38.9235874],[121.6685267,38.9235292],[121.669061,38.9235015]]}},{"type":"Feature","id":"way/1116140475","properties":{"highway":"primary","name":"港隆路","oneway":"yes","id":"way/1116140475"},"geometry":{"type":"LineString","coordinates":[[121.6696223,38.9235016],[121.6696892,38.9235012]]}},{"type":"Feature","id":"way/1116140476","properties":{"highway":"primary","name":"港隆路","oneway":"yes","id":"way/1116140476"},"geometry":{"type":"LineString","coordinates":[[121.6712158,38.9236331],[121.6712874,38.9236405],[121.6714272,38.9236511],[121.6716212,38.923665],[121.6718419,38.9236615],[121.6719293,38.9236601],[121.6725008,38.923651],[121.672957,38.9235194],[121.6733379,38.9233928],[121.6746003,38.9229156],[121.6781538,38.9215724]]}},{"type":"Feature","id":"way/1116144726","properties":{"highway":"service","id":"way/1116144726"},"geometry":{"type":"LineString","coordinates":[[121.6666846,38.9224307],[121.6664718,38.9220155]]}},{"type":"Feature","id":"way/1116144728","properties":{"highway":"primary","junction":"roundabout","name":"人民路","id":"way/1116144728"},"geometry":{"type":"LineString","coordinates":[[121.6550604,38.9257812],[121.654184,38.9255159],[121.6540135,38.9254627]]}},{"type":"Feature","id":"way/1116155764","properties":{"highway":"tertiary","name":"明泽街","name:en":"Mingze Street","name:ru":"улица Мингзе","name:zh":"明泽街","name:zh-Latn-pinyin":"míngzé jiē","source":"gps","surface":"asphalt","id":"way/1116155764"},"geometry":{"type":"LineString","coordinates":[[121.6471303,38.9218749],[121.6474297,38.921298],[121.6475911,38.9209385],[121.6477161,38.9204455]]}},{"type":"Feature","id":"way/1116155765","properties":{"highway":"tertiary","name":"明泽街","name:en":"Mingze Street","name:ru":"улица Мингзе","name:zh":"明泽街","name:zh-Latn-pinyin":"míngzé jiē","source":"gps","id":"way/1116155765"},"geometry":{"type":"LineString","coordinates":[[121.6477161,38.9204455],[121.6478271,38.9197611],[121.6477987,38.9196546],[121.6477914,38.9196238]]}},{"type":"Feature","id":"way/1116155766","properties":{"highway":"secondary","name":"鲁迅路","name:en":"Luxun Road","name:ru":"Лу Лу","name:zh-Latn-pinyin":"lǔxùn lù","id":"way/1116155766"},"geometry":{"type":"LineString","coordinates":[[121.6477914,38.9196238],[121.6463218,38.9198633]]}},{"type":"Feature","id":"way/1116155767","properties":{"highway":"secondary","name":"鲁迅路","name:en":"Luxun Road","name:ru":"Лу Лу","name:zh-Latn-pinyin":"lǔxùn lù","surface":"asphalt","id":"way/1116155767"},"geometry":{"type":"LineString","coordinates":[[121.6463218,38.9198633],[121.6459096,38.9199316],[121.6458392,38.9199551]]}},{"type":"Feature","id":"way/1116627968","properties":{"highway":"tertiary","name":"友好路","name:en":"Youhao Road","name:zh":"友好路","name:zh-Latn-pinyin":"yǒuhǎo lù","source":"gps","id":"way/1116627968"},"geometry":{"type":"LineString","coordinates":[[121.6344455,38.9213805],[121.6344303,38.9214753],[121.6343375,38.9223062],[121.6342795,38.9227507],[121.6342541,38.9229309]]}},{"type":"Feature","id":"way/1116697293","properties":{"highway":"unclassified","name":"学士街","id":"way/1116697293"},"geometry":{"type":"LineString","coordinates":[[121.6619002,38.9177859],[121.6624191,38.9177168]]}},{"type":"Feature","id":"way/1116705626","properties":{"highway":"primary","name":"解放路","name:en":"Jiefang Road","name:ru":"улица Джефанг","name:zh":"解放路","name:zh-Latn-pinyin":"jiěfàng lù","oneway":"yes","source":"gps","surface":"asphalt","id":"way/1116705626"},"geometry":{"type":"LineString","coordinates":[[121.6311065,38.9177407],[121.6309565,38.9180364],[121.6309309,38.9181114],[121.6309403,38.9181756],[121.6309831,38.9182276]]}},{"type":"Feature","id":"way/1116705627","properties":{"highway":"tertiary","name":"昆明街","name:en":"Kunming Street","name:zh":"昆明街","name:zh-Latn-pinyin":"kūnmíng jiē","source":"gps","id":"way/1116705627"},"geometry":{"type":"LineString","coordinates":[[121.6354308,38.9131196],[121.635371,38.9132494],[121.6349678,38.9141144],[121.6349477,38.9141619],[121.6349218,38.9142183],[121.6347053,38.9146908],[121.6344443,38.9152247],[121.634399,38.9153121],[121.6343574,38.9154091],[121.6342,38.9157549],[121.6339881,38.9161944],[121.6339447,38.916299]]}},{"type":"Feature","id":"way/1116705629","properties":{"highway":"primary","lanes":"3","name":"中山路","name:en":"Zhongshan Lu","name:ru":"улица Суня Ятсена","oneway":"yes","surface":"asphalt","id":"way/1116705629"},"geometry":{"type":"LineString","coordinates":[[121.6309831,38.9182276],[121.6312638,38.9183124],[121.6316578,38.9184335]]}},{"type":"Feature","id":"way/1116720926","properties":{"highway":"primary","name":"解放路","name:en":"Jiefang Road","name:ru":"улица Джефанг","name:zh":"解放路","name:zh-Latn-pinyin":"jiěfàng lù","oneway":"yes","source":"gps","id":"way/1116720926"},"geometry":{"type":"LineString","coordinates":[[121.631348,38.9172643],[121.6312643,38.9174328],[121.6312197,38.9175237],[121.6311065,38.9177407]]}},{"type":"Feature","id":"way/1116947783","properties":{"highway":"primary","name":"朝阳街","name:en":"Chaoyang Street","name:ru":"Улица Чаоян","name:zh":"朝阳街","name:zh-Latn-pinyin":"cháoyáng jiē","oneway":"yes","surface":"asphalt","id":"way/1116947783"},"geometry":{"type":"LineString","coordinates":[[121.6525996,38.9183171],[121.6523059,38.9187379],[121.6522925,38.918768],[121.6522894,38.9188082]]}},{"type":"Feature","id":"way/1116947784","properties":{"highway":"secondary","junction":"roundabout","name":"三八广场","name:en":"Sanba Square","name:ru":"площадь Санба","oneway":"yes","surface":"asphalt","id":"way/1116947784"},"geometry":{"type":"LineString","coordinates":[[121.6528253,38.9188114],[121.6526931,38.9188486],[121.6526355,38.9188824],[121.6525544,38.9189428],[121.6524826,38.919],[121.6524253,38.9190558],[121.6523921,38.9191053]]}},{"type":"Feature","id":"way/1116947785","properties":{"highway":"secondary","name":"鲁迅路","name:en":"Luxun Road","name:ru":"Лу Лу","name:zh-Latn-pinyin":"lǔxùn lù","id":"way/1116947785"},"geometry":{"type":"LineString","coordinates":[[121.65566,38.9191099],[121.6555525,38.9191001],[121.6543906,38.9189885],[121.6543283,38.9189825],[121.6542171,38.9189718],[121.6532704,38.91887],[121.6529558,38.91883],[121.6528253,38.9188114]]}},{"type":"Feature","id":"way/1116947786","properties":{"highway":"secondary","junction":"roundabout","name":"三八广场","name:en":"Sanba Square","name:ru":"площадь Санба","oneway":"yes","surface":"asphalt","id":"way/1116947786"},"geometry":{"type":"LineString","coordinates":[[121.6525996,38.9183171],[121.6526024,38.9184505],[121.6526756,38.9185827],[121.6527313,38.918665],[121.6527839,38.9187594],[121.6528253,38.9188114]]}},{"type":"Feature","id":"way/1116947787","properties":{"highway":"secondary","name":"港湾街","name:en":"Gangwan Street","name:ru":"Портовая улица","name:zh":"港湾街","name:zh-Latn-pinyin":"gǎngwān jiē","oneway":"yes","source":"gps","id":"way/1116947787"},"geometry":{"type":"LineString","coordinates":[[121.657939,38.9190012],[121.6579235,38.9191397],[121.65792,38.9193183],[121.6579174,38.9193466]]}},{"type":"Feature","id":"way/1116947789","properties":{"highway":"secondary","oneway":"yes","id":"way/1116947789"},"geometry":{"type":"LineString","coordinates":[[121.6340629,38.9254205],[121.6339501,38.9254117],[121.6338824,38.9254178],[121.6338177,38.9254356]]}},{"type":"Feature","id":"way/1116947790","properties":{"highway":"secondary","name":"上海路","oneway":"yes","id":"way/1116947790"},"geometry":{"type":"LineString","coordinates":[[121.6341061,38.9251916],[121.6342302,38.9251315],[121.6342655,38.9251144],[121.6343195,38.9250857],[121.6343393,38.9250726],[121.6343835,38.9250504]]}},{"type":"Feature","id":"way/1117269518","properties":{"highway":"primary","lanes":"6","name":"人民路","name:en":"Renmin Road","name:ru":"Народная улица","oneway":"yes","id":"way/1117269518"},"geometry":{"type":"LineString","coordinates":[[121.6540135,38.9254627],[121.6532051,38.9252106],[121.6523418,38.9249473],[121.6509375,38.9245247],[121.6496068,38.9241176],[121.648147,38.9236641],[121.6464776,38.923149]]}},{"type":"Feature","id":"way/1117269519","properties":{"highway":"tertiary","name":"职工街","name:en":"Zhigong Street","name:zh":"职工街","name:zh-Latn-pinyin":"zhígōng jiē","oneway":"yes","source":"BG2YF","id":"way/1117269519"},"geometry":{"type":"LineString","coordinates":[[121.649646,38.9240551],[121.6496726,38.9240058],[121.6499706,38.9234524],[121.6500282,38.9233329],[121.6502641,38.922843]]}},{"type":"Feature","id":"way/1117269522","properties":{"highway":"secondary","name":"胜利街","name:ru":"улица Победы","oneway":"yes","id":"way/1117269522"},"geometry":{"type":"LineString","coordinates":[[121.6326881,38.92604],[121.6327065,38.9260675],[121.6327676,38.9261593]]}},{"type":"Feature","id":"way/1117269527","properties":{"highway":"secondary","name":"上海路","name:ru":"Шуганг","oneway":"yes","id":"way/1117269527"},"geometry":{"type":"LineString","coordinates":[[121.6330242,38.9261368],[121.6329391,38.926162],[121.6328444,38.9261666],[121.6327676,38.9261593]]}},{"type":"Feature","id":"way/1117269528","properties":{"highway":"secondary","name":"胜利街","name:ru":"улица Победы","oneway":"yes","id":"way/1117269528"},"geometry":{"type":"LineString","coordinates":[[121.6327676,38.9261593],[121.6327832,38.9261918]]}},{"type":"Feature","id":"way/1117294421","properties":{"highway":"footway","id":"way/1117294421"},"geometry":{"type":"LineString","coordinates":[[121.6379679,38.9205101],[121.6382694,38.9206035],[121.6385317,38.9206822]]}},{"type":"Feature","id":"way/1117294422","properties":{"highway":"footway","id":"way/1117294422"},"geometry":{"type":"LineString","coordinates":[[121.638187,38.9206911],[121.6382412,38.920707]]}},{"type":"Feature","id":"way/1117294423","properties":{"highway":"footway","layer":"-1","tunnel":"yes","id":"way/1117294423"},"geometry":{"type":"LineString","coordinates":[[121.6376832,38.9204108],[121.6380718,38.9205296],[121.6380149,38.9206398]]}},{"type":"Feature","id":"way/1117294424","properties":{"highway":"steps","tunnel":"yes","id":"way/1117294424"},"geometry":{"type":"LineString","coordinates":[[121.6380149,38.9206398],[121.638187,38.9206911]]}},{"type":"Feature","id":"way/1117294425","properties":{"crossing":"marked","footway":"crossing","highway":"footway","id":"way/1117294425"},"geometry":{"type":"LineString","coordinates":[[121.6383857,38.9216495],[121.6384437,38.9215412],[121.6384643,38.921487]]}},{"type":"Feature","id":"way/1117294426","properties":{"crossing":"marked","crossing:markings":"yes","foot":"yes","footway":"crossing","highway":"footway","id":"way/1117294426"},"geometry":{"type":"LineString","coordinates":[[121.6391872,38.9200483],[121.6392096,38.9199979],[121.6392244,38.9199662],[121.639266,38.9198811]]}},{"type":"Feature","id":"way/1117294427","properties":{"foot":"yes","footway":"sidewalk","highway":"footway","id":"way/1117294427"},"geometry":{"type":"LineString","coordinates":[[121.6382554,38.9199121],[121.6383318,38.9198916],[121.6384107,38.9198701],[121.6384123,38.9198697],[121.6385145,38.9198438],[121.6386314,38.9198209],[121.6387135,38.9198114],[121.638794,38.9198121]]}},{"type":"Feature","id":"way/1117294428","properties":{"crossing":"marked","crossing:markings":"yes","foot":"yes","footway":"crossing","highway":"footway","surface":"paving_stones","id":"way/1117294428"},"geometry":{"type":"LineString","coordinates":[[121.638794,38.9198121],[121.6389168,38.9198123],[121.6390185,38.9198186]]}},{"type":"Feature","id":"way/1117294429","properties":{"foot":"yes","footway":"sidewalk","highway":"footway","id":"way/1117294429"},"geometry":{"type":"LineString","coordinates":[[121.6390185,38.9198186],[121.6391114,38.9198344],[121.6392393,38.919873],[121.639266,38.9198811],[121.6394438,38.9199348]]}},{"type":"Feature","id":"way/1117294430","properties":{"crossing":"marked","foot":"yes","footway":"crossing","highway":"footway","id":"way/1117294430"},"geometry":{"type":"LineString","coordinates":[[121.6394438,38.9199348],[121.6395347,38.9199678],[121.6396354,38.9200236]]}},{"type":"Feature","id":"way/1117294431","properties":{"foot":"yes","footway":"sidewalk","highway":"footway","id":"way/1117294431"},"geometry":{"type":"LineString","coordinates":[[121.6378268,38.9201915],[121.6378824,38.9201415],[121.6379365,38.9201408],[121.6380285,38.9200642],[121.6380456,38.9200339],[121.6380592,38.9200016]]}},{"type":"Feature","id":"way/1117294432","properties":{"crossing":"marked","crossing:markings":"yes","foot":"yes","footway":"crossing","highway":"footway","id":"way/1117294432"},"geometry":{"type":"LineString","coordinates":[[121.6380592,38.9200016],[121.6381422,38.9199599],[121.6382554,38.9199121]]}},{"type":"Feature","id":"way/1117294433","properties":{"crossing":"marked","crossing:markings":"yes","footway":"crossing","highway":"footway","id":"way/1117294433"},"geometry":{"type":"LineString","coordinates":[[121.6400766,38.9207474],[121.6400696,38.9206652],[121.6400434,38.9205557],[121.6399996,38.9204667]]}},{"type":"Feature","id":"way/1117294434","properties":{"highway":"steps","layer":"-1","tunnel":"yes","id":"way/1117294434"},"geometry":{"type":"LineString","coordinates":[[121.6400624,38.9209887],[121.6400659,38.9209076]]}},{"type":"Feature","id":"way/1117294435","properties":{"highway":"footway","layer":"-1","surface":"paving_stones","tunnel":"yes","id":"way/1117294435"},"geometry":{"type":"LineString","coordinates":[[121.6396897,38.9208417],[121.639634,38.9209635],[121.6400634,38.9210791]]}},{"type":"Feature","id":"way/1117294436","properties":{"footway":"sidewalk","highway":"footway","id":"way/1117294436"},"geometry":{"type":"LineString","coordinates":[[121.640165,38.9213219],[121.6401773,38.9212976],[121.64016,38.9212931]]}},{"type":"Feature","id":"way/1117294437","properties":{"highway":"footway","layer":"-1","surface":"asphalt","tunnel":"yes","id":"way/1117294437"},"geometry":{"type":"LineString","coordinates":[[121.64007,38.9212672],[121.6400247,38.921246],[121.6400634,38.9210791],[121.6400624,38.9209887]]}},{"type":"Feature","id":"way/1117294438","properties":{"foot":"yes","footway":"sidewalk","highway":"footway","id":"way/1117294438"},"geometry":{"type":"LineString","coordinates":[[121.6376397,38.9208289],[121.6376383,38.9207145],[121.6376518,38.9205958]]}},{"type":"Feature","id":"way/1117294439","properties":{"crossing":"marked","crossing:markings":"yes","foot":"yes","footway":"crossing","highway":"footway","id":"way/1117294439"},"geometry":{"type":"LineString","coordinates":[[121.637651,38.9209785],[121.6376487,38.9209065],[121.6376397,38.9208289]]}},{"type":"Feature","id":"way/1117294440","properties":{"foot":"yes","footway":"sidewalk","highway":"footway","id":"way/1117294440"},"geometry":{"type":"LineString","coordinates":[[121.6379315,38.9214225],[121.6379629,38.9213766],[121.6379483,38.9213317],[121.6378938,38.921281],[121.6378434,38.9212219],[121.637792,38.9211602],[121.6377528,38.9210965],[121.6377141,38.9210259],[121.6376906,38.9209885],[121.637651,38.9209785]]}},{"type":"Feature","id":"way/1117294441","properties":{"crossing":"marked","crossing:markings":"yes","foot":"yes","footway":"crossing","highway":"footway","id":"way/1117294441"},"geometry":{"type":"LineString","coordinates":[[121.6381454,38.9215557],[121.6380391,38.9214983],[121.6379315,38.9214225]]}},{"type":"Feature","id":"way/1117294442","properties":{"foot":"yes","footway":"sidewalk","highway":"footway","id":"way/1117294442"},"geometry":{"type":"LineString","coordinates":[[121.638592,38.9217147],[121.6383857,38.9216495],[121.6382456,38.9216093],[121.6381454,38.9215557]]}},{"type":"Feature","id":"way/1117294443","properties":{"crossing":"marked","crossing:markings":"yes","foot":"yes","footway":"crossing","highway":"footway","id":"way/1117294443"},"geometry":{"type":"LineString","coordinates":[[121.6388729,38.9217186],[121.6387705,38.9217246],[121.638592,38.9217147]]}},{"type":"Feature","id":"way/1117294444","properties":{"foot":"yes","footway":"sidewalk","highway":"footway","id":"way/1117294444"},"geometry":{"type":"LineString","coordinates":[[121.6398782,38.9212589],[121.639826,38.9212977],[121.6397622,38.9213639],[121.639609,38.9214856]]}},{"type":"Feature","id":"way/1117294445","properties":{"crossing":"marked","crossing:markings":"yes","foot":"yes","footway":"crossing","highway":"footway","id":"way/1117294445"},"geometry":{"type":"LineString","coordinates":[[121.639609,38.9214856],[121.6395374,38.9215258],[121.6394723,38.9215602]]}},{"type":"Feature","id":"way/1117294446","properties":{"crossing":"marked","footway":"crossing","highway":"footway","id":"way/1117294446"},"geometry":{"type":"LineString","coordinates":[[121.6412633,38.9216189],[121.6413559,38.9216447],[121.6414339,38.9216664]]}},{"type":"Feature","id":"way/1117294447","properties":{"footway":"sidewalk","highway":"footway","id":"way/1117294447"},"geometry":{"type":"LineString","coordinates":[[121.6414339,38.9216664],[121.6421053,38.9218811],[121.6427652,38.922086]]}},{"type":"Feature","id":"way/1117294448","properties":{"crossing":"marked","crossing:markings":"yes","footway":"crossing","highway":"footway","id":"way/1117294448"},"geometry":{"type":"LineString","coordinates":[[121.6414339,38.9216664],[121.641467,38.9216007],[121.6415055,38.9215249],[121.6415383,38.921466]]}},{"type":"Feature","id":"way/1118230802","properties":{"highway":"footway","surface":"paving_stones","id":"way/1118230802"},"geometry":{"type":"LineString","coordinates":[[121.6835656,38.9238906],[121.6838264,38.9242446]]}},{"type":"Feature","id":"way/1118230803","properties":{"bridge":"yes","highway":"footway","layer":"1","surface":"paving_stones","id":"way/1118230803"},"geometry":{"type":"LineString","coordinates":[[121.6838264,38.9242446],[121.6840085,38.9243505]]}},{"type":"Feature","id":"way/1118230804","properties":{"bridge":"yes","highway":"footway","layer":"1","surface":"paving_stones","id":"way/1118230804"},"geometry":{"type":"LineString","coordinates":[[121.6871173,38.9236735],[121.6873897,38.9235909]]}},{"type":"Feature","id":"way/1118230805","properties":{"highway":"footway","surface":"paving_stones","id":"way/1118230805"},"geometry":{"type":"LineString","coordinates":[[121.6882082,38.9233384],[121.6882522,38.9233709],[121.6886187,38.9232527],[121.6886366,38.9232026],[121.6894019,38.9229494],[121.6896887,38.9228346],[121.6900847,38.922676]]}},{"type":"Feature","id":"way/1118230806","properties":{"highway":"footway","surface":"paving_stones","id":"way/1118230806"},"geometry":{"type":"LineString","coordinates":[[121.6871193,38.9231448],[121.6871902,38.9231243]]}},{"type":"Feature","id":"way/1118230807","properties":{"bridge":"yes","highway":"footway","layer":"1","surface":"paving_stones","id":"way/1118230807"},"geometry":{"type":"LineString","coordinates":[[121.6871902,38.9231243],[121.6872671,38.9232662]]}},{"type":"Feature","id":"way/1118230808","properties":{"highway":"footway","surface":"paving_stones","id":"way/1118230808"},"geometry":{"type":"LineString","coordinates":[[121.6872671,38.9232662],[121.6877428,38.923116],[121.6878059,38.9232339],[121.6879087,38.9234329]]}},{"type":"Feature","id":"way/1118493283","properties":{"highway":"footway","surface":"paving_stones","id":"way/1118493283"},"geometry":{"type":"LineString","coordinates":[[121.6840791,38.9244421],[121.6851801,38.9242361],[121.6856696,38.9241445]]}},{"type":"Feature","id":"way/1118493284","properties":{"bridge":"yes","highway":"footway","layer":"1","surface":"paving_stones","id":"way/1118493284"},"geometry":{"type":"LineString","coordinates":[[121.6856696,38.9241445],[121.6858947,38.9241086]]}},{"type":"Feature","id":"way/1118493286","properties":{"highway":"footway","surface":"paving_stones","id":"way/1118493286"},"geometry":{"type":"LineString","coordinates":[[121.6858947,38.9241086],[121.6861505,38.9240258],[121.6864254,38.9239345]]}},{"type":"Feature","id":"way/1118493287","properties":{"highway":"footway","surface":"paving_stones","id":"way/1118493287"},"geometry":{"type":"LineString","coordinates":[[121.6866525,38.9236358],[121.6870312,38.9235091],[121.6871173,38.9236735]]}},{"type":"Feature","id":"way/1118493288","properties":{"highway":"footway","surface":"paving_stones","id":"way/1118493288"},"geometry":{"type":"LineString","coordinates":[[121.6851801,38.9242361],[121.6851112,38.9239785],[121.6853564,38.9239318]]}},{"type":"Feature","id":"way/1118493289","properties":{"bridge":"yes","highway":"footway","layer":"1","surface":"paving_stones","id":"way/1118493289"},"geometry":{"type":"LineString","coordinates":[[121.6853564,38.9239318],[121.6852692,38.9237556]]}},{"type":"Feature","id":"way/1118493290","properties":{"highway":"footway","surface":"paving_stones","id":"way/1118493290"},"geometry":{"type":"LineString","coordinates":[[121.6870943,38.9241202],[121.6870593,38.9240631],[121.6872478,38.9240008],[121.6871094,38.9237256],[121.6871173,38.9236735]]}},{"type":"Feature","id":"way/1118493291","properties":{"highway":"steps","id":"way/1118493291"},"geometry":{"type":"LineString","coordinates":[[121.6871928,38.9242993],[121.6870943,38.9241202]]}},{"type":"Feature","id":"way/1118493292","properties":{"highway":"footway","surface":"paving_stones","id":"way/1118493292"},"geometry":{"type":"LineString","coordinates":[[121.6881593,38.9233089],[121.6882057,38.9231666],[121.6891425,38.9228662]]}},{"type":"Feature","id":"way/1118493293","properties":{"bridge":"yes","highway":"footway","layer":"1","surface":"paving_stones","id":"way/1118493293"},"geometry":{"type":"LineString","coordinates":[[121.6891425,38.9228662],[121.6892925,38.9228167]]}},{"type":"Feature","id":"way/1118493294","properties":{"highway":"footway","id":"way/1118493294"},"geometry":{"type":"LineString","coordinates":[[121.6892925,38.9228167],[121.6895323,38.9227379],[121.6896174,38.9227086],[121.6896799,38.9226871],[121.6899908,38.9225512]]}},{"type":"Feature","id":"way/1118493296","properties":{"highway":"footway","surface":"paving_stones","id":"way/1118493296"},"geometry":{"type":"LineString","coordinates":[[121.6896887,38.9228346],[121.6896443,38.9227537],[121.6896174,38.9227086]]}},{"type":"Feature","id":"way/1118493297","properties":{"highway":"footway","surface":"paving_stones","id":"way/1118493297"},"geometry":{"type":"LineString","coordinates":[[121.6873897,38.9235909],[121.6877554,38.9234815],[121.6879087,38.9234329],[121.6880628,38.9233841],[121.6881593,38.9233089],[121.6882082,38.9233384]]}},{"type":"Feature","id":"way/1118493299","properties":{"footway":"sidewalk","highway":"footway","surface":"paving_stones","id":"way/1118493299"},"geometry":{"type":"LineString","coordinates":[[121.6872109,38.9243354],[121.6863155,38.9246041],[121.6840878,38.9252749]]}},{"type":"Feature","id":"way/1118493300","properties":{"highway":"footway","surface":"paving_stones","id":"way/1118493300"},"geometry":{"type":"LineString","coordinates":[[121.6863155,38.9246041],[121.6861916,38.9242269],[121.6862351,38.9241846],[121.6864254,38.9239345],[121.6866525,38.9236358]]}},{"type":"Feature","id":"way/1118493301","properties":{"highway":"footway","id":"way/1118493301"},"geometry":{"type":"LineString","coordinates":[[121.6871928,38.9242993],[121.6872109,38.9243354]]}},{"type":"Feature","id":"way/1118493306","properties":{"footway":"sidewalk","highway":"footway","surface":"paving_stones","id":"way/1118493306"},"geometry":{"type":"LineString","coordinates":[[121.6872109,38.9243354],[121.6876015,38.9242219],[121.6876178,38.9242598]]}},{"type":"Feature","id":"way/1118501349","properties":{"highway":"secondary","name":"港湾街","name:en":"Gangwan Street","name:ru":"Портовая улица","name:zh":"港湾街","name:zh-Latn-pinyin":"gǎngwān jiē","oneway":"yes","source":"gps","id":"way/1118501349"},"geometry":{"type":"LineString","coordinates":[[121.6564719,38.9229215],[121.6563456,38.9232176],[121.6563138,38.9232928],[121.6559753,38.9240365],[121.6556376,38.924761]]}},{"type":"Feature","id":"way/1119277066","properties":{"highway":"unclassified","name":"荣民街","oneway":"yes","id":"way/1119277066"},"geometry":{"type":"LineString","coordinates":[[121.6642152,38.9185566],[121.6642254,38.9186112],[121.6644775,38.9196897]]}},{"type":"Feature","id":"way/1119277067","properties":{"highway":"secondary","name":"鲁迅路","name:en":"Luxun Road","name:zh":"鲁迅路","name:zh-Latn-pinyin":"lǔxùn lù","id":"way/1119277067"},"geometry":{"type":"LineString","coordinates":[[121.6626375,38.9187674],[121.6642152,38.9185566]]}},{"type":"Feature","id":"way/1119277068","properties":{"alt_name":"丹东线","alt_name:en":"Dandong - Dongxing Highway","alt_name:zh":"丹东线","highway":"trunk","lanes":"2","name":"华乐街","name:en":"Huale Street","name:zh":"华乐街","oneway":"yes","ref":"G228","surface":"asphalt","id":"way/1119277068"},"geometry":{"type":"LineString","coordinates":[[121.6728959,38.9163944],[121.6728666,38.9164223],[121.6728445,38.9164503],[121.6728117,38.916492],[121.6725725,38.9167958],[121.6724118,38.9169999],[121.6722699,38.9171577],[121.6721218,38.9173008],[121.6719659,38.9174325],[121.6717952,38.9175593],[121.6716366,38.9176647],[121.6714588,38.9177718],[121.6712645,38.9178667],[121.6710988,38.9179447],[121.6710242,38.9179727],[121.6709191,38.9180121]]}},{"type":"Feature","id":"way/1119277069","properties":{"highway":"unclassified","name":"海乐街","id":"way/1119277069"},"geometry":{"type":"LineString","coordinates":[[121.6728112,38.916295],[121.6725625,38.9160068],[121.6723692,38.9157828],[121.6719893,38.9153425]]}},{"type":"Feature","id":"way/1119277070","properties":{"highway":"tertiary","name":"港东一街","name:zh":"港东一街","oneway":"yes","id":"way/1119277070"},"geometry":{"type":"LineString","coordinates":[[121.6803429,38.9245697],[121.6803057,38.924577],[121.680245,38.9244921],[121.6802074,38.9244396],[121.6801726,38.9243909],[121.6794751,38.9234159],[121.6794423,38.9233701],[121.6793553,38.9232484],[121.6792881,38.9231544],[121.6792532,38.9231057],[121.67844,38.9219689],[121.6783987,38.9219116],[121.6783179,38.9217997],[121.6781538,38.9215724]]}},{"type":"Feature","id":"way/1119277071","properties":{"highway":"primary","name":"港隆路","oneway":"yes","id":"way/1119277071"},"geometry":{"type":"LineString","coordinates":[[121.6783937,38.921771],[121.6783179,38.9217997],[121.6747704,38.9231404],[121.673399,38.9236561],[121.6731141,38.9237446],[121.672848,38.9238058],[121.6724135,38.9238851],[121.6718558,38.9238945],[121.6717681,38.923896],[121.6714423,38.9239015],[121.6713422,38.9238983]]}},{"type":"Feature","id":"way/1119277073","properties":{"highway":"primary","name":"港隆路","oneway":"yes","id":"way/1119277073"},"geometry":{"type":"LineString","coordinates":[[121.6696892,38.9235012],[121.6699797,38.9235125],[121.6702579,38.9235271],[121.6705069,38.9235498],[121.6707654,38.9235809]]}},{"type":"Feature","id":"way/1119277074","properties":{"highway":"tertiary","name":"港东一街","name:zh":"港东一街","oneway":"yes","id":"way/1119277074"},"geometry":{"type":"LineString","coordinates":[[121.6762484,38.9187986],[121.6762903,38.9188567],[121.6763636,38.9189583],[121.676407,38.9190184],[121.6772178,38.9201421],[121.6772653,38.9202078],[121.6773387,38.9203095],[121.6774079,38.9204055],[121.6774405,38.9204506],[121.6781013,38.9213662],[121.6781375,38.9214164],[121.6782295,38.9215438],[121.6783937,38.921771]]}},{"type":"Feature","id":"way/1119277076","properties":{"highway":"unclassified","name":"北斗街","id":"way/1119277076"},"geometry":{"type":"LineString","coordinates":[[121.6644775,38.9196897],[121.6665243,38.9194611],[121.6665719,38.9194525],[121.6676816,38.919253]]}},{"type":"Feature","id":"way/1119277077","properties":{"highway":"unclassified","name":"荣民街","id":"way/1119277077"},"geometry":{"type":"LineString","coordinates":[[121.6644775,38.9196897],[121.6646908,38.9205746]]}},{"type":"Feature","id":"way/1119277078","properties":{"highway":"unclassified","name":"北斗街","oneway":"yes","id":"way/1119277078"},"geometry":{"type":"LineString","coordinates":[[121.6681139,38.9182867],[121.6680959,38.9183203],[121.6676816,38.919253]]}},{"type":"Feature","id":"way/1119277079","properties":{"highway":"unclassified","name":"勤俭街","oneway":"yes","id":"way/1119277079"},"geometry":{"type":"LineString","coordinates":[[121.6630642,38.9208197],[121.6646908,38.9205746]]}},{"type":"Feature","id":"way/1119277080","properties":{"highway":"unclassified","name":"新柳街","id":"way/1119277080"},"geometry":{"type":"LineString","coordinates":[[121.663155,38.9212563],[121.6630642,38.9208197]]}},{"type":"Feature","id":"way/1119291094","properties":{"access":"designated","highway":"secondary","name":"鲁迅路","oneway":"yes","surface":"asphalt","id":"way/1119291094"},"geometry":{"type":"LineString","coordinates":[[121.6419428,38.9204115],[121.6418033,38.9204392],[121.6416981,38.920455],[121.6407225,38.9205637],[121.6402658,38.9206136],[121.6401818,38.9206289],[121.6400696,38.9206652],[121.6400018,38.920709],[121.6399367,38.9207736]]}},{"type":"Feature","id":"way/1119291095","properties":{"highway":"primary","junction":"roundabout","lanes":"4","name":"中山广场","name:en":"Zhongshang Square","name:ru":"площадь Суня Ятсена","old_name":"Николаевская площадь","old_name:ru":"Николаевская площадь","oneway":"yes","surface":"asphalt","id":"way/1119291095"},"geometry":{"type":"LineString","coordinates":[[121.6399367,38.9207736],[121.6399183,38.9208669]]}},{"type":"Feature","id":"way/1119291115","properties":{"highway":"unclassified","name":"安乐街","name:en":"Anle Jie","name:zh":"安乐街","name:zh-Latn-pinyin":"ānlè jiē","source":"gps","id":"way/1119291115"},"geometry":{"type":"LineString","coordinates":[[121.6429198,38.9219561],[121.6428781,38.922035],[121.64284,38.922108],[121.6427577,38.9222652],[121.6426159,38.9225361],[121.642473,38.9228054],[121.6423063,38.9231276]]}},{"type":"Feature","id":"way/1119291116","properties":{"highway":"primary","lanes":"6","name":"人民路","name:en":"Renmin Road","name:ru":"Народная улица","oneway":"yes","id":"way/1119291116"},"geometry":{"type":"LineString","coordinates":[[121.6445257,38.9225466],[121.6444825,38.9225346],[121.6444487,38.9225242],[121.6441793,38.92244],[121.6436984,38.9222902],[121.6428781,38.922035]]}},{"type":"Feature","id":"way/1119291117","properties":{"highway":"unclassified","name":"安乐街","name:en":"Anle Jie","name:zh":"安乐街","name:zh-Latn-pinyin":"ānlè jiē","source":"gps","surface":"asphalt","id":"way/1119291117"},"geometry":{"type":"LineString","coordinates":[[121.6437128,38.9203334],[121.6435042,38.920784],[121.6432358,38.9213294],[121.6429486,38.9219025],[121.6429198,38.9219561]]}},{"type":"Feature","id":"way/1119291118","properties":{"highway":"secondary","name":"鲁迅路","name:en":"Luxun Road","name:ru":"Лу Лу","name:zh-Latn-pinyin":"lǔxùn lù","surface":"asphalt","id":"way/1119291118"},"geometry":{"type":"LineString","coordinates":[[121.6440254,38.920172],[121.6436906,38.9202108],[121.6435769,38.9202239],[121.6431839,38.920269]]}},{"type":"Feature","id":"way/1119293710","properties":{"highway":"secondary","name":"上海路","name:ru":"Шуганг","oneway":"yes","id":"way/1119293710"},"geometry":{"type":"LineString","coordinates":[[121.6303141,38.9307347],[121.6301755,38.930939]]}},{"type":"Feature","id":"way/1119293718","properties":{"highway":"service","service":"alley","id":"way/1119293718"},"geometry":{"type":"LineString","coordinates":[[121.6403152,38.9170572],[121.641407,38.9176875],[121.6414981,38.9177401]]}},{"type":"Feature","id":"way/1119293719","properties":{"highway":"tertiary","name":"新生街","oneway":"yes","id":"way/1119293719"},"geometry":{"type":"LineString","coordinates":[[121.6382379,38.9275522],[121.636169,38.9267126],[121.6347012,38.9258484],[121.6342169,38.9255042],[121.6340629,38.9254205]]}},{"type":"Feature","id":"way/1119293720","properties":{"highway":"secondary","oneway":"yes","id":"way/1119293720"},"geometry":{"type":"LineString","coordinates":[[121.6343041,38.9254406],[121.6340629,38.9254205]]}},{"type":"Feature","id":"way/1119977837","properties":{"highway":"primary","name":"长江路","oneway":"yes","id":"way/1119977837"},"geometry":{"type":"LineString","coordinates":[[121.6305899,38.9204132],[121.6305564,38.9203771],[121.6305196,38.9203493],[121.6304706,38.9203218],[121.6304168,38.9202964],[121.6303774,38.92028],[121.630252,38.9202345],[121.6302061,38.9202178],[121.6301661,38.9202033],[121.6300282,38.9201515],[121.6299777,38.9201331],[121.6295302,38.9199699],[121.6286408,38.9196729],[121.6285534,38.9196432],[121.6282539,38.9195511],[121.6279152,38.9194328]]}},{"type":"Feature","id":"way/1119977841","properties":{"embedded_rails":"tram","highway":"primary","name":"长江路","name:en":"Changjiang Road","name:zh":"长江路","oneway":"yes","id":"way/1119977841"},"geometry":{"type":"LineString","coordinates":[[121.6286857,38.9195338],[121.6295971,38.9198499],[121.6301095,38.9200109],[121.6302653,38.9200649],[121.6303908,38.9201188],[121.6304589,38.9201575]]}},{"type":"Feature","id":"way/1119977842","properties":{"highway":"service","oneway":"yes","id":"way/1119977842"},"geometry":{"type":"LineString","coordinates":[[121.6286857,38.9195338],[121.628816,38.9195401],[121.6289464,38.91956],[121.6296293,38.9197923],[121.6300199,38.9199252]]}},{"type":"Feature","id":"way/1119977843","properties":{"highway":"service","oneway":"yes","id":"way/1119977843"},"geometry":{"type":"LineString","coordinates":[[121.6300199,38.9199252],[121.6303581,38.9200244],[121.6304015,38.9200628],[121.6304303,38.9201011],[121.6304589,38.9201575]]}},{"type":"Feature","id":"way/1119977852","properties":{"highway":"footway","id":"way/1119977852"},"geometry":{"type":"LineString","coordinates":[[121.6298779,38.920154],[121.6295,38.9200239],[121.6287415,38.9197629],[121.6286943,38.9198241],[121.6281236,38.9205357],[121.6280844,38.9205846],[121.6280917,38.9206388],[121.6281195,38.9206801],[121.6282126,38.9207631],[121.6284839,38.9209485],[121.6288437,38.9211967],[121.6289306,38.9212336],[121.6289843,38.9212247],[121.6296525,38.920647]]}},{"type":"Feature","id":"way/1120004959","properties":{"embedded_rails":"tram","highway":"primary","name":"长江路","name:en":"Changjiang Road","name:zh":"长江路","oneway":"yes","id":"way/1120004959"},"geometry":{"type":"LineString","coordinates":[[121.6304589,38.9201575],[121.6305118,38.9201976],[121.6305883,38.9202563],[121.6306194,38.9202852],[121.630653,38.9203164],[121.6307243,38.9204]]}},{"type":"Feature","id":"way/1120004962","properties":{"highway":"primary","lanes":"3","name":"中山路","name:en":"Zhongshan Lu","name:ru":"улица Суня Ятсена","oneway":"yes","surface":"asphalt","id":"way/1120004962"},"geometry":{"type":"LineString","coordinates":[[121.6294537,38.9179478],[121.6282907,38.9176149],[121.6280267,38.9175352],[121.6277771,38.9174248],[121.6272532,38.9171723]]}},{"type":"Feature","id":"way/1120007935","properties":{"highway":"secondary","name":"鲁迅路","name:en":"Luxun Road","name:ru":"Лу Лу","name:zh-Latn-pinyin":"lǔxùn lù","surface":"asphalt","id":"way/1120007935"},"geometry":{"type":"LineString","coordinates":[[121.6458392,38.9199551],[121.6451866,38.9200393]]}},{"type":"Feature","id":"way/1120007936","properties":{"highway":"tertiary","name":"杏林街","name:en":"Xinlin Street","name:zh":"杏林街","name:zh-Latn-pinyin":"xìnglín jiē","source":"gps","id":"way/1120007936"},"geometry":{"type":"LineString","coordinates":[[121.6414981,38.9177401],[121.6416369,38.9177247],[121.6421518,38.9176677]]}},{"type":"Feature","id":"way/1120007937","properties":{"highway":"primary","name":"解放路","oneway":"yes","id":"way/1120007937"},"geometry":{"type":"LineString","coordinates":[[121.6317073,38.9162295],[121.6318968,38.9158179],[121.6319416,38.9157252]]}},{"type":"Feature","id":"way/1120485331","properties":{"highway":"unclassified","name":"勤俭街","oneway":"yes","id":"way/1120485331"},"geometry":{"type":"LineString","coordinates":[[121.6507167,38.9219804],[121.6518407,38.9214785],[121.6527964,38.9210526]]}},{"type":"Feature","id":"way/1120485332","properties":{"highway":"unclassified","name":"勤俭街","oneway":"yes","id":"way/1120485332"},"geometry":{"type":"LineString","coordinates":[[121.6527964,38.9210526],[121.6531932,38.9208635]]}},{"type":"Feature","id":"way/1120485333","properties":{"highway":"primary","name":"五五路","name:ru":"улица Ву-ву","name:zh":"五五路","name:zh-Latn-pinyin":"Wǔwǔ lù","oneway":"yes","id":"way/1120485333"},"geometry":{"type":"LineString","coordinates":[[121.6531932,38.9208635],[121.652717,38.9198419],[121.6523921,38.9191053]]}},{"type":"Feature","id":"way/1120605403","properties":{"highway":"primary","name":"五五路","name:ru":"улица Ву-ву","name:zh":"五五路","name:zh-Latn-pinyin":"Wǔwǔ lù","oneway":"yes","surface":"asphalt","id":"way/1120605403"},"geometry":{"type":"LineString","coordinates":[[121.6523921,38.9191053],[121.6523048,38.9188512],[121.6522894,38.9188082]]}},{"type":"Feature","id":"way/1120605404","properties":{"highway":"secondary","junction":"roundabout","name":"三八广场","name:en":"Sanba Square","name:ru":"площадь Санба","oneway":"yes","surface":"asphalt","id":"way/1120605404"},"geometry":{"type":"LineString","coordinates":[[121.6523921,38.9191053],[121.65224,38.9191001],[121.6521279,38.9190611],[121.6520323,38.9190104],[121.6519296,38.9189482],[121.6518358,38.9188907],[121.6517768,38.9188463]]}},{"type":"Feature","id":"way/1120605406","properties":{"highway":"secondary","name":"鲁迅路","name:en":"Luxun Road","name:ru":"Лу Лу","name:zh-Latn-pinyin":"lǔxùn lù","surface":"asphalt","id":"way/1120605406"},"geometry":{"type":"LineString","coordinates":[[121.6522894,38.9188082],[121.6520454,38.918819],[121.6517768,38.9188463]]}},{"type":"Feature","id":"way/1120605414","properties":{"highway":"tertiary","name":"职工街","name:en":"Zhigong Street","name:zh":"职工街","name:zh-Latn-pinyin":"zhígōng jiē","source":"BG2YF","id":"way/1120605414"},"geometry":{"type":"LineString","coordinates":[[121.650556,38.9222852],[121.6507167,38.9219804]]}},{"type":"Feature","id":"way/1121534051","properties":{"highway":"tertiary","name":"玉光街","name:en":"Yuguang Street","name:zh":"玉光街","name:zh-Latn-pinyin":"yùguāng jiē","id":"way/1121534051"},"geometry":{"type":"LineString","coordinates":[[121.6358946,38.9172965],[121.6354416,38.9168011]]}},{"type":"Feature","id":"way/1133041433","properties":{"highway":"primary","name":"人民路","name:en":"Renmin Road","name:ru":"Народная улица","oneway":"yes","id":"way/1133041433"},"geometry":{"type":"LineString","coordinates":[[121.6429198,38.9219561],[121.6437385,38.9222118],[121.644488,38.9224459],[121.6445198,38.9224558],[121.6445644,38.9224697]]}},{"type":"Feature","id":"way/1133041434","properties":{"highway":"primary","name":"人民路","oneway":"yes","id":"way/1133041434"},"geometry":{"type":"LineString","coordinates":[[121.6445644,38.9224697],[121.6446074,38.9224835],[121.6446373,38.9224931],[121.6454333,38.9227492],[121.6465189,38.9230777]]}},{"type":"Feature","id":"way/1133041435","properties":{"highway":"secondary","name":"世纪街","id":"way/1133041435"},"geometry":{"type":"LineString","coordinates":[[121.6445644,38.9224697],[121.6445257,38.9225466]]}},{"type":"Feature","id":"way/1133041436","properties":{"highway":"primary","name":"人民路","oneway":"yes","surface":"asphalt","id":"way/1133041436"},"geometry":{"type":"LineString","coordinates":[[121.6465189,38.9230777],[121.6482687,38.9236177],[121.649646,38.9240551]]}},{"type":"Feature","id":"way/1133041437","properties":{"highway":"tertiary","name":"明泽街","name:en":"Mingze Street","name:ru":"улица Мингзе","name:zh":"明泽街","name:zh-Latn-pinyin":"míngzé jiē","source":"gps","id":"way/1133041437"},"geometry":{"type":"LineString","coordinates":[[121.6464776,38.923149],[121.6465189,38.9230777]]}},{"type":"Feature","id":"way/1133041438","properties":{"highway":"primary","name":"人民路","oneway":"yes","id":"way/1133041438"},"geometry":{"type":"LineString","coordinates":[[121.649646,38.9240551],[121.6510383,38.924474],[121.6523736,38.9248784],[121.6532396,38.9251405],[121.6540522,38.9253917]]}},{"type":"Feature","id":"way/1133041439","properties":{"crossing":"traffic_signals","footway":"crossing","highway":"footway","id":"way/1133041439"},"geometry":{"type":"LineString","coordinates":[[121.65395,38.9255686],[121.6540135,38.9254627],[121.6540522,38.9253917],[121.6540955,38.925333]]}},{"type":"Feature","id":"way/1133041440","properties":{"highway":"secondary","name":"鲁迅路","name:en":"Luxun Road","name:ru":"Лу Лу","name:zh-Latn-pinyin":"lǔxùn lù","surface":"asphalt","id":"way/1133041440"},"geometry":{"type":"LineString","coordinates":[[121.6528253,38.9188114],[121.6522894,38.9188082]]}},{"type":"Feature","id":"way/1133041441","properties":{"highway":"residential","id":"way/1133041441"},"geometry":{"type":"LineString","coordinates":[[121.6778392,38.9172142],[121.6773994,38.9166924],[121.6767809,38.9159584]]}},{"type":"Feature","id":"way/1133041442","properties":{"alt_name":"丹东线","alt_name:en":"Dandong - Dongxing Highway","alt_name:zh":"丹东线","highway":"trunk","lanes":"2","name":"华乐街","name:en":"Huale Street","name:zh":"华乐街","oneway":"yes","ref":"G228","surface":"asphalt","id":"way/1133041442"},"geometry":{"type":"LineString","coordinates":[[121.6757695,38.9148494],[121.6756445,38.914916],[121.6755706,38.9149554],[121.6731418,38.9162496],[121.6730957,38.9162741],[121.6729632,38.9163499]]}},{"type":"Feature","id":"way/1133041446","properties":{"highway":"residential","name":"海乐街","name:en":"Haile Street","name:zh":"海乐街","oneway":"yes","id":"way/1133041446"},"geometry":{"type":"LineString","coordinates":[[121.6746031,38.9170541],[121.6745362,38.9170283],[121.6744694,38.9170024],[121.6730466,38.9164526],[121.6729866,38.9164295],[121.6728959,38.9163944]]}},{"type":"Feature","id":"way/1133041447","properties":{"highway":"secondary_link","name":"二七广场","oneway":"yes","id":"way/1133041447"},"geometry":{"type":"LineString","coordinates":[[121.6585447,38.9192912],[121.6584612,38.919333],[121.6584059,38.9193617]]}},{"type":"Feature","id":"way/1133041448","properties":{"highway":"secondary_link","oneway":"yes","id":"way/1133041448"},"geometry":{"type":"LineString","coordinates":[[121.6579174,38.9193466],[121.6579576,38.9193795],[121.6580974,38.919523],[121.6581718,38.9195973],[121.6582512,38.9196925]]}},{"type":"Feature","id":"way/1133041449","properties":{"highway":"secondary_link","oneway":"yes","id":"way/1133041449"},"geometry":{"type":"LineString","coordinates":[[121.6582512,38.9196925],[121.6581428,38.9196143],[121.6580533,38.9195533],[121.6579668,38.9195001],[121.6578992,38.9194623],[121.6577663,38.9193877],[121.6577144,38.9193645],[121.6576383,38.9193346]]}},{"type":"Feature","id":"way/1136276019","properties":{"highway":"service","id":"way/1136276019"},"geometry":{"type":"LineString","coordinates":[[121.6404592,38.9217345],[121.6406285,38.9214215],[121.6406634,38.9213513]]}},{"type":"Feature","id":"way/1136276021","properties":{"crossing":"marked","footway":"crossing","highway":"footway","id":"way/1136276021"},"geometry":{"type":"LineString","coordinates":[[121.64138,38.9214188],[121.6414501,38.9214401],[121.6415109,38.9214585]]}},{"type":"Feature","id":"way/1136276022","properties":{"highway":"service","name":"三盛街","service":"alley","id":"way/1136276022"},"geometry":{"type":"LineString","coordinates":[[121.6412143,38.9229564],[121.6416917,38.9227037],[121.6418849,38.9223195],[121.6421053,38.9218811],[121.6421428,38.921807]]}},{"type":"Feature","id":"way/1136276023","properties":{"highway":"service","service":"alley","id":"way/1136276023"},"geometry":{"type":"LineString","coordinates":[[121.6411385,38.9221001],[121.6418849,38.9223195]]}},{"type":"Feature","id":"way/1136276024","properties":{"highway":"service","service":"alley","id":"way/1136276024"},"geometry":{"type":"LineString","coordinates":[[121.641246,38.9218772],[121.641731,38.9220269]]}},{"type":"Feature","id":"way/1136276025","properties":{"highway":"service","service":"alley","id":"way/1136276025"},"geometry":{"type":"LineString","coordinates":[[121.6418849,38.9223195],[121.6426159,38.9225361]]}},{"type":"Feature","id":"way/1136350187","properties":{"highway":"service","service":"alley","id":"way/1136350187"},"geometry":{"type":"LineString","coordinates":[[121.642473,38.9228054],[121.6433254,38.9230617]]}},{"type":"Feature","id":"way/1136350188","properties":{"crossing":"uncontrolled","footway":"crossing","highway":"footway","id":"way/1136350188"},"geometry":{"type":"LineString","coordinates":[[121.6427652,38.922086],[121.64284,38.922108],[121.6429135,38.9221315]]}},{"type":"Feature","id":"way/1136350189","properties":{"footway":"sidewalk","highway":"footway","surface":"paving_stones","id":"way/1136350189"},"geometry":{"type":"LineString","coordinates":[[121.6429135,38.9221315],[121.6436255,38.9223499]]}},{"type":"Feature","id":"way/1136350191","properties":{"highway":"service","id":"way/1136350191"},"geometry":{"type":"LineString","coordinates":[[121.6427577,38.9222652],[121.6429013,38.9223093]]}},{"type":"Feature","id":"way/1136350192","properties":{"highway":"service","surface":"asphalt","id":"way/1136350192"},"geometry":{"type":"LineString","coordinates":[[121.6434379,38.9224654],[121.6435953,38.9225108]]}},{"type":"Feature","id":"way/1136350193","properties":{"crossing":"marked","footway":"crossing","highway":"footway","id":"way/1136350193"},"geometry":{"type":"LineString","coordinates":[[121.6436255,38.9223499],[121.6436675,38.9223634],[121.6437142,38.922379]]}},{"type":"Feature","id":"way/1136350194","properties":{"footway":"sidewalk","highway":"footway","surface":"paving_stones","id":"way/1136350194"},"geometry":{"type":"LineString","coordinates":[[121.6437142,38.922379],[121.6444106,38.9225964]]}},{"type":"Feature","id":"way/1136350197","properties":{"crossing":"traffic_signals","footway":"crossing","highway":"footway","id":"way/1136350197"},"geometry":{"type":"LineString","coordinates":[[121.6444106,38.9225964],[121.6444427,38.9226059],[121.6444871,38.9226203],[121.64453,38.9226344],[121.644561,38.9226439]]}},{"type":"Feature","id":"way/1136350198","properties":{"crossing":"uncontrolled","footway":"crossing","highway":"footway","id":"way/1136350198"},"geometry":{"type":"LineString","coordinates":[[121.6444106,38.9225964],[121.6444487,38.9225242],[121.644488,38.9224459],[121.6445157,38.9223925]]}},{"type":"Feature","id":"way/1136350201","properties":{"highway":"unclassified","name":"万民街","oneway":"yes","id":"way/1136350201"},"geometry":{"type":"LineString","coordinates":[[121.6440598,38.9215835],[121.6448433,38.9218335],[121.6448883,38.9218478],[121.6449297,38.9218611],[121.6457668,38.9221281],[121.6468184,38.9224636]]}},{"type":"Feature","id":"way/1136350202","properties":{"footway":"sidewalk","highway":"footway","surface":"paving_stones","id":"way/1136350202"},"geometry":{"type":"LineString","coordinates":[[121.6415383,38.921466],[121.6428701,38.9218758]]}},{"type":"Feature","id":"way/1136350203","properties":{"footway":"sidewalk","highway":"footway","surface":"paving_stones","id":"way/1136350203"},"geometry":{"type":"LineString","coordinates":[[121.6415383,38.921466],[121.6415109,38.9214585],[121.6417698,38.9209426]]}},{"type":"Feature","id":"way/1136350204","properties":{"footway":"sidewalk","highway":"footway","surface":"paving_stones","id":"way/1136350204"},"geometry":{"type":"LineString","coordinates":[[121.6400668,38.9208894],[121.6401022,38.9208913],[121.6400944,38.9209936],[121.6408091,38.9212107],[121.6409576,38.921262],[121.6411961,38.9213483],[121.64138,38.9214188]]}},{"type":"Feature","id":"way/1136560999","properties":{"crossing":"traffic_signals","footway":"crossing","highway":"footway","id":"way/1136560999"},"geometry":{"type":"LineString","coordinates":[[121.6428701,38.9218758],[121.6429486,38.9219025],[121.643008,38.9219205]]}},{"type":"Feature","id":"way/1136561000","properties":{"footway":"sidewalk","highway":"footway","surface":"paving_stones","id":"way/1136561000"},"geometry":{"type":"LineString","coordinates":[[121.643008,38.9219205],[121.6437295,38.9221461]]}},{"type":"Feature","id":"way/1136561001","properties":{"crossing":"marked","footway":"crossing","highway":"footway","id":"way/1136561001"},"geometry":{"type":"LineString","coordinates":[[121.6437295,38.9221461],[121.6437667,38.9221564],[121.6438055,38.9221672]]}},{"type":"Feature","id":"way/1136561002","properties":{"footway":"sidewalk","highway":"footway","surface":"paving_stones","id":"way/1136561002"},"geometry":{"type":"LineString","coordinates":[[121.6438055,38.9221672],[121.6445157,38.9223925]]}},{"type":"Feature","id":"way/1136561003","properties":{"crossing":"traffic_signals","footway":"crossing","highway":"footway","id":"way/1136561003"},"geometry":{"type":"LineString","coordinates":[[121.6445157,38.9223925],[121.6445505,38.9224036],[121.6445913,38.9224167],[121.6446336,38.9224302],[121.6446642,38.92244]]}},{"type":"Feature","id":"way/1136561004","properties":{"crossing":"traffic_signals","footway":"crossing","highway":"footway","id":"way/1136561004"},"geometry":{"type":"LineString","coordinates":[[121.644561,38.9226439],[121.644598,38.9225695],[121.6446373,38.9224931],[121.6446642,38.92244]]}},{"type":"Feature","id":"way/1136561005","properties":{"footway":"sidewalk","highway":"footway","surface":"paving_stones","id":"way/1136561005"},"geometry":{"type":"LineString","coordinates":[[121.6446642,38.92244],[121.6454021,38.9226782]]}},{"type":"Feature","id":"way/1136561006","properties":{"footway":"sidewalk","highway":"footway","id":"way/1136561006"},"geometry":{"type":"LineString","coordinates":[[121.6439043,38.9235391],[121.6444106,38.9225964]]}},{"type":"Feature","id":"way/1136561007","properties":{"crossing":"marked","footway":"crossing","highway":"footway","id":"way/1136561007"},"geometry":{"type":"LineString","coordinates":[[121.6438538,38.9236326],[121.643877,38.9235875],[121.6439043,38.9235391]]}},{"type":"Feature","id":"way/1141773073","properties":{"highway":"service","source":"maxar","id":"way/1141773073"},"geometry":{"type":"LineString","coordinates":[[121.6422659,38.9189701],[121.6418959,38.9190672],[121.6410433,38.9191674],[121.6409038,38.9191131],[121.6406518,38.9189378],[121.6405225,38.91885]]}},{"type":"Feature","id":"way/1141773075","properties":{"highway":"service","source":"maxar","id":"way/1141773075"},"geometry":{"type":"LineString","coordinates":[[121.6448751,38.9188811],[121.6448283,38.9186336]]}},{"type":"Feature","id":"way/1141773076","properties":{"highway":"residential","source":"maxar","id":"way/1141773076"},"geometry":{"type":"LineString","coordinates":[[121.6428945,38.9288669],[121.6427873,38.9286292],[121.6426479,38.9284082],[121.6426152,38.9283845]]}},{"type":"Feature","id":"way/1144244599","properties":{"footway":"sidewalk","highway":"footway","surface":"paving_stones","id":"way/1144244599"},"geometry":{"type":"LineString","coordinates":[[121.644561,38.9226439],[121.6463737,38.9232306]]}},{"type":"Feature","id":"way/1144244600","properties":{"footway":"sidewalk","highway":"footway","id":"way/1144244600"},"geometry":{"type":"LineString","coordinates":[[121.6440593,38.9235881],[121.6442419,38.9232444],[121.6444255,38.9228924],[121.644561,38.9226439]]}},{"type":"Feature","id":"way/1144244601","properties":{"crossing":"marked","footway":"crossing","highway":"footway","id":"way/1144244601"},"geometry":{"type":"LineString","coordinates":[[121.6440112,38.9236825],[121.6440352,38.9236322],[121.6440593,38.9235881]]}},{"type":"Feature","id":"way/1144244602","properties":{"crossing":"marked","footway":"crossing","highway":"footway","id":"way/1144244602"},"geometry":{"type":"LineString","coordinates":[[121.6439043,38.9235391],[121.6439475,38.9235527],[121.6439863,38.9235654],[121.6440227,38.9235765],[121.6440593,38.9235881]]}},{"type":"Feature","id":"way/1144244603","properties":{"crossing":"marked","footway":"crossing","highway":"footway","id":"way/1144244603"},"geometry":{"type":"LineString","coordinates":[[121.6438538,38.9236326],[121.643904,38.9236493],[121.6439376,38.9236596],[121.6439741,38.9236717],[121.6440112,38.9236825]]}},{"type":"Feature","id":"way/1144244604","properties":{"footway":"sidewalk","highway":"footway","id":"way/1144244604"},"geometry":{"type":"LineString","coordinates":[[121.6435644,38.9242247],[121.6438538,38.9236326]]}},{"type":"Feature","id":"way/1144244605","properties":{"crossing":"marked","footway":"crossing","highway":"footway","id":"way/1144244605"},"geometry":{"type":"LineString","coordinates":[[121.6435448,38.9242718],[121.6435545,38.9242483],[121.6435644,38.9242247]]}},{"type":"Feature","id":"way/1144244606","properties":{"highway":"service","id":"way/1144244606"},"geometry":{"type":"LineString","coordinates":[[121.6441751,38.9232223],[121.6442065,38.9232319],[121.6442419,38.9232444],[121.6443051,38.9232641],[121.6443381,38.9232628],[121.6443638,38.9232473],[121.6444713,38.9230366],[121.6444749,38.9230086],[121.6444662,38.922977],[121.6444522,38.922945],[121.6444383,38.9229177],[121.6444255,38.9228924],[121.6444062,38.9228638],[121.6443839,38.9228342]]}},{"type":"Feature","id":"way/1144244611","properties":{"highway":"service","service":"parking_aisle","id":"way/1144244611"},"geometry":{"type":"LineString","coordinates":[[121.644334,38.9235556],[121.644294,38.923534],[121.6442779,38.9234992],[121.6442886,38.9234631],[121.6443476,38.9233546],[121.6443538,38.9233264],[121.644351,38.9232913],[121.6443381,38.9232628]]}},{"type":"Feature","id":"way/1144536228","properties":{"highway":"pedestrian","name":"新安街","id":"way/1144536228"},"geometry":{"type":"LineString","coordinates":[[121.6328228,38.9223469],[121.6334702,38.9220796]]}},{"type":"Feature","id":"way/1144536229","properties":{"highway":"footway","id":"way/1144536229"},"geometry":{"type":"LineString","coordinates":[[121.6321955,38.9225285],[121.6322695,38.922498],[121.6334475,38.9220134]]}},{"type":"Feature","id":"way/1144935775","properties":{"highway":"service","layer":"-1","id":"way/1144935775"},"geometry":{"type":"LineString","coordinates":[[121.6459032,38.9243424],[121.6461075,38.9244174],[121.6461739,38.9244418],[121.6464222,38.9245112],[121.6466526,38.9245203],[121.6468502,38.9245098],[121.647664,38.9246846]]}},{"type":"Feature","id":"way/1144935780","properties":{"footway":"sidewalk","highway":"footway","id":"way/1144935780"},"geometry":{"type":"LineString","coordinates":[[121.6440593,38.9235881],[121.6458327,38.9241703],[121.6459607,38.9239361],[121.6459982,38.9238689],[121.6463259,38.9233091],[121.6463737,38.9232306]]}},{"type":"Feature","id":"way/1146859500","properties":{"footway":"sidewalk","highway":"footway","surface":"paving_stones","id":"way/1146859500"},"geometry":{"type":"LineString","coordinates":[[121.6454984,38.9227115],[121.6464614,38.9230256]]}},{"type":"Feature","id":"way/1146859501","properties":{"crossing":"marked","footway":"crossing","highway":"footway","id":"way/1146859501"},"geometry":{"type":"LineString","coordinates":[[121.6454021,38.9226782],[121.6454607,38.9226982],[121.6454984,38.9227115]]}},{"type":"Feature","id":"way/1146859502","properties":{"footway":"sidewalk","highway":"footway","surface":"paving_stones","id":"way/1146859502"},"geometry":{"type":"LineString","coordinates":[[121.646599,38.9230676],[121.648196,38.9235451]]}},{"type":"Feature","id":"way/1146859503","properties":{"crossing":"marked","footway":"crossing","highway":"footway","id":"way/1146859503"},"geometry":{"type":"LineString","coordinates":[[121.6464614,38.9230256],[121.6465296,38.9230456],[121.646599,38.9230676]]}},{"type":"Feature","id":"way/1146859504","properties":{"crossing":"marked","footway":"crossing","highway":"footway","id":"way/1146859504"},"geometry":{"type":"LineString","coordinates":[[121.648196,38.9235451],[121.6482915,38.923576],[121.6483564,38.9235956]]}},{"type":"Feature","id":"way/1146859505","properties":{"footway":"sidewalk","highway":"footway","id":"way/1146859505"},"geometry":{"type":"LineString","coordinates":[[121.6483564,38.9235956],[121.649553,38.9239698]]}},{"type":"Feature","id":"way/1146859506","properties":{"footway":"sidewalk","highway":"footway","id":"way/1146859506"},"geometry":{"type":"LineString","coordinates":[[121.653332,38.9250991],[121.6540955,38.925333]]}},{"type":"Feature","id":"way/1146859507","properties":{"footway":"sidewalk","highway":"footway","id":"way/1146859507"},"geometry":{"type":"LineString","coordinates":[[121.6497636,38.9240349],[121.6509583,38.9243886]]}},{"type":"Feature","id":"way/1146859508","properties":{"crossing":"uncontrolled","footway":"crossing","highway":"footway","id":"way/1146859508"},"geometry":{"type":"LineString","coordinates":[[121.6509583,38.9243886],[121.6510655,38.9244203],[121.6511426,38.9244438]]}},{"type":"Feature","id":"way/1146859509","properties":{"crossing":"uncontrolled","footway":"crossing","highway":"footway","id":"way/1146859509"},"geometry":{"type":"LineString","coordinates":[[121.649553,38.9239698],[121.6496726,38.9240058],[121.6497636,38.9240349]]}},{"type":"Feature","id":"way/1146859510","properties":{"footway":"sidewalk","highway":"footway","id":"way/1146859510"},"geometry":{"type":"LineString","coordinates":[[121.6511426,38.9244438],[121.6522973,38.9247861]]}},{"type":"Feature","id":"way/1146859511","properties":{"crossing":"uncontrolled","footway":"crossing","highway":"footway","id":"way/1146859511"},"geometry":{"type":"LineString","coordinates":[[121.6522973,38.9247861],[121.6524055,38.9248164],[121.652496,38.924842]]}},{"type":"Feature","id":"way/1146859512","properties":{"footway":"sidewalk","highway":"footway","id":"way/1146859512"},"geometry":{"type":"LineString","coordinates":[[121.6540955,38.925333],[121.6541225,38.925345],[121.6541455,38.9253353],[121.6542078,38.9252727],[121.65427,38.9252153],[121.6543304,38.9251661],[121.6544425,38.9250811],[121.6545594,38.9250014],[121.6546917,38.9249149]]}},{"type":"Feature","id":"way/1146859513","properties":{"footway":"sidewalk","highway":"footway","id":"way/1146859513"},"geometry":{"type":"LineString","coordinates":[[121.652496,38.924842],[121.6532028,38.9250581]]}},{"type":"Feature","id":"way/1146859514","properties":{"crossing":"uncontrolled","footway":"crossing","highway":"footway","id":"way/1146859514"},"geometry":{"type":"LineString","coordinates":[[121.6532028,38.9250581],[121.6532695,38.9250793],[121.653332,38.9250991]]}},{"type":"Feature","id":"way/1146859521","properties":{"footway":"sidewalk","highway":"footway","id":"way/1146859521"},"geometry":{"type":"LineString","coordinates":[[121.6370239,38.9159672],[121.6379736,38.9162269]]}},{"type":"Feature","id":"way/1146859527","properties":{"footway":"sidewalk","highway":"footway","id":"way/1146859527"},"geometry":{"type":"LineString","coordinates":[[121.6380969,38.9164284],[121.6389623,38.9167924],[121.6389616,38.9168189],[121.6389581,38.9169671],[121.6389791,38.9170117],[121.6389473,38.9176901],[121.6389127,38.9177529]]}},{"type":"Feature","id":"way/1146859528","properties":{"footway":"sidewalk","highway":"footway","id":"way/1146859528"},"geometry":{"type":"LineString","coordinates":[[121.6369703,38.9161157],[121.6379608,38.9163677]]}},{"type":"Feature","id":"way/1146859531","properties":{"crossing":"marked","footway":"crossing","highway":"footway","id":"way/1146859531"},"geometry":{"type":"LineString","coordinates":[[121.6379608,38.9163677],[121.6380303,38.9163987],[121.6380969,38.9164284]]}},{"type":"Feature","id":"way/1146859538","properties":{"highway":"footway","id":"way/1146859538"},"geometry":{"type":"LineString","coordinates":[[121.6380543,38.9172888],[121.6381095,38.9172884],[121.6382689,38.9172902]]}},{"type":"Feature","id":"way/1146859540","properties":{"footway":"sidewalk","highway":"footway","id":"way/1146859540"},"geometry":{"type":"LineString","coordinates":[[121.6380543,38.9172888],[121.6380969,38.9164284]]}},{"type":"Feature","id":"way/1146859543","properties":{"crossing":"traffic_signals","footway":"crossing","highway":"footway","id":"way/1146859543"},"geometry":{"type":"LineString","coordinates":[[121.6389616,38.9168189],[121.6390977,38.9168218],[121.6392057,38.9168238]]}},{"type":"Feature","id":"way/1146859544","properties":{"crossing":"traffic_signals","footway":"crossing","highway":"footway","id":"way/1146859544"},"geometry":{"type":"LineString","coordinates":[[121.6389627,38.9167622],[121.638963,38.9167127],[121.6389632,38.9166647]]}},{"type":"Feature","id":"way/1146859545","properties":{"footway":"sidewalk","highway":"footway","id":"way/1146859545"},"geometry":{"type":"LineString","coordinates":[[121.6389623,38.9167924],[121.6389627,38.9167622]]}},{"type":"Feature","id":"way/1146859546","properties":{"crossing":"traffic_signals","footway":"crossing","highway":"footway","id":"way/1146859546"},"geometry":{"type":"LineString","coordinates":[[121.6392057,38.9168238],[121.6392087,38.9167749],[121.6392086,38.9167065]]}},{"type":"Feature","id":"way/1146859549","properties":{"highway":"service","service":"alley","id":"way/1146859549"},"geometry":{"type":"LineString","coordinates":[[121.6380486,38.9192009],[121.6380565,38.9189012],[121.6380601,38.9188118],[121.638072,38.9183026]]}},{"type":"Feature","id":"way/1146859550","properties":{"highway":"service","name":"警卫街","service":"alley","id":"way/1146859550"},"geometry":{"type":"LineString","coordinates":[[121.638072,38.9183026],[121.6388904,38.9183102],[121.6390244,38.9183115]]}},{"type":"Feature","id":"way/1146859553","properties":{"highway":"service","service":"parking_aisle","id":"way/1146859553"},"geometry":{"type":"LineString","coordinates":[[121.6375984,38.9179499],[121.6376491,38.9180139],[121.637696,38.9180732]]}},{"type":"Feature","id":"way/1146859556","properties":{"footway":"sidewalk","highway":"footway","id":"way/1146859556"},"geometry":{"type":"LineString","coordinates":[[121.6369759,38.9183641],[121.6376491,38.9180139],[121.6379572,38.9178638],[121.6389077,38.9178828]]}},{"type":"Feature","id":"way/1146859557","properties":{"footway":"sidewalk","highway":"footway","id":"way/1146859557"},"geometry":{"type":"LineString","coordinates":[[121.6381211,38.9188152],[121.6388677,38.9188269]]}},{"type":"Feature","id":"way/1146859558","properties":{"footway":"sidewalk","highway":"footway","id":"way/1146859558"},"geometry":{"type":"LineString","coordinates":[[121.6369759,38.9183641],[121.6373233,38.9187957],[121.6379954,38.918809]]}},{"type":"Feature","id":"way/1146859559","properties":{"crossing":"marked","footway":"crossing","highway":"footway","id":"way/1146859559"},"geometry":{"type":"LineString","coordinates":[[121.6379954,38.918809],[121.6380601,38.9188118],[121.6381211,38.9188152]]}},{"type":"Feature","id":"way/1146859560","properties":{"footway":"sidewalk","highway":"footway","id":"way/1146859560"},"geometry":{"type":"LineString","coordinates":[[121.638794,38.9198121],[121.6388033,38.9196784],[121.6388518,38.9189839]]}},{"type":"Feature","id":"way/1146859561","properties":{"footway":"sidewalk","highway":"footway","id":"way/1146859561"},"geometry":{"type":"LineString","coordinates":[[121.6382554,38.9199121],[121.6381745,38.9198153],[121.6376568,38.9191954],[121.6374663,38.9189645]]}},{"type":"Feature","id":"way/1146859562","properties":{"crossing":"traffic_signals","footway":"crossing","highway":"footway","id":"way/1146859562"},"geometry":{"type":"LineString","coordinates":[[121.6374663,38.9189645],[121.6373988,38.9188875],[121.6373233,38.9187957]]}},{"type":"Feature","id":"way/1146859564","properties":{"footway":"sidewalk","highway":"footway","id":"way/1146859564"},"geometry":{"type":"LineString","coordinates":[[121.6390881,38.9188891],[121.6391307,38.9181668],[121.6391436,38.9179633]]}},{"type":"Feature","id":"way/1146859565","properties":{"footway":"sidewalk","highway":"footway","id":"way/1146859565"},"geometry":{"type":"LineString","coordinates":[[121.6391558,38.9177808],[121.6392057,38.9168238]]}},{"type":"Feature","id":"way/1146859566","properties":{"crossing":"traffic_signals","footway":"crossing","highway":"footway","id":"way/1146859566"},"geometry":{"type":"LineString","coordinates":[[121.6391436,38.9179633],[121.639152,38.9178514],[121.6391558,38.9177808]]}},{"type":"Feature","id":"way/1146859567","properties":{"footway":"sidewalk","highway":"footway","id":"way/1146859567"},"geometry":{"type":"LineString","coordinates":[[121.6390185,38.9198186],[121.6390293,38.919684],[121.6390794,38.9190029]]}},{"type":"Feature","id":"way/1146859568","properties":{"crossing":"traffic_signals","footway":"crossing","highway":"footway","id":"way/1146859568"},"geometry":{"type":"LineString","coordinates":[[121.6390794,38.9190029],[121.6390828,38.9189474],[121.6390881,38.9188891]]}},{"type":"Feature","id":"way/1146859569","properties":{"footway":"sidewalk","highway":"footway","id":"way/1146859569"},"geometry":{"type":"LineString","coordinates":[[121.6388677,38.9188269],[121.6388885,38.9183556]]}},{"type":"Feature","id":"way/1146859570","properties":{"crossing":"traffic_signals","footway":"crossing","highway":"footway","id":"way/1146859570"},"geometry":{"type":"LineString","coordinates":[[121.6388518,38.9189839],[121.6388569,38.9189227],[121.6388677,38.9188269]]}},{"type":"Feature","id":"way/1146859571","properties":{"footway":"sidewalk","highway":"footway","id":"way/1146859571"},"geometry":{"type":"LineString","coordinates":[[121.6388923,38.9182705],[121.6389077,38.9178828]]}},{"type":"Feature","id":"way/1146859572","properties":{"crossing":"unmarked","footway":"crossing","highway":"footway","id":"way/1146859572"},"geometry":{"type":"LineString","coordinates":[[121.6388885,38.9183556],[121.6388904,38.9183102],[121.6388923,38.9182705]]}},{"type":"Feature","id":"way/1146859573","properties":{"crossing":"traffic_signals","footway":"crossing","highway":"footway","id":"way/1146859573"},"geometry":{"type":"LineString","coordinates":[[121.6389077,38.9178828],[121.6389101,38.9178206],[121.6389127,38.9177529]]}},{"type":"Feature","id":"way/1146859580","properties":{"highway":"service","service":"alley","surface":"asphalt","id":"way/1146859580"},"geometry":{"type":"LineString","coordinates":[[121.6375265,38.9191984],[121.6376568,38.9191954],[121.6380486,38.9192009],[121.6386972,38.91921]]}},{"type":"Feature","id":"way/1147795768","properties":{"highway":"service","surface":"asphalt","id":"way/1147795768"},"geometry":{"type":"LineString","coordinates":[[121.6380653,38.9198658],[121.6381745,38.9198153],[121.638367,38.9197606],[121.6385507,38.9197146],[121.6387079,38.9196879],[121.6388033,38.9196784],[121.6389263,38.9196728]]}},{"type":"Feature","id":"way/1147795772","properties":{"footway":"sidewalk","highway":"footway","id":"way/1147795772"},"geometry":{"type":"LineString","coordinates":[[121.6394438,38.9199348],[121.6395301,38.919837],[121.639652,38.9196932],[121.6400604,38.9192168]]}},{"type":"Feature","id":"way/1147795773","properties":{"footway":"sidewalk","highway":"footway","id":"way/1147795773"},"geometry":{"type":"LineString","coordinates":[[121.640306,38.9189383],[121.6404703,38.9187612]]}},{"type":"Feature","id":"way/1147795774","properties":{"crossing":"traffic_signals","footway":"crossing","highway":"footway","id":"way/1147795774"},"geometry":{"type":"LineString","coordinates":[[121.6400604,38.9192168],[121.6400978,38.9191744],[121.6401317,38.9191339]]}},{"type":"Feature","id":"way/1147795775","properties":{"highway":"service","layer":"-1","id":"way/1147795775"},"geometry":{"type":"LineString","coordinates":[[121.6389263,38.9196728],[121.6390293,38.919684],[121.6391248,38.9197053],[121.6392929,38.919746],[121.6394517,38.9197937],[121.6395301,38.919837],[121.6396031,38.9198881]]}},{"type":"Feature","id":"way/1147795778","properties":{"highway":"steps","layer":"-1","id":"way/1147795778"},"geometry":{"type":"LineString","coordinates":[[121.6392393,38.919873],[121.6392671,38.9198102]]}},{"type":"Feature","id":"way/1147795779","properties":{"highway":"footway","layer":"-1","id":"way/1147795779"},"geometry":{"type":"LineString","coordinates":[[121.6392671,38.9198102],[121.6392929,38.919746],[121.6393017,38.9197269]]}},{"type":"Feature","id":"way/1147795780","properties":{"highway":"steps","layer":"-1","id":"way/1147795780"},"geometry":{"type":"LineString","coordinates":[[121.6393017,38.9197269],[121.6393312,38.9196533]]}},{"type":"Feature","id":"way/1147795786","properties":{"footway":"sidewalk","highway":"footway","id":"way/1147795786"},"geometry":{"type":"LineString","coordinates":[[121.6390794,38.9190029],[121.6400604,38.9192168]]}},{"type":"Feature","id":"way/1147795787","properties":{"footway":"sidewalk","highway":"footway","id":"way/1147795787"},"geometry":{"type":"LineString","coordinates":[[121.6407468,38.918447],[121.6409315,38.9182273]]}},{"type":"Feature","id":"way/1147795788","properties":{"crossing":"marked","footway":"crossing","highway":"footway","id":"way/1147795788"},"geometry":{"type":"LineString","coordinates":[[121.6404703,38.9187612],[121.6404942,38.918732],[121.6405185,38.9187023]]}},{"type":"Feature","id":"way/1147795789","properties":{"footway":"sidewalk","highway":"footway","id":"way/1147795789"},"geometry":{"type":"LineString","coordinates":[[121.6405185,38.9187023],[121.6406986,38.9185035]]}},{"type":"Feature","id":"way/1147795790","properties":{"crossing":"marked","footway":"crossing","highway":"footway","id":"way/1147795790"},"geometry":{"type":"LineString","coordinates":[[121.6406986,38.9185035],[121.6407243,38.9184745],[121.6407468,38.918447]]}},{"type":"Feature","id":"way/1147795791","properties":{"crossing":"traffic_signals","footway":"crossing","highway":"footway","id":"way/1147795791"},"geometry":{"type":"LineString","coordinates":[[121.6410419,38.9181072],[121.6411399,38.9181608],[121.6412505,38.9182229]]}},{"type":"Feature","id":"way/1147795792","properties":{"crossing":"traffic_signals","footway":"crossing","highway":"footway","id":"way/1147795792"},"geometry":{"type":"LineString","coordinates":[[121.6409315,38.9182273],[121.6409819,38.9181763],[121.6410193,38.9181339],[121.6410419,38.9181072]]}},{"type":"Feature","id":"way/1147795793","properties":{"footway":"sidewalk","highway":"footway","id":"way/1147795793"},"geometry":{"type":"LineString","coordinates":[[121.6414456,38.9176431],[121.6414688,38.9176091],[121.6414726,38.9175852],[121.6414756,38.9174801],[121.6414928,38.9169018],[121.6404203,38.9168849]]}},{"type":"Feature","id":"way/1148038789","properties":{"footway":"sidewalk","highway":"footway","id":"way/1148038789"},"geometry":{"type":"LineString","coordinates":[[121.6315,38.9164276],[121.6316563,38.9160596],[121.6317798,38.9157853],[121.6317895,38.9157639],[121.6318689,38.9156262],[121.6319598,38.9155602],[121.6321446,38.9151293],[121.6322115,38.9149436]]}},{"type":"Feature","id":"way/1148038795","properties":{"footway":"sidewalk","highway":"footway","id":"way/1148038795"},"geometry":{"type":"LineString","coordinates":[[121.6321233,38.9158789],[121.6321419,38.9158397],[121.6321997,38.9158374],[121.6329247,38.9160416],[121.6338176,38.9163092]]}},{"type":"Feature","id":"way/1148038808","properties":{"highway":"footway","id":"way/1148038808"},"geometry":{"type":"LineString","coordinates":[[121.6301879,38.9166005],[121.6312825,38.9169097]]}},{"type":"Feature","id":"way/1148038809","properties":{"footway":"sidewalk","highway":"footway","id":"way/1148038809"},"geometry":{"type":"LineString","coordinates":[[121.6315,38.9164276],[121.6313021,38.9168663],[121.6312825,38.9169097]]}},{"type":"Feature","id":"way/1148067374","properties":{"highway":"service","service":"alley","id":"way/1148067374"},"geometry":{"type":"LineString","coordinates":[[121.6312197,38.9175237],[121.6313022,38.9175502],[121.6313426,38.9175629],[121.6318342,38.917698],[121.6322378,38.9181129]]}},{"type":"Feature","id":"way/1148067377","properties":{"highway":"service","oneway":"yes","id":"way/1148067377"},"geometry":{"type":"LineString","coordinates":[[121.631868,38.9183149],[121.6314193,38.9181622],[121.6313651,38.9181288],[121.6313307,38.9180919],[121.6313112,38.9180333],[121.6312982,38.9178496],[121.6313103,38.9177858],[121.6313467,38.917698],[121.6314569,38.9177139],[121.6314765,38.9176989],[121.6315112,38.9176894],[121.6315459,38.9176903],[121.6315855,38.9176997],[121.6318529,38.9177756],[121.6320683,38.9180009],[121.6321832,38.9181445]]}},{"type":"Feature","id":"way/1148067378","properties":{"highway":"service","id":"way/1148067378"},"geometry":{"type":"LineString","coordinates":[[121.6313467,38.917698],[121.6313036,38.9176627],[121.6313016,38.9176309],[121.6313426,38.9175629]]}},{"type":"Feature","id":"way/1148067381","properties":{"footway":"sidewalk","highway":"footway","id":"way/1148067381"},"geometry":{"type":"LineString","coordinates":[[121.6314489,38.9183104],[121.6310385,38.9181793],[121.6311783,38.9179001],[121.6311602,38.9178941],[121.631246,38.9177289],[121.6312343,38.9176843],[121.6312797,38.9175912]]}},{"type":"Feature","id":"way/1148067383","properties":{"footway":"sidewalk","highway":"footway","surface":"paving_stones","id":"way/1148067383"},"geometry":{"type":"LineString","coordinates":[[121.6311236,38.9179123],[121.6311602,38.9178941]]}},{"type":"Feature","id":"way/1148067390","properties":{"highway":"service","id":"way/1148067390"},"geometry":{"type":"LineString","coordinates":[[121.6313426,38.9175629],[121.6314618,38.917431],[121.6317194,38.9169077]]}},{"type":"Feature","id":"way/1148067391","properties":{"crossing":"marked","footway":"crossing","highway":"footway","id":"way/1148067391"},"geometry":{"type":"LineString","coordinates":[[121.6312797,38.9175912],[121.6313022,38.9175502],[121.6313187,38.9175182]]}},{"type":"Feature","id":"way/1148067392","properties":{"footway":"sidewalk","highway":"footway","id":"way/1148067392"},"geometry":{"type":"LineString","coordinates":[[121.6313187,38.9175182],[121.6315887,38.9169444]]}},{"type":"Feature","id":"way/1148067393","properties":{"highway":"unclassified","id":"way/1148067393"},"geometry":{"type":"LineString","coordinates":[[121.6315388,38.9168555],[121.6316233,38.9168799],[121.6317194,38.9169077],[121.6324236,38.9171006]]}},{"type":"Feature","id":"way/1148067394","properties":{"crossing":"marked","footway":"crossing","highway":"footway","id":"way/1148067394"},"geometry":{"type":"LineString","coordinates":[[121.6313021,38.9168663],[121.6314085,38.9168948],[121.6315083,38.9169223],[121.6315887,38.9169444]]}},{"type":"Feature","id":"way/1148067395","properties":{"crossing":"marked","footway":"crossing","highway":"footway","id":"way/1148067395"},"geometry":{"type":"LineString","coordinates":[[121.6315887,38.9169444],[121.6316233,38.9168799],[121.6316458,38.9168328]]}},{"type":"Feature","id":"way/1148067396","properties":{"highway":"unclassified","id":"way/1148067396"},"geometry":{"type":"LineString","coordinates":[[121.6318342,38.917698],[121.6324236,38.9171006]]}},{"type":"Feature","id":"way/1148067397","properties":{"footway":"sidewalk","highway":"footway","id":"way/1148067397"},"geometry":{"type":"LineString","coordinates":[[121.6316458,38.9168328],[121.6321233,38.9158789]]}},{"type":"Feature","id":"way/1148067398","properties":{"highway":"residential","oneway":"yes","id":"way/1148067398"},"geometry":{"type":"LineString","coordinates":[[121.6320548,38.9180084],[121.6320683,38.9180009]]}},{"type":"Feature","id":"way/1148067399","properties":{"highway":"service","oneway":"yes","id":"way/1148067399"},"geometry":{"type":"LineString","coordinates":[[121.6314569,38.9177139],[121.631568,38.9177222]]}},{"type":"Feature","id":"way/1148067403","properties":{"highway":"service","id":"way/1148067403"},"geometry":{"type":"LineString","coordinates":[[121.6332226,38.9209419],[121.6339559,38.9207789],[121.6345067,38.9208169]]}},{"type":"Feature","id":"way/1148067404","properties":{"highway":"service","id":"way/1148067404"},"geometry":{"type":"LineString","coordinates":[[121.6339559,38.9207789],[121.6338552,38.9204952],[121.6339564,38.9202139],[121.6336889,38.9198418]]}},{"type":"Feature","id":"way/1148067405","properties":{"highway":"service","id":"way/1148067405"},"geometry":{"type":"LineString","coordinates":[[121.6339564,38.9202139],[121.6345554,38.9202277]]}},{"type":"Feature","id":"way/1148067406","properties":{"highway":"pedestrian","name":"天津街","id":"way/1148067406"},"geometry":{"type":"LineString","coordinates":[[121.6334702,38.9220796],[121.6342027,38.9222688]]}},{"type":"Feature","id":"way/1148067407","properties":{"crossing":"marked","footway":"crossing","highway":"footway","name":"天津街","id":"way/1148067407"},"geometry":{"type":"LineString","coordinates":[[121.6342027,38.9222688],[121.6343375,38.9223062],[121.6344246,38.9223308]]}},{"type":"Feature","id":"way/1148067408","properties":{"footway":"sidewalk","highway":"footway","id":"way/1148067408"},"geometry":{"type":"LineString","coordinates":[[121.639609,38.9214856],[121.6403593,38.9223891],[121.6408145,38.9225012],[121.6412633,38.9216189]]}},{"type":"Feature","id":"way/1150240639","properties":{"highway":"service","oneway":"yes","id":"way/1150240639"},"geometry":{"type":"LineString","coordinates":[[121.6403835,38.9190125],[121.6402856,38.9189618],[121.6400729,38.9188561],[121.6400997,38.91871],[121.6402911,38.9186154],[121.6406487,38.9184346],[121.6407243,38.9184745],[121.6408166,38.9185232]]}},{"type":"Feature","id":"way/1150240640","properties":{"highway":"service","oneway":"yes","id":"way/1150240640"},"geometry":{"type":"LineString","coordinates":[[121.6402911,38.9186154],[121.6404942,38.918732],[121.6405861,38.9187793]]}},{"type":"Feature","id":"way/1150240642","properties":{"highway":"service","oneway":"yes","id":"way/1150240642"},"geometry":{"type":"LineString","coordinates":[[121.6408515,38.9181531],[121.6408196,38.918213],[121.6407435,38.9183608],[121.6406487,38.9184346]]}},{"type":"Feature","id":"way/1150240643","properties":{"footway":"sidewalk","highway":"footway","id":"way/1150240643"},"geometry":{"type":"LineString","coordinates":[[121.6401317,38.9191339],[121.6402643,38.9189845]]}},{"type":"Feature","id":"way/1150240644","properties":{"crossing":"marked","footway":"crossing","highway":"footway","id":"way/1150240644"},"geometry":{"type":"LineString","coordinates":[[121.6402643,38.9189845],[121.6402856,38.9189618],[121.640306,38.9189383]]}},{"type":"Feature","id":"way/1150240651","properties":{"footway":"sidewalk","highway":"footway","id":"way/1150240651"},"geometry":{"type":"LineString","coordinates":[[121.6390881,38.9188891],[121.6391226,38.9189158],[121.6401317,38.9191339]]}},{"type":"Feature","id":"way/1150240652","properties":{"highway":"service","id":"way/1150240652"},"geometry":{"type":"LineString","coordinates":[[121.6390297,38.9181545],[121.6391307,38.9181668],[121.6391945,38.9181741],[121.6392469,38.9181802]]}},{"type":"Feature","id":"way/1150240653","properties":{"highway":"service","id":"way/1150240653"},"geometry":{"type":"LineString","coordinates":[[121.6395689,38.9180709],[121.6395881,38.918009],[121.6396113,38.917933]]}},{"type":"Feature","id":"way/1150240659","properties":{"footway":"sidewalk","highway":"footway","id":"way/1150240659"},"geometry":{"type":"LineString","coordinates":[[121.6391436,38.9179633],[121.6391929,38.9179459],[121.6392393,38.9179467],[121.6395881,38.918009],[121.6400613,38.9180962],[121.6408196,38.918213],[121.6409315,38.9182273]]}},{"type":"Feature","id":"way/1150240661","properties":{"highway":"service","id":"way/1150240661"},"geometry":{"type":"LineString","coordinates":[[121.6402816,38.9175269],[121.6403654,38.9175265],[121.6404097,38.9175132],[121.640423,38.9174896],[121.6404253,38.9174157],[121.6404276,38.9173951],[121.6404432,38.9173776],[121.6404751,38.9173673],[121.640507,38.9173624],[121.6405527,38.9173704],[121.6406175,38.9173982],[121.6406808,38.9174319],[121.6408414,38.9175227],[121.6408806,38.9175455],[121.6410644,38.9176518],[121.6411014,38.9176833],[121.6411201,38.9177142],[121.64113,38.9177503],[121.6411282,38.9177898],[121.6411157,38.9178301],[121.6408515,38.9181531]]}},{"type":"Feature","id":"way/1150240663","properties":{"bridge":"yes","highway":"footway","layer":"1","id":"way/1150240663"},"geometry":{"type":"LineString","coordinates":[[121.6406781,38.9174606],[121.6408355,38.9175509],[121.6408807,38.9175768],[121.6410369,38.9176651]]}},{"type":"Feature","id":"way/1150240664","properties":{"bridge":"yes","highway":"steps","layer":"1","id":"way/1150240664"},"geometry":{"type":"LineString","coordinates":[[121.6410369,38.9176651],[121.641114,38.9176547]]}},{"type":"Feature","id":"way/1150240665","properties":{"bridge":"yes","highway":"steps","layer":"1","id":"way/1150240665"},"geometry":{"type":"LineString","coordinates":[[121.6406781,38.9174606],[121.6406691,38.9174017]]}},{"type":"Feature","id":"way/1150240666","properties":{"highway":"footway","id":"way/1150240666"},"geometry":{"type":"LineString","coordinates":[[121.6406691,38.9174017],[121.6406945,38.9173733]]}},{"type":"Feature","id":"way/1150240667","properties":{"highway":"footway","id":"way/1150240667"},"geometry":{"type":"LineString","coordinates":[[121.641114,38.9176547],[121.6411395,38.9176279]]}},{"type":"Feature","id":"way/1150240668","properties":{"footway":"sidewalk","highway":"footway","id":"way/1150240668"},"geometry":{"type":"LineString","coordinates":[[121.6412789,38.9178258],[121.6412818,38.9177892],[121.6412745,38.9177406],[121.6412535,38.9177022],[121.6412059,38.917664],[121.6411395,38.9176279],[121.6409163,38.9175028],[121.6406945,38.9173733],[121.6406254,38.9173359],[121.6405469,38.9173132],[121.6404968,38.9173089],[121.6404411,38.9173161],[121.6403992,38.9173306],[121.6403706,38.9173409],[121.6403475,38.9173743],[121.6403431,38.9175002]]}},{"type":"Feature","id":"way/1150240669","properties":{"bridge":"yes","highway":"steps","layer":"1","id":"way/1150240669"},"geometry":{"type":"LineString","coordinates":[[121.6408355,38.9175509],[121.6408431,38.9175428],[121.6408506,38.9175388],[121.640859,38.917538]]}},{"type":"Feature","id":"way/1150240670","properties":{"bridge":"yes","highway":"footway","layer":"1","id":"way/1150240670"},"geometry":{"type":"LineString","coordinates":[[121.640859,38.917538],[121.6408731,38.917546],[121.6408862,38.9175539]]}},{"type":"Feature","id":"way/1150240671","properties":{"bridge":"yes","highway":"steps","layer":"1","id":"way/1150240671"},"geometry":{"type":"LineString","coordinates":[[121.6408731,38.917546],[121.6408905,38.9175287]]}},{"type":"Feature","id":"way/1150240672","properties":{"bridge":"yes","highway":"steps","layer":"1","id":"way/1150240672"},"geometry":{"type":"LineString","coordinates":[[121.6408862,38.9175539],[121.6408885,38.9175621],[121.640887,38.9175698],[121.6408807,38.9175768]]}},{"type":"Feature","id":"way/1150240673","properties":{"highway":"footway","id":"way/1150240673"},"geometry":{"type":"LineString","coordinates":[[121.6408905,38.9175287],[121.6409163,38.9175028]]}},{"type":"Feature","id":"way/1150591206","properties":{"highway":"service","oneway":"yes","service":"parking_aisle","id":"way/1150591206"},"geometry":{"type":"LineString","coordinates":[[121.6413863,38.9174936],[121.6413409,38.9174933],[121.6413153,38.917486],[121.6405053,38.9170245],[121.6404991,38.9170045],[121.6405054,38.9169863],[121.6405306,38.9169727],[121.6405575,38.9169652],[121.6407206,38.9169673],[121.6407597,38.9169769],[121.6407873,38.9169939],[121.6413647,38.9173312],[121.6413788,38.9173461],[121.6413851,38.9173652],[121.6413863,38.9174936]]}},{"type":"Feature","id":"way/1150591207","properties":{"highway":"service","id":"way/1150591207"},"geometry":{"type":"LineString","coordinates":[[121.6415486,38.9174798],[121.6414756,38.9174801],[121.6414346,38.9174803],[121.6413863,38.9174936]]}},{"type":"Feature","id":"way/1150591209","properties":{"footway":"sidewalk","highway":"footway","id":"way/1150591209"},"geometry":{"type":"LineString","coordinates":[[121.6410419,38.9181072],[121.6412789,38.9178258],[121.6413552,38.9177418]]}},{"type":"Feature","id":"way/1150591210","properties":{"crossing":"marked","footway":"crossing","highway":"footway","id":"way/1150591210"},"geometry":{"type":"LineString","coordinates":[[121.6413552,38.9177418],[121.641407,38.9176875],[121.6414456,38.9176431]]}},{"type":"Feature","id":"way/1150591211","properties":{"crossing":"marked","footway":"crossing","highway":"footway","id":"way/1150591211"},"geometry":{"type":"LineString","coordinates":[[121.6414688,38.9176091],[121.6415382,38.9176098],[121.6415933,38.917611]]}},{"type":"Feature","id":"way/1150591212","properties":{"highway":"footway","id":"way/1150591212"},"geometry":{"type":"LineString","coordinates":[[121.6415933,38.917611],[121.6416212,38.9176355],[121.6416327,38.9176608]]}},{"type":"Feature","id":"way/1150591213","properties":{"crossing":"marked","crossing:markings":"yes","footway":"crossing","highway":"footway","id":"way/1150591213"},"geometry":{"type":"LineString","coordinates":[[121.6416327,38.9176608],[121.6416369,38.9177247],[121.6416404,38.9177726]]}},{"type":"Feature","id":"way/1150591214","properties":{"highway":"footway","id":"way/1150591214"},"geometry":{"type":"LineString","coordinates":[[121.6416212,38.9176355],[121.6416577,38.9176242],[121.6416998,38.9176019],[121.6417794,38.9175415]]}},{"type":"Feature","id":"way/1150591218","properties":{"crossing":"marked","footway":"crossing","highway":"footway","id":"way/1150591218"},"geometry":{"type":"LineString","coordinates":[[121.6417794,38.9175415],[121.641811,38.9175141],[121.6418381,38.9174901]]}},{"type":"Feature","id":"way/1152756990","properties":{"highway":"footway","layer":"-1","tunnel":"yes","id":"way/1152756990"},"geometry":{"type":"LineString","coordinates":[[121.6844228,38.9191807],[121.6843318,38.9190382]]}},{"type":"Feature","id":"way/1152756991","properties":{"highway":"footway","layer":"-1","tunnel":"yes","id":"way/1152756991"},"geometry":{"type":"LineString","coordinates":[[121.6839609,38.9191791],[121.6843318,38.9190382],[121.6846812,38.9189039]]}},{"type":"Feature","id":"way/1152756992","properties":{"conveying":"yes","highway":"steps","id":"way/1152756992"},"geometry":{"type":"LineString","coordinates":[[121.6838119,38.9192359],[121.6839609,38.9191791]]}},{"type":"Feature","id":"way/1152756993","properties":{"conveying":"yes","highway":"steps","id":"way/1152756993"},"geometry":{"type":"LineString","coordinates":[[121.6846812,38.9189039],[121.6848221,38.9188471]]}},{"type":"Feature","id":"way/1152756994","properties":{"highway":"footway","layer":"-1","surface":"asphalt","tunnel":"yes","id":"way/1152756994"},"geometry":{"type":"LineString","coordinates":[[121.6843434,38.9197111],[121.6847106,38.9195711],[121.6850936,38.9194204]]}},{"type":"Feature","id":"way/1152756995","properties":{"conveying":"yes","highway":"steps","id":"way/1152756995"},"geometry":{"type":"LineString","coordinates":[[121.6850936,38.9194204],[121.6852483,38.9193619]]}},{"type":"Feature","id":"way/1152756996","properties":{"conveying":"yes","highway":"steps","id":"way/1152756996"},"geometry":{"type":"LineString","coordinates":[[121.6841939,38.9197671],[121.6843434,38.9197111]]}},{"type":"Feature","id":"way/1152756997","properties":{"highway":"footway","id":"way/1152756997"},"geometry":{"type":"LineString","coordinates":[[121.6852483,38.9193619],[121.6852863,38.9193474],[121.6852691,38.91932]]}},{"type":"Feature","id":"way/1152756998","properties":{"highway":"footway","id":"way/1152756998"},"geometry":{"type":"LineString","coordinates":[[121.6848221,38.9188471],[121.6848443,38.9188375],[121.6848638,38.9188659]]}},{"type":"Feature","id":"way/1152756999","properties":{"highway":"footway","layer":"-1","tunnel":"yes","id":"way/1152756999"},"geometry":{"type":"LineString","coordinates":[[121.6846007,38.9194058],[121.6847106,38.9195711]]}},{"type":"Feature","id":"way/1152757010","properties":{"highway":"footway","layer":"-1","tunnel":"yes","id":"way/1152757010"},"geometry":{"type":"LineString","coordinates":[[121.6698509,38.9233518],[121.6699862,38.9233526],[121.6701119,38.9233533],[121.6701125,38.9235592]]}},{"type":"Feature","id":"way/1152757011","properties":{"highway":"footway","layer":"-1","tunnel":"yes","id":"way/1152757011"},"geometry":{"type":"LineString","coordinates":[[121.6699772,38.9239777],[121.6701075,38.9239788],[121.670109,38.9238054]]}},{"type":"Feature","id":"way/1152757012","properties":{"highway":"footway","layer":"-1","tunnel":"yes","id":"way/1152757012"},"geometry":{"type":"LineString","coordinates":[[121.6699862,38.9233526],[121.6699605,38.923116]]}},{"type":"Feature","id":"way/1152757013","properties":{"highway":"footway","layer":"-1","tunnel":"yes","id":"way/1152757013"},"geometry":{"type":"LineString","coordinates":[[121.6705294,38.9231284],[121.670554,38.9234274],[121.670998,38.9234432]]}},{"type":"Feature","id":"way/1152757014","properties":{"highway":"footway","layer":"-1","tunnel":"yes","id":"way/1152757014"},"geometry":{"type":"LineString","coordinates":[[121.670554,38.9234274],[121.6705516,38.9235617]]}},{"type":"Feature","id":"way/1152757015","properties":{"highway":"footway","layer":"-1","tunnel":"yes","id":"way/1152757015"},"geometry":{"type":"LineString","coordinates":[[121.6705501,38.9238087],[121.6705491,38.9240336],[121.6708204,38.9240334]]}},{"type":"Feature","id":"way/1152757016","properties":{"conveying":"yes","highway":"steps","id":"way/1152757016"},"geometry":{"type":"LineString","coordinates":[[121.6708204,38.9240334],[121.6709869,38.9240337]]}},{"type":"Feature","id":"way/1152757017","properties":{"conveying":"yes","highway":"steps","id":"way/1152757017"},"geometry":{"type":"LineString","coordinates":[[121.6697869,38.9239779],[121.6699772,38.9239777]]}},{"type":"Feature","id":"way/1152757018","properties":{"conveying":"yes","highway":"steps","id":"way/1152757018"},"geometry":{"type":"LineString","coordinates":[[121.6698509,38.9233518],[121.6696781,38.9233558],[121.6696782,38.9234039]]}},{"type":"Feature","id":"way/1152757019","properties":{"conveying":"yes","highway":"steps","id":"way/1152757019"},"geometry":{"type":"LineString","coordinates":[[121.670998,38.9234432],[121.6712118,38.9234565]]}},{"type":"Feature","id":"way/1152757023","properties":{"highway":"footway","id":"way/1152757023"},"geometry":{"type":"LineString","coordinates":[[121.6566265,38.9260786],[121.6566382,38.9260562],[121.6566715,38.9260015],[121.6566769,38.9259895],[121.6566903,38.92596]]}},{"type":"Feature","id":"way/1152757024","properties":{"conveying":"yes","highway":"steps","id":"way/1152757024"},"geometry":{"type":"LineString","coordinates":[[121.6566903,38.92596],[121.6565205,38.9259088]]}},{"type":"Feature","id":"way/1152757025","properties":{"highway":"footway","layer":"-1","tunnel":"yes","id":"way/1152757025"},"geometry":{"type":"LineString","coordinates":[[121.6555226,38.9258219],[121.6556185,38.9256375],[121.6565205,38.9259088]]}},{"type":"Feature","id":"way/1152757026","properties":{"highway":"footway","layer":"-1","tunnel":"yes","id":"way/1152757026"},"geometry":{"type":"LineString","coordinates":[[121.6552155,38.9248173],[121.6547892,38.924859],[121.6544927,38.9255123]]}},{"type":"Feature","id":"way/1152757027","properties":{"conveying":"yes","highway":"steps","id":"way/1152757027"},"geometry":{"type":"LineString","coordinates":[[121.6552155,38.9248173],[121.65541,38.9248188]]}},{"type":"Feature","id":"way/1152757036","properties":{"highway":"steps","id":"way/1152757036"},"geometry":{"type":"LineString","coordinates":[[121.6339771,38.9195338],[121.6339479,38.9195011]]}},{"type":"Feature","id":"way/1152757037","properties":{"highway":"steps","id":"way/1152757037"},"geometry":{"type":"LineString","coordinates":[[121.6341429,38.9190587],[121.6340938,38.9191017]]}},{"type":"Feature","id":"way/1152757038","properties":{"highway":"footway","layer":"-1","tunnel":"yes","id":"way/1152757038"},"geometry":{"type":"LineString","coordinates":[[121.6340938,38.9191017],[121.6340456,38.9191564],[121.6340268,38.9191934],[121.6339763,38.9192914],[121.6339081,38.9194246],[121.6339479,38.9195011]]}},{"type":"Feature","id":"way/1152757040","properties":{"conveying":"yes","highway":"steps","tunnel":"yes","id":"way/1152757040"},"geometry":{"type":"LineString","coordinates":[[121.6321283,38.918425],[121.6323923,38.9185063]]}},{"type":"Feature","id":"way/1152757041","properties":{"highway":"footway","layer":"-1","tunnel":"yes","id":"way/1152757041"},"geometry":{"type":"LineString","coordinates":[[121.6323923,38.9185063],[121.6323092,38.9186686]]}},{"type":"Feature","id":"way/1152757042","properties":{"highway":"footway","layer":"-1","surface":"paving_stones","tunnel":"yes","id":"way/1152757042"},"geometry":{"type":"LineString","coordinates":[[121.6323092,38.9186686],[121.6322605,38.9187667],[121.6322317,38.9188262],[121.6322034,38.9188651],[121.6321333,38.9188859],[121.6317329,38.9188002],[121.631491,38.9187275],[121.6314052,38.918872]]}},{"type":"Feature","id":"way/1152757043","properties":{"conveying":"yes","highway":"steps","id":"way/1152757043"},"geometry":{"type":"LineString","coordinates":[[121.6314052,38.918872],[121.6313628,38.9189663]]}},{"type":"Feature","id":"way/1152835577","properties":{"footway":"sidewalk","highway":"footway","id":"way/1152835577"},"geometry":{"type":"LineString","coordinates":[[121.6310486,38.9196478],[121.6313628,38.9189663]]}},{"type":"Feature","id":"way/1152835578","properties":{"footway":"sidewalk","highway":"footway","id":"way/1152835578"},"geometry":{"type":"LineString","coordinates":[[121.6341429,38.9190587],[121.6342603,38.9190043],[121.6338105,38.9183276],[121.6333225,38.9176116],[121.6320236,38.9183057],[121.6318647,38.9183906],[121.6327542,38.9186619]]}},{"type":"Feature","id":"way/1152835579","properties":{"crossing":"uncontrolled","crossing:markings":"yes","footway":"crossing","highway":"footway","id":"way/1152835579"},"geometry":{"type":"LineString","coordinates":[[121.6342603,38.9190043],[121.63433,38.9189773],[121.6343856,38.9189554]]}},{"type":"Feature","id":"way/1152835580","properties":{"footway":"sidewalk","highway":"footway","id":"way/1152835580"},"geometry":{"type":"LineString","coordinates":[[121.655026,38.9247792],[121.6554387,38.9247865],[121.6555436,38.9248014]]}},{"type":"Feature","id":"way/1152835581","properties":{"footway":"sidewalk","highway":"footway","id":"way/1152835581"},"geometry":{"type":"LineString","coordinates":[[121.65541,38.9248188],[121.6554384,38.9248187],[121.6554387,38.9247865]]}},{"type":"Feature","id":"way/1152835582","properties":{"footway":"sidewalk","highway":"footway","id":"way/1152835582"},"geometry":{"type":"LineString","coordinates":[[121.6564949,38.9253961],[121.6563488,38.9254437],[121.6561612,38.925501],[121.6560263,38.9255568],[121.6559732,38.9256042],[121.6559373,38.9256517],[121.6559068,38.9257059],[121.6558835,38.9257568],[121.655885,38.9257956],[121.6559037,38.9258319],[121.6559333,38.925867],[121.6560722,38.9258942],[121.6565475,38.9260378],[121.6566265,38.9260786],[121.6569194,38.9261686]]}},{"type":"Feature","id":"way/1152835584","properties":{"highway":"service","id":"way/1152835584"},"geometry":{"type":"LineString","coordinates":[[121.6565463,38.9255731],[121.6565445,38.9257312]]}},{"type":"Feature","id":"way/1152835585","properties":{"crossing":"uncontrolled","crossing:markings":"yes","footway":"crossing","highway":"footway","id":"way/1152835585"},"geometry":{"type":"LineString","coordinates":[[121.6555436,38.9248014],[121.6555849,38.9248105],[121.6556331,38.9248212],[121.6557036,38.9248367]]}},{"type":"Feature","id":"way/1152835586","properties":{"footway":"sidewalk","highway":"footway","id":"way/1152835586"},"geometry":{"type":"LineString","coordinates":[[121.6557036,38.9248367],[121.6558377,38.9249523],[121.6560006,38.925056],[121.6561278,38.9251567],[121.6562223,38.9252694]]}},{"type":"Feature","id":"way/1154885187","properties":{"footway":"sidewalk","highway":"footway","id":"way/1154885187"},"geometry":{"type":"LineString","coordinates":[[121.6851055,38.9194699],[121.6850814,38.9194791],[121.6850336,38.9194085]]}},{"type":"Feature","id":"way/1154885189","properties":{"footway":"sidewalk","highway":"footway","id":"way/1154885189"},"geometry":{"type":"LineString","coordinates":[[121.6708206,38.9240822],[121.670794,38.9240823],[121.6707931,38.9240103]]}},{"type":"Feature","id":"way/1154885191","properties":{"footway":"sidewalk","highway":"footway","id":"way/1154885191"},"geometry":{"type":"LineString","coordinates":[[121.6564859,38.9258595],[121.6564689,38.9258548],[121.656468,38.9258201]]}},{"type":"Feature","id":"way/1154885193","properties":{"highway":"footway","id":"way/1154885193"},"geometry":{"type":"LineString","coordinates":[[121.6381216,38.9207352],[121.6381306,38.9207374],[121.6381368,38.920725],[121.6382381,38.9207542]]}},{"type":"Feature","id":"way/1156834023","properties":{"highway":"primary_link","name":"人民东路","oneway":"yes","id":"way/1156834023"},"geometry":{"type":"LineString","coordinates":[[121.6615894,38.9275606],[121.6631505,38.928055],[121.6632743,38.9281138],[121.6633646,38.9281653],[121.6634532,38.928222]]}},{"type":"Feature","id":"way/1156834024","properties":{"highway":"primary_link","name":"人民东路","oneway":"yes","id":"way/1156834024"},"geometry":{"type":"LineString","coordinates":[[121.6633909,38.9283057],[121.6632246,38.9283121],[121.6630848,38.9282992],[121.6629582,38.9282785],[121.6614584,38.9278188],[121.6610448,38.9276964],[121.660904,38.9276903],[121.6607472,38.9277063]]}},{"type":"Feature","id":"way/1156834025","properties":{"highway":"primary","layer":"-1","name":"人民东路下穿地道","oneway":"yes","tunnel":"yes","id":"way/1156834025"},"geometry":{"type":"LineString","coordinates":[[121.6624254,38.9280193],[121.6595041,38.9271207]]}},{"type":"Feature","id":"way/1156834026","properties":{"highway":"primary","layer":"-1","name":"人民东路下穿地道","oneway":"yes","tunnel":"yes","id":"way/1156834026"},"geometry":{"type":"LineString","coordinates":[[121.6595427,38.9270249],[121.6624695,38.9279226]]}},{"type":"Feature","id":"way/1156834027","properties":{"highway":"primary","name":"人民东路","oneway":"yes","id":"way/1156834027"},"geometry":{"type":"LineString","coordinates":[[121.6595041,38.9271207],[121.6584114,38.926798]]}},{"type":"Feature","id":"way/1156834028","properties":{"highway":"primary","name":"人民东路","oneway":"yes","id":"way/1156834028"},"geometry":{"type":"LineString","coordinates":[[121.6584114,38.926798],[121.6559923,38.9260541],[121.6557304,38.9259754]]}},{"type":"Feature","id":"way/1156834030","properties":{"highway":"primary","name":"人民东路","oneway":"yes","id":"way/1156834030"},"geometry":{"type":"LineString","coordinates":[[121.6584377,38.9266777],[121.6591079,38.9268963],[121.6595427,38.9270249]]}},{"type":"Feature","id":"way/1156834032","properties":{"highway":"primary","name":"人民东路","oneway":"yes","id":"way/1156834032"},"geometry":{"type":"LineString","coordinates":[[121.6624695,38.9279226],[121.6634532,38.928222],[121.665232,38.9287258]]}},{"type":"Feature","id":"way/1156834033","properties":{"highway":"primary","name":"人民东路","oneway":"yes","id":"way/1156834033"},"geometry":{"type":"LineString","coordinates":[[121.6633909,38.9283057],[121.6624254,38.9280193]]}},{"type":"Feature","id":"way/1164551339","properties":{"highway":"service","id":"way/1164551339"},"geometry":{"type":"LineString","coordinates":[[121.6453052,38.9160506],[121.6443633,38.9168857],[121.6442319,38.9169996],[121.6441912,38.9170133],[121.6441451,38.9170291],[121.6441018,38.9170618],[121.6440584,38.9171292],[121.6440218,38.9171904],[121.6439839,38.9172231],[121.6439347,38.9172448],[121.6423868,38.9174174],[121.6419165,38.9170243],[121.6419555,38.9161453],[121.6420422,38.9159067]]}},{"type":"Feature","id":"way/1164551341","properties":{"highway":"service","id":"way/1164551341"},"geometry":{"type":"LineString","coordinates":[[121.6441912,38.9170133],[121.6442236,38.9170206],[121.6442643,38.9170454],[121.6442798,38.9171002],[121.6442544,38.9171559],[121.6442402,38.9171776],[121.6442126,38.917191],[121.6441477,38.9172098],[121.6440926,38.9172133],[121.6440475,38.9172021],[121.6440218,38.9171904]]}},{"type":"Feature","id":"way/1164551342","properties":{"highway":"service","id":"way/1164551342"},"geometry":{"type":"LineString","coordinates":[[121.6445247,38.9173698],[121.6442402,38.9171776]]}},{"type":"Feature","id":"way/1164551343","properties":{"highway":"unclassified","name":"爱华街","id":"way/1164551343"},"geometry":{"type":"LineString","coordinates":[[121.6433331,38.9182914],[121.6425101,38.9183863],[121.6416064,38.9184997]]}},{"type":"Feature","id":"way/1164551344","properties":{"highway":"unclassified","id":"way/1164551344"},"geometry":{"type":"LineString","coordinates":[[121.6425101,38.9183863],[121.6423782,38.917639]]}},{"type":"Feature","id":"way/1164551348","properties":{"highway":"primary_link","oneway":"yes","id":"way/1164551348"},"geometry":{"type":"LineString","coordinates":[[121.6613999,38.9272056],[121.6613993,38.927283],[121.6614082,38.9273475],[121.6614317,38.9274131],[121.6614673,38.927468],[121.6615098,38.927504],[121.6615894,38.9275606]]}},{"type":"Feature","id":"way/1164551349","properties":{"highway":"trunk","oneway":"yes","id":"way/1164551349"},"geometry":{"type":"LineString","coordinates":[[121.6613999,38.9272056],[121.6610952,38.9274067],[121.6608955,38.9275297],[121.6607652,38.9276016],[121.6606383,38.9276568],[121.6604894,38.9277131],[121.6578196,38.9286028]]}},{"type":"Feature","id":"way/1164551350","properties":{"highway":"trunk","oneway":"yes","id":"way/1164551350"},"geometry":{"type":"LineString","coordinates":[[121.6577701,38.9285039],[121.6604169,38.9276303],[121.6605748,38.9275599],[121.6607328,38.9274599],[121.6608718,38.9273516],[121.6609963,38.9272347],[121.6610981,38.9270852]]}},{"type":"Feature","id":"way/1164551352","properties":{"highway":"trunk","layer":"-2","name":"大连湾海底隧道","name:en":"Dalian Bay Undersea Tunnel","oneway":"yes","start_date":"2023-05-01","tunnel":"yes","id":"way/1164551352"},"geometry":{"type":"LineString","coordinates":[[121.652227,38.9334653],[121.6523191,38.9336629],[121.6532407,38.9353127],[121.653413,38.9356411],[121.653561,38.9360295],[121.6536233,38.9364554],[121.6536568,38.9368806],[121.6536518,38.9373044],[121.6535887,38.9377281],[121.6534209,38.9383026],[121.6522078,38.9411583],[121.6519001,38.9418337],[121.651522,38.9425639],[121.6510461,38.9432518],[121.6504999,38.9439466],[121.649988,38.9445559],[121.6494881,38.9451613],[121.6490174,38.9457486],[121.637798,38.9608808],[121.636072,38.9632726],[121.6359734,38.9634098],[121.6358748,38.9635651],[121.635766,38.9637434]]}},{"type":"Feature","id":"way/1164551353","properties":{"highway":"trunk","layer":"-2","name":"大连湾海底隧道","name:en":"Dalian Bay Undersea Tunnel","oneway":"yes","start_date":"2023-05-01","tunnel":"yes","id":"way/1164551353"},"geometry":{"type":"LineString","coordinates":[[121.6355425,38.9636642],[121.6356726,38.963467],[121.6358193,38.9632658],[121.6376087,38.9607918],[121.6481624,38.9463762],[121.6488871,38.9454088],[121.6494175,38.9447221],[121.6498735,38.944164],[121.6503499,38.9436173],[121.6507624,38.9430931],[121.6512098,38.942456],[121.651599,38.9417014],[121.6518721,38.9411095],[121.6531212,38.9382174],[121.6532838,38.9376797],[121.6533594,38.9372955],[121.6533768,38.9368617],[121.6533535,38.9364166],[121.6532838,38.9360438],[121.6531328,38.9356823],[121.6529792,38.9353957],[121.6521875,38.9340097]]}},{"type":"Feature","id":"way/1164551354","properties":{"highway":"trunk","layer":"-1","name":"大连湾海底隧道","oneway":"yes","start_date":"2023-05-01","tunnel":"yes","id":"way/1164551354"},"geometry":{"type":"LineString","coordinates":[[121.6478975,38.9310917],[121.6479779,38.9311642],[121.6480638,38.9312291],[121.6481606,38.9312915],[121.648309,38.9313867],[121.6484918,38.9314842],[121.6486829,38.9315672],[121.6488718,38.9316248],[121.6490731,38.9316839],[121.6493011,38.9317398],[121.6496298,38.9318197],[121.6505206,38.9320094],[121.6509256,38.9321289],[121.6511836,38.9322386],[121.6514344,38.9323779],[121.6516526,38.9325662],[121.6518147,38.9327603],[121.6520146,38.9330838],[121.652227,38.9334653]]}},{"type":"Feature","id":"way/1164551355","properties":{"highway":"trunk","oneway":"yes","id":"way/1164551355"},"geometry":{"type":"LineString","coordinates":[[121.6478158,38.9311423],[121.6477125,38.9310478],[121.6476047,38.9309384],[121.6474157,38.9307402],[121.6472165,38.9305085],[121.6468344,38.9300468],[121.6463635,38.9294628]]}},{"type":"Feature","id":"way/1164551356","properties":{"highway":"trunk","layer":"-1","name":"大连湾海底隧道","oneway":"yes","start_date":"2023-05-01","tunnel":"yes","id":"way/1164551356"},"geometry":{"type":"LineString","coordinates":[[121.6521875,38.9340097],[121.6519896,38.9336948],[121.651769,38.933314],[121.6515843,38.9330419],[121.651382,38.9327848],[121.6511727,38.9325607],[121.6509577,38.9323784],[121.6507196,38.9322408],[121.6504727,38.9321376],[121.6501001,38.9320292],[121.6496202,38.9319059],[121.6491087,38.9317833],[121.6489779,38.9317546],[121.6488372,38.9317093],[121.6486791,38.9316542],[121.6485423,38.9315969],[121.6484171,38.931536],[121.6482487,38.9314461],[121.6481038,38.9313513],[121.6480063,38.9312872],[121.6479025,38.9312084],[121.6478158,38.9311423]]}},{"type":"Feature","id":"way/1164551357","properties":{"highway":"trunk","layer":"-2","name":"大连湾海底隧道","oneway":"yes","start_date":"2023-05-01","tunnel":"yes","id":"way/1164551357"},"geometry":{"type":"LineString","coordinates":[[121.6578196,38.9286028],[121.6572666,38.9287771],[121.6566528,38.9289727],[121.6545511,38.9296378],[121.6542448,38.9297385],[121.6539408,38.929851],[121.6536888,38.9299455],[121.6534231,38.9300802],[121.6532235,38.9301909],[121.6530185,38.9303299],[121.6528222,38.9304911],[121.6525689,38.9307366],[121.6523506,38.9309764],[121.6522861,38.9310763],[121.6522149,38.9312281],[121.6521184,38.9314796],[121.6520691,38.9317232],[121.652036,38.9319437],[121.652033,38.9320654],[121.6520289,38.9322342],[121.652051,38.9325779],[121.6520888,38.9328908],[121.6521296,38.9331293],[121.652227,38.9334653]]}},{"type":"Feature","id":"way/1164551358","properties":{"highway":"trunk","layer":"-2","name":"大连湾海底隧道","oneway":"yes","start_date":"2023-05-01","tunnel":"yes","id":"way/1164551358"},"geometry":{"type":"LineString","coordinates":[[121.6521875,38.9340097],[121.6520714,38.9337262],[121.6520056,38.9334766],[121.6519625,38.9332577],[121.6519263,38.9330381],[121.6518959,38.9326891],[121.651876,38.9322641],[121.6518638,38.9320679],[121.6518878,38.9318201],[121.6519103,38.9316628],[121.6519833,38.9313994],[121.6520808,38.9312025],[121.6522719,38.9308954],[121.6524757,38.9306718],[121.6527032,38.9304612],[121.6529847,38.9302514],[121.6532562,38.9300869],[121.653501,38.929956],[121.6538256,38.9298141],[121.6542469,38.9296638],[121.6577701,38.9285039]]}},{"type":"Feature","id":"way/1165460893","properties":{"highway":"tertiary","name":"明泽街","name:en":"Mingze Street","name:ru":"улица Мингзе","name:zh":"明泽街","name:zh-Latn-pinyin":"míngzé jiē","source":"gps","surface":"asphalt","id":"way/1165460893"},"geometry":{"type":"LineString","coordinates":[[121.6477914,38.9196238],[121.6477876,38.9196097],[121.6477037,38.9192378]]}},{"type":"Feature","id":"way/1167169103","properties":{"highway":"unclassified","id":"way/1167169103"},"geometry":{"type":"LineString","coordinates":[[121.6463218,38.9198633],[121.6463295,38.9198965]]}},{"type":"Feature","id":"way/1170433962","properties":{"highway":"trunk_link","layer":"-1","oneway":"yes","start_date":"2023-05-01","tunnel":"yes","id":"way/1170433962"},"geometry":{"type":"LineString","coordinates":[[121.6518638,38.9320679],[121.6518313,38.9318675],[121.6518178,38.9316945],[121.6518319,38.9314785],[121.6519082,38.9312547],[121.6520059,38.9310743],[121.6521363,38.9308568],[121.652337,38.9306245],[121.652577,38.9304113],[121.6528144,38.9302161],[121.653052,38.9300637],[121.6532847,38.929932],[121.6535019,38.9298191],[121.6537059,38.9297268],[121.6538967,38.9296482],[121.6541559,38.9295461],[121.6551351,38.929224]]}},{"type":"Feature","id":"way/1170433963","properties":{"highway":"trunk_link","oneway":"yes","id":"way/1170433963"},"geometry":{"type":"LineString","coordinates":[[121.6551351,38.929224],[121.6559605,38.9289543],[121.6562258,38.9288828],[121.6564596,38.9288265],[121.6567446,38.9287869]]}},{"type":"Feature","id":"way/1170433964","properties":{"highway":"trunk_link","layer":"-1","oneway":"yes","start_date":"2023-05-01","tunnel":"yes","id":"way/1170433964"},"geometry":{"type":"LineString","coordinates":[[121.6552952,38.9295424],[121.6540335,38.9299435],[121.6537454,38.9300563],[121.6535509,38.9301393],[121.6533631,38.9302412],[121.6531416,38.9303738],[121.6529576,38.9305115],[121.652788,38.930659],[121.6526253,38.9308235],[121.6524763,38.9310174],[121.6523543,38.9312135],[121.6522622,38.931437],[121.6521934,38.9316679],[121.6521327,38.9318482],[121.652033,38.9320654]]}},{"type":"Feature","id":"way/1170433965","properties":{"highway":"trunk_link","oneway":"yes","id":"way/1170433965"},"geometry":{"type":"LineString","coordinates":[[121.6568324,38.9289948],[121.6566783,38.9290713],[121.6565638,38.9291243],[121.6564184,38.9291808],[121.6552952,38.9295424]]}},{"type":"Feature","id":"way/1170433966","properties":{"highway":"secondary","name":"港隆西路","oneway":"yes","id":"way/1170433966"},"geometry":{"type":"LineString","coordinates":[[121.6568988,38.9289729],[121.6568324,38.9289948],[121.6565007,38.9290862],[121.6561733,38.9291844],[121.6541801,38.9298262],[121.6525086,38.9303392],[121.6514921,38.9306497]]}},{"type":"Feature","id":"way/1170433967","properties":{"highway":"secondary_link","oneway":"yes","id":"way/1170433967"},"geometry":{"type":"LineString","coordinates":[[121.6568324,38.9289948],[121.656702,38.9291053],[121.6565285,38.9291942],[121.6563299,38.9292646],[121.6532264,38.9302665],[121.6529874,38.9303039],[121.6527774,38.9303277],[121.6525086,38.9303392]]}},{"type":"Feature","id":"way/1170433968","properties":{"highway":"primary_link","name":"人民东路","oneway":"yes","id":"way/1170433968"},"geometry":{"type":"LineString","coordinates":[[121.6602529,38.9274545],[121.6599646,38.9273651],[121.6588356,38.9270261],[121.6587045,38.9269744],[121.6585982,38.9269177],[121.6584114,38.926798]]}},{"type":"Feature","id":"way/1170433969","properties":{"highway":"primary_link","oneway":"yes","id":"way/1170433969"},"geometry":{"type":"LineString","coordinates":[[121.6614584,38.9278188],[121.6613148,38.9277343],[121.6612818,38.9276905],[121.6612753,38.9276265],[121.6613088,38.9275826],[121.6613755,38.9275535],[121.6614327,38.927544],[121.6615894,38.9275606]]}},{"type":"Feature","id":"way/1170433970","properties":{"highway":"primary_link","name":"人民东路","oneway":"yes","id":"way/1170433970"},"geometry":{"type":"LineString","coordinates":[[121.6584377,38.9266777],[121.6587366,38.9266884],[121.6589599,38.926735],[121.6603283,38.9271593]]}},{"type":"Feature","id":"way/1170433971","properties":{"highway":"primary_link","oneway":"yes","id":"way/1170433971"},"geometry":{"type":"LineString","coordinates":[[121.6599353,38.9277071],[121.6600503,38.9276286],[121.6600797,38.9275694],[121.6600723,38.9275146],[121.6600521,38.9274563],[121.6600205,38.9274107],[121.6599646,38.9273651]]}},{"type":"Feature","id":"way/1170433972","properties":{"highway":"primary_link","oneway":"yes","id":"way/1170433972"},"geometry":{"type":"LineString","coordinates":[[121.6603283,38.9271593],[121.6604376,38.9272175],[121.6605031,38.9272753],[121.660521,38.9273279],[121.6605023,38.9273859],[121.6604601,38.9274359],[121.6603747,38.9274598],[121.6602529,38.9274545]]}},{"type":"Feature","id":"way/1170433973","properties":{"highway":"secondary_link","oneway":"yes","id":"way/1170433973"},"geometry":{"type":"LineString","coordinates":[[121.6606383,38.9276568],[121.6605891,38.9277256],[121.6604969,38.9277958]]}},{"type":"Feature","id":"way/1170433974","properties":{"highway":"service","id":"way/1170433974"},"geometry":{"type":"LineString","coordinates":[[121.6606496,38.9277412],[121.6608762,38.9278089],[121.6621373,38.928186]]}},{"type":"Feature","id":"way/1170433975","properties":{"highway":"service","id":"way/1170433975"},"geometry":{"type":"LineString","coordinates":[[121.6617541,38.9283698],[121.6621648,38.9282373]]}},{"type":"Feature","id":"way/1170433976","properties":{"highway":"unclassified","id":"way/1170433976"},"geometry":{"type":"LineString","coordinates":[[121.6571028,38.9292447],[121.6578377,38.9290049]]}},{"type":"Feature","id":"way/1170433977","properties":{"highway":"trunk","lanes":"2","name":"疏港路","oneway":"yes","id":"way/1170433977"},"geometry":{"type":"LineString","coordinates":[[121.6482934,38.9316832],[121.6481899,38.9316257],[121.6477599,38.931387],[121.6476026,38.9312853],[121.6474118,38.9311506],[121.64722,38.9310354],[121.6466074,38.9306949]]}},{"type":"Feature","id":"way/1170433979","properties":{"highway":"unclassified","oneway":"yes","id":"way/1170433979"},"geometry":{"type":"LineString","coordinates":[[121.6461434,38.9291834],[121.6463276,38.9292],[121.6465226,38.9291617]]}},{"type":"Feature","id":"way/1170433980","properties":{"highway":"unclassified","oneway":"yes","id":"way/1170433980"},"geometry":{"type":"LineString","coordinates":[[121.6465226,38.9291617],[121.6464249,38.9292617],[121.6463722,38.929361]]}},{"type":"Feature","id":"way/1193261417","properties":{"highway":"residential","oneway":"yes","id":"way/1193261417"},"geometry":{"type":"LineString","coordinates":[[121.6585953,38.9263292],[121.6583501,38.9262591],[121.6580009,38.9261707],[121.6579425,38.9261253],[121.6579308,38.9260837],[121.6579341,38.9260111],[121.6579892,38.925941],[121.6586365,38.9253919],[121.6584398,38.925028],[121.6589426,38.9248614]]}},{"type":"Feature","id":"way/1193261421","properties":{"highway":"service","oneway":"yes","service":"parking_aisle","id":"way/1193261421"},"geometry":{"type":"LineString","coordinates":[[121.6583501,38.9262591],[121.6590156,38.9256865],[121.6592399,38.9257678]]}},{"type":"Feature","id":"way/1193261427","properties":{"highway":"service","service":"parking_aisle","id":"way/1193261427"},"geometry":{"type":"LineString","coordinates":[[121.6592738,38.9257383],[121.6594943,38.9258024],[121.6596545,38.9260441],[121.6601698,38.9258767],[121.6606402,38.9257842],[121.6609158,38.9257665],[121.6611915,38.9259692]]}},{"type":"Feature","id":"way/1193270341","properties":{"highway":"primary","name":"人民路","oneway":"yes","id":"way/1193270341"},"geometry":{"type":"LineString","coordinates":[[121.6540522,38.9253917],[121.6542355,38.9254473],[121.6552336,38.9257481],[121.655417,38.9258023],[121.6554883,38.9258233],[121.6561291,38.9260126]]}},{"type":"Feature","id":"way/1193270342","properties":{"highway":"primary","junction":"roundabout","name":"人民路","id":"way/1193270342"},"geometry":{"type":"LineString","coordinates":[[121.6557304,38.9259754],[121.6554875,38.9259031],[121.6554266,38.9258854],[121.6553493,38.925863],[121.6550604,38.9257812]]}},{"type":"Feature","id":"way/1193270344","properties":{"highway":"secondary","name":"港湾街","name:en":"Gangwan Street","name:ru":"Портовая улица","name:zh":"港湾街","name:zh-Latn-pinyin":"gǎngwān jiē","oneway":"yes","source":"gps","id":"way/1193270344"},"geometry":{"type":"LineString","coordinates":[[121.6556376,38.924761],[121.6556331,38.9248212],[121.6556353,38.9248853],[121.6556484,38.9249578],[121.6556767,38.9250234]]}},{"type":"Feature","id":"way/1193270345","properties":{"highway":"primary","name":"五五路","name:ru":"улица Ву-ву","name:zh":"五五路","name:zh-Latn-pinyin":"Wǔwǔ lù","oneway":"yes","id":"way/1193270345"},"geometry":{"type":"LineString","coordinates":[[121.6548384,38.9250019],[121.6548647,38.9249501],[121.6548749,38.9248869],[121.6548477,38.9247824]]}},{"type":"Feature","id":"way/1193270346","properties":{"highway":"primary","name":"港隆路","oneway":"yes","id":"way/1193270346"},"geometry":{"type":"LineString","coordinates":[[121.6604471,38.9275147],[121.6605105,38.9275026],[121.6606577,38.9274199],[121.6608189,38.92732],[121.6609121,38.9272535],[121.6610981,38.9270852]]}},{"type":"Feature","id":"way/1193270347","properties":{"highway":"primary_link","oneway":"yes","id":"way/1193270347"},"geometry":{"type":"LineString","coordinates":[[121.6614664,38.9271449],[121.6613773,38.9271598],[121.6613026,38.9271572],[121.6612564,38.9271468],[121.6612235,38.9271236],[121.661203,38.9270957],[121.6611853,38.9270516],[121.6611821,38.9270044]]}},{"type":"Feature","id":"way/1193270348","properties":{"highway":"primary_link","oneway":"yes","id":"way/1193270348"},"geometry":{"type":"LineString","coordinates":[[121.6712158,38.9236331],[121.6712758,38.9236692],[121.6713031,38.9236926],[121.6713277,38.9237365],[121.6713236,38.9237925],[121.671262,38.9238508],[121.6711678,38.9238742]]}},{"type":"Feature","id":"way/1193270349","properties":{"highway":"primary","name":"港隆路","oneway":"yes","id":"way/1193270349"},"geometry":{"type":"LineString","coordinates":[[121.6707654,38.9235809],[121.6709664,38.9236093],[121.6711366,38.9236248],[121.6712158,38.9236331]]}},{"type":"Feature","id":"way/1193270350","properties":{"highway":"primary","name":"港隆路","oneway":"yes","id":"way/1193270350"},"geometry":{"type":"LineString","coordinates":[[121.6713422,38.9238983],[121.6711678,38.9238742]]}},{"type":"Feature","id":"way/1193270351","properties":{"highway":"primary","name":"港隆路","oneway":"yes","id":"way/1193270351"},"geometry":{"type":"LineString","coordinates":[[121.669061,38.9235015],[121.6693448,38.9234975],[121.6696223,38.9235016]]}},{"type":"Feature","id":"way/1193270352","properties":{"highway":"primary","name":"港隆路","oneway":"yes","id":"way/1193270352"},"geometry":{"type":"LineString","coordinates":[[121.6704844,38.9238007],[121.6702504,38.9237839],[121.6698309,38.9237702],[121.669403,38.923764]]}},{"type":"Feature","id":"way/1193270353","properties":{"highway":"primary","name":"港隆路","oneway":"yes","id":"way/1193270353"},"geometry":{"type":"LineString","coordinates":[[121.6641222,38.9251547],[121.6635882,38.9254784],[121.6631036,38.9258085],[121.6625596,38.9261981],[121.6622313,38.9264579],[121.6618085,38.9268327],[121.6614664,38.9271449],[121.6613999,38.9272056],[121.6611813,38.9274338],[121.6611138,38.9274944],[121.6610142,38.9275633],[121.660912,38.9276237],[121.6607472,38.9277063]]}},{"type":"Feature","id":"way/1193270354","properties":{"highway":"tertiary","name":"珠光街","id":"way/1193270354"},"geometry":{"type":"LineString","coordinates":[[121.6641222,38.9251547],[121.6638686,38.9249203]]}},{"type":"Feature","id":"way/1193270355","properties":{"highway":"primary","lanes":"6","name":"港浦路","name:en":"Gangpu Road","oneway":"yes","source":"gps","surface":"asphalt","id":"way/1193270355"},"geometry":{"type":"LineString","coordinates":[[121.6667143,38.9276072],[121.6664802,38.9277463],[121.666062,38.9280381],[121.6658105,38.9282643],[121.6656169,38.9284773],[121.6654544,38.928682],[121.6653462,38.928821]]}},{"type":"Feature","id":"way/1193271029","properties":{"alt_name":"丹东线","alt_name:en":"Dandong - Dongxing Highway","alt_name:zh":"丹东线","highway":"trunk","lanes":"2","name":"长江东路","name:en":"Changjiang East Road","name:zh":"长江东路","name:zh-Latn-pinyin":"chángjiāng dōnglù","oneway":"yes","ref":"G228","id":"way/1193271029"},"geometry":{"type":"LineString","coordinates":[[121.6559533,38.9252532],[121.6560015,38.9253065],[121.6560628,38.9253411],[121.6561352,38.9253684],[121.6562133,38.925378],[121.6562924,38.9253695],[121.6563475,38.9253516],[121.6564195,38.9253283],[121.6586586,38.9246025],[121.6605409,38.9239924],[121.6607018,38.9239402],[121.6608155,38.9239034],[121.6608876,38.92388],[121.661558,38.923648],[121.6618086,38.9235613],[121.6619893,38.9234988],[121.6622912,38.9233943],[121.6651426,38.9224075],[121.666136,38.9220637],[121.6661735,38.9220507],[121.6672097,38.9216921],[121.6675619,38.9215557],[121.6677655,38.9214768],[121.6679506,38.9214111],[121.6681357,38.9213453],[121.6685573,38.9212358],[121.6690366,38.9211401],[121.6695165,38.9210623],[121.6707929,38.9208915],[121.6717301,38.9207404]]}},{"type":"Feature","id":"way/1193271030","properties":{"alt_name":"丹东线","alt_name:en":"Dandong - Dongxing Highway","alt_name:zh":"丹东线","highway":"trunk","junction":"roundabout","name":"长江路","name:en":"Changjiang Road","name:ru":"Портовая площадь","name:zh":"长江路","oneway":"yes","ref":"G228","id":"way/1193271030"},"geometry":{"type":"LineString","coordinates":[[121.6550604,38.9257812],[121.6548942,38.9257919],[121.6546952,38.9257964]]}},{"type":"Feature","id":"way/1193271031","properties":{"highway":"primary_link","name":"人民东路","oneway":"yes","id":"way/1193271031"},"geometry":{"type":"LineString","coordinates":[[121.6603283,38.9271593],[121.6605492,38.9272314],[121.660661,38.9272515],[121.660762,38.9272522],[121.6608452,38.927235],[121.6609243,38.9272035],[121.6610981,38.9270852]]}},{"type":"Feature","id":"way/1193271032","properties":{"highway":"primary_link","name":"人民东路","oneway":"yes","id":"way/1193271032"},"geometry":{"type":"LineString","coordinates":[[121.6604471,38.9275147],[121.6602529,38.9274545]]}},{"type":"Feature","id":"way/1193275620","properties":{"foot":"yes","highway":"tertiary","name":"胜利广场","id":"way/1193275620"},"geometry":{"type":"LineString","coordinates":[[121.6294537,38.9179478],[121.629401,38.9180266],[121.6292788,38.9182093]]}},{"type":"Feature","id":"way/1193275621","properties":{"highway":"primary","name":"港浦路","oneway":"yes","surface":"asphalt","id":"way/1193275621"},"geometry":{"type":"LineString","coordinates":[[121.665232,38.9287258],[121.665297,38.9286405],[121.6653681,38.9285551],[121.6655174,38.9283887],[121.665677,38.9282337],[121.6658061,38.9281142],[121.666153,38.9278379],[121.6664402,38.9276342],[121.6666348,38.9275284],[121.6669211,38.9273942],[121.6671872,38.9272839],[121.6674466,38.9271904],[121.6679259,38.9270449],[121.6684553,38.9269227],[121.669035,38.9268655],[121.6693593,38.9268619],[121.6698699,38.9268832],[121.6702518,38.9269265],[121.6707806,38.9269979],[121.6708654,38.9270094],[121.6711116,38.9270426],[121.671501,38.9270858],[121.6717994,38.9270937],[121.6720827,38.9270839],[121.6723937,38.9270307],[121.6726466,38.9269658],[121.6740096,38.9265468],[121.6742568,38.9264682],[121.6766593,38.9256926],[121.680245,38.9244921],[121.6803228,38.9244663],[121.6825519,38.9237262],[121.684795,38.9229841],[121.686731,38.9223436],[121.689196,38.9214974],[121.6923012,38.9204741],[121.695188,38.9195197],[121.6983378,38.9184645],[121.7020029,38.9172385],[121.7050957,38.9162044],[121.705352,38.916117],[121.7060222,38.9159007],[121.7065889,38.9156972],[121.7071119,38.9154816],[121.7075571,38.9152781],[121.7080595,38.9150415],[121.7083915,38.9148639],[121.7088055,38.914624],[121.7091278,38.9144206],[121.7094749,38.9141783],[121.7099357,38.9138295],[121.71015,38.9136569],[121.7104494,38.9134055],[121.7107728,38.9130789],[121.7110541,38.9127029],[121.7112716,38.912388],[121.7115017,38.9119827],[121.7116711,38.9116383],[121.711795,38.9113137],[121.7118911,38.9110362],[121.7119764,38.910789],[121.7120898,38.9104738],[121.7120949,38.9104062],[121.7121106,38.9102001]]}},{"type":"Feature","id":"way/1193320729","properties":{"highway":"unclassified","name":"吉庆街","source":"gps","id":"way/1193320729"},"geometry":{"type":"LineString","coordinates":[[121.6320982,38.9240072],[121.6327322,38.9237517],[121.6327693,38.9237368]]}},{"type":"Feature","id":"way/1193320730","properties":{"embedded_rails":"tram","highway":"secondary","name":"长江路","name:en":"Changjiang Road","name:zh":"长江路","oneway":"yes","id":"way/1193320730"},"geometry":{"type":"LineString","coordinates":[[121.6328689,38.9236988],[121.6329027,38.9237468],[121.6329604,38.9238288],[121.6330693,38.9239595],[121.6331335,38.9240302],[121.6331968,38.9240888],[121.6333233,38.9241956],[121.6334907,38.924321],[121.633758,38.9245216],[121.6338289,38.9245769],[121.6340565,38.9247545],[121.6342161,38.9248993],[121.6342522,38.9249319],[121.6343835,38.9250504]]}},{"type":"Feature","id":"way/1193320731","properties":{"highway":"unclassified","name":"吉庆街","source":"gps","id":"way/1193320731"},"geometry":{"type":"LineString","coordinates":[[121.6327693,38.9237368],[121.6328023,38.923724],[121.6328244,38.9237149],[121.6328689,38.9236988],[121.6329884,38.9236523],[121.6335698,38.9234264],[121.6340911,38.9232419],[121.6342195,38.9231964]]}},{"type":"Feature","id":"way/1193320732","properties":{"highway":"tertiary","name":"友好路","name:en":"Youhao Road","name:zh":"友好路","name:zh-Latn-pinyin":"yǒuhǎo lù","source":"gps","id":"way/1193320732"},"geometry":{"type":"LineString","coordinates":[[121.6342541,38.9229309],[121.6342337,38.9230875],[121.6342195,38.9231964]]}},{"type":"Feature","id":"way/1193740466","properties":{"highway":"primary_link","oneway":"yes","id":"way/1193740466"},"geometry":{"type":"LineString","coordinates":[[121.6555607,38.9256626],[121.6555158,38.9256935],[121.6554737,38.9257275],[121.6554392,38.9257575],[121.655417,38.9258023],[121.6554165,38.9258288],[121.6554203,38.9258554],[121.6554266,38.9258854],[121.6554353,38.9259228],[121.6554498,38.9259557],[121.6555463,38.9261445]]}},{"type":"Feature","id":"way/1193740467","properties":{"alt_name":"丹东线","alt_name:en":"Dandong - Dongxing Highway","alt_name:zh":"丹东线","highway":"trunk","junction":"roundabout","lanes":"1","name":"长江东路","name:en":"Changjiang East Road","name:ru":"Портовая площадь","name:zh":"长江东路","oneway":"yes","ref":"G228","id":"way/1193740467"},"geometry":{"type":"LineString","coordinates":[[121.6555607,38.9256626],[121.6554384,38.9256983],[121.6552336,38.9257481],[121.6550604,38.9257812]]}},{"type":"Feature","id":"way/1193740468","properties":{"highway":"service","oneway":"yes","id":"way/1193740468"},"geometry":{"type":"LineString","coordinates":[[121.6580697,38.9294279],[121.6580579,38.9294461],[121.6580055,38.9294933],[121.6579353,38.9295362],[121.6578541,38.9295692],[121.6576603,38.9296348]]}},{"type":"Feature","id":"way/1193740469","properties":{"highway":"service","oneway":"yes","id":"way/1193740469"},"geometry":{"type":"LineString","coordinates":[[121.6580382,38.9293705],[121.6580163,38.929406],[121.6579843,38.9294388],[121.6579608,38.9294595],[121.657923,38.9294809],[121.6578728,38.9295007],[121.6576332,38.9295827]]}},{"type":"Feature","id":"way/1193740470","properties":{"highway":"service","oneway":"yes","id":"way/1193740470"},"geometry":{"type":"LineString","coordinates":[[121.6580095,38.9293181],[121.6579967,38.9293539],[121.6579689,38.9293913],[121.6579246,38.9294227],[121.6578526,38.9294513],[121.6576084,38.929532]]}},{"type":"Feature","id":"way/1193740471","properties":{"highway":"service","oneway":"yes","id":"way/1193740471"},"geometry":{"type":"LineString","coordinates":[[121.6576084,38.929532],[121.6575357,38.9295557],[121.6574634,38.929575],[121.6573999,38.9295875],[121.6573425,38.9295933],[121.6572874,38.929593]]}},{"type":"Feature","id":"way/1193740472","properties":{"highway":"service","oneway":"yes","id":"way/1193740472"},"geometry":{"type":"LineString","coordinates":[[121.6576332,38.9295827],[121.657485,38.9296302],[121.6574318,38.9296459],[121.6573274,38.9296707]]}},{"type":"Feature","id":"way/1193740473","properties":{"highway":"service","oneway":"yes","id":"way/1193740473"},"geometry":{"type":"LineString","coordinates":[[121.6576603,38.9296348],[121.6575608,38.9296662],[121.6574805,38.9296909],[121.6573565,38.929727]]}},{"type":"Feature","id":"way/1193740474","properties":{"highway":"service","id":"way/1193740474"},"geometry":{"type":"LineString","coordinates":[[121.6578377,38.9290049],[121.6580095,38.9293181],[121.6580382,38.9293705],[121.6580697,38.9294279]]}},{"type":"Feature","id":"way/1193740475","properties":{"highway":"secondary","name":"港隆西路","oneway":"yes","id":"way/1193740475"},"geometry":{"type":"LineString","coordinates":[[121.6514921,38.9306497],[121.6482934,38.9316832],[121.6482057,38.9316917],[121.6480551,38.9316967]]}},{"type":"Feature","id":"way/1193740476","properties":{"highway":"secondary","name":"港湾桥","oneway":"yes","id":"way/1193740476"},"geometry":{"type":"LineString","coordinates":[[121.6571028,38.9292447],[121.6568988,38.9289729]]}},{"type":"Feature","id":"way/1193740477","properties":{"highway":"secondary","name":"港隆西路","oneway":"yes","id":"way/1193740477"},"geometry":{"type":"LineString","coordinates":[[121.6607472,38.9277063],[121.6606496,38.9277412],[121.6604969,38.9277958],[121.6571763,38.9288815],[121.6570096,38.9289364],[121.6568988,38.9289729]]}},{"type":"Feature","id":"way/1193740478","properties":{"highway":"unclassified","name":"大连港客运站","id":"way/1193740478"},"geometry":{"type":"LineString","coordinates":[[121.6571028,38.9292447],[121.6572011,38.929432],[121.6572409,38.9295058],[121.6572686,38.9295573],[121.6572874,38.929593],[121.6573274,38.9296707],[121.6573565,38.929727]]}},{"type":"Feature","id":"way/1193760182","properties":{"highway":"tertiary","name":"解放街","name:en":"Jiefang Street","name:ru":"улица Освобождения","name:zh":"解放街","name:zh-Latn-pinyin":"jiěfàng jiē","oneway":"yes","id":"way/1193760182"},"geometry":{"type":"LineString","coordinates":[[121.6415541,38.9173071],[121.6415486,38.9174798],[121.6415382,38.9176098],[121.6415377,38.917616],[121.6414981,38.9177401]]}},{"type":"Feature","id":"way/1193760183","properties":{"highway":"unclassified","name":"安阳街","name:en":"Anyang Street","name:zh":"安阳街","name:zh-Latn-pinyin":"ānyáng jiē","id":"way/1193760183"},"geometry":{"type":"LineString","coordinates":[[121.6459193,38.9175148],[121.6458623,38.9172122]]}},{"type":"Feature","id":"way/1193760184","properties":{"highway":"unclassified","name":"安民街","id":"way/1193760184"},"geometry":{"type":"LineString","coordinates":[[121.647517,38.9183042],[121.6468226,38.9183912],[121.6465596,38.9184242]]}},{"type":"Feature","id":"way/1193760185","properties":{"highway":"unclassified","name":"安阳街","name:en":"Anyang Street","name:zh":"安阳街","name:zh-Latn-pinyin":"ānyáng jiē","id":"way/1193760185"},"geometry":{"type":"LineString","coordinates":[[121.6460995,38.9184806],[121.6459193,38.9175148]]}},{"type":"Feature","id":"way/1193760186","properties":{"highway":"tertiary","name":"杏林街","name:en":"Xinlin Street","name:zh":"杏林街","name:zh-Latn-pinyin":"xìnglín jiē","source":"gps","surface":"asphalt","id":"way/1193760186"},"geometry":{"type":"LineString","coordinates":[[121.6446093,38.917357],[121.6458623,38.9172122]]}},{"type":"Feature","id":"way/1193772683","properties":{"highway":"unclassified","id":"way/1193772683"},"geometry":{"type":"LineString","coordinates":[[121.6641241,38.918075],[121.6657949,38.9178391]]}},{"type":"Feature","id":"way/1193772684","properties":{"highway":"unclassified","name":"荣民街","oneway":"yes","id":"way/1193772684"},"geometry":{"type":"LineString","coordinates":[[121.6640884,38.9179131],[121.6641241,38.918075],[121.6641978,38.9184798],[121.6642152,38.9185566]]}},{"type":"Feature","id":"way/1206241342","properties":{"highway":"residential","oneway":"yes","id":"way/1206241342"},"geometry":{"type":"LineString","coordinates":[[121.6309257,38.9169331],[121.6311428,38.9169958]]}},{"type":"Feature","id":"way/1206241357","properties":{"highway":"unclassified","name":"永和街","id":"way/1206241357"},"geometry":{"type":"LineString","coordinates":[[121.6319793,38.9207798],[121.6318891,38.9206388]]}},{"type":"Feature","id":"way/1206241358","properties":{"highway":"secondary","name":"长江路","oneway":"yes","id":"way/1206241358"},"geometry":{"type":"LineString","coordinates":[[121.6327693,38.9237368],[121.6326861,38.9236076],[121.6321081,38.9227092],[121.6320741,38.9226563],[121.6320119,38.9225623],[121.6314343,38.9216749],[121.6314009,38.9216236],[121.6313527,38.9215524],[121.6310103,38.9210459],[121.6309776,38.9209975],[121.6309262,38.9209201],[121.6305899,38.9204132]]}},{"type":"Feature","id":"way/1206241359","properties":{"highway":"secondary","name":"长江路","name:en":"Changjiang Road","oneway":"yes","id":"way/1206241359"},"geometry":{"type":"LineString","coordinates":[[121.6346832,38.925465],[121.6346053,38.925421],[121.6345194,38.9253648],[121.6344423,38.9252989],[121.6343661,38.9252246],[121.6343249,38.9251795],[121.6342655,38.9251144],[121.6341555,38.9249941],[121.6340631,38.9248873],[121.633989,38.9248024],[121.6338966,38.9247144],[121.6337753,38.9246259],[121.6332023,38.9242082],[121.633056,38.9240895],[121.6329669,38.9239916],[121.6328552,38.9238492],[121.6328123,38.9237931],[121.6327693,38.9237368]]}},{"type":"Feature","id":"way/1206241360","properties":{"highway":"secondary","name":"长江路","name:en":"Changjiang Road","oneway":"yes","id":"way/1206241360"},"geometry":{"type":"LineString","coordinates":[[121.6384005,38.9255553],[121.6383182,38.9255539],[121.6366463,38.9255212],[121.6355816,38.92551],[121.6349441,38.925503],[121.634864,38.9254987],[121.6347858,38.9254863],[121.6347181,38.9254738],[121.6346832,38.925465]]}},{"type":"Feature","id":"way/1206241361","properties":{"highway":"secondary","name":"长江路","name:en":"Changjiang Road","oneway":"yes","id":"way/1206241361"},"geometry":{"type":"LineString","coordinates":[[121.6422666,38.9256029],[121.6410797,38.9255888],[121.6400892,38.9255839],[121.6385679,38.9255587],[121.6384005,38.9255553]]}},{"type":"Feature","id":"way/1206241362","properties":{"highway":"secondary","name":"民生街","oneway":"yes","source":"gps","id":"way/1206241362"},"geometry":{"type":"LineString","coordinates":[[121.6384072,38.9254579],[121.6384051,38.925484],[121.6384029,38.9255101],[121.6384005,38.9255553]]}},{"type":"Feature","id":"way/1206241366","properties":{"highway":"secondary","name":"民主广场","name:ru":"площадь Демократии","oneway":"yes","id":"way/1206241366"},"geometry":{"type":"LineString","coordinates":[[121.6422666,38.9256029],[121.6422667,38.9255707],[121.6422675,38.9255438],[121.6422707,38.9255206],[121.6422957,38.9254863],[121.6423266,38.9254533]]}},{"type":"Feature","id":"way/1225041120","properties":{"alt_name":"丹东线","alt_name:en":"Dandong - Dongxing Highway","alt_name:zh":"丹东线","highway":"trunk","name":"疏港路","name:en":"Shugang Road","name:ru":"Портовая дорога","name:zh":"疏港路","oneway":"yes","ref":"G228","id":"way/1225041120"},"geometry":{"type":"LineString","coordinates":[[121.6516763,38.9257122],[121.65255,38.9257266],[121.6527651,38.9256996]]}},{"type":"Feature","id":"way/1225041121","properties":{"alt_name":"丹东线","alt_name:en":"Dandong - Dongxing Highway","alt_name:zh":"丹东线","highway":"trunk","name":"疏港路","name:en":"Shugang Road","name:ru":"Портовая дорога","name:zh":"疏港路","oneway":"yes","ref":"G228","id":"way/1225041121"},"geometry":{"type":"LineString","coordinates":[[121.6527694,38.9257778],[121.6525526,38.9257746],[121.651674,38.925762]]}},{"type":"Feature","id":"way/1226226422","properties":{"highway":"unclassified","name":"育才街","id":"way/1226226422"},"geometry":{"type":"LineString","coordinates":[[121.6637731,38.9165551],[121.6622151,38.9167358]]}},{"type":"Feature","id":"way/1226226423","properties":{"highway":"unclassified","name":"新柳街","oneway":"yes","id":"way/1226226423"},"geometry":{"type":"LineString","coordinates":[[121.6624191,38.9177168],[121.6622151,38.9167358]]}},{"type":"Feature","id":"way/1226226424","properties":{"highway":"unclassified","name":"荣民街","oneway":"yes","id":"way/1226226424"},"geometry":{"type":"LineString","coordinates":[[121.6636749,38.9160234],[121.6637731,38.9165551]]}},{"type":"Feature","id":"way/1233834769","properties":{"alt_name":"丹东线","alt_name:en":"Dandong - Dongxing Highway","alt_name:zh":"丹东线","highway":"trunk","lanes":"2","name":"华乐街","name:en":"Huale Street","name:zh":"华乐街","oneway":"yes","ref":"G228","surface":"asphalt","id":"way/1233834769"},"geometry":{"type":"LineString","coordinates":[[121.6728112,38.916295],[121.6729862,38.9161999],[121.673068,38.9161557],[121.6754653,38.9148637],[121.6755255,38.9148312],[121.6756787,38.9147487]]}},{"type":"Feature","id":"way/1233834777","properties":{"crossing":"traffic_signals","footway":"crossing","highway":"footway","id":"way/1233834777"},"geometry":{"type":"LineString","coordinates":[[121.6730957,38.9162741],[121.6730575,38.9162482],[121.6730231,38.9162249],[121.6729862,38.9161999]]}},{"type":"Feature","id":"way/1233853297","properties":{"highway":"residential","name":"海乐街","name:en":"Haile Street","name:zh":"海乐街","oneway":"yes","id":"way/1233853297"},"geometry":{"type":"LineString","coordinates":[[121.6729632,38.9163499],[121.6730404,38.9163798],[121.6730886,38.9163985],[121.6740493,38.9167711],[121.6745353,38.9169596],[121.6746075,38.9169876],[121.6746796,38.9170156],[121.6747618,38.9171074],[121.6747962,38.9171458],[121.6753281,38.9177402],[121.6753662,38.9177827],[121.6754239,38.9178472],[121.6754588,38.9178862],[121.6761359,38.9186428],[121.6761741,38.9186957],[121.6762484,38.9187986]]}},{"type":"Feature","id":"way/1233853298","properties":{"highway":"tertiary","name":"港东一街","name:zh":"港东一街","oneway":"yes","id":"way/1233853298"},"geometry":{"type":"LineString","coordinates":[[121.6783937,38.921771],[121.6784783,38.9218882],[121.6785128,38.9219359],[121.6793276,38.923075],[121.6793656,38.9231281],[121.6794317,38.9232206],[121.6795173,38.9233403],[121.67955,38.923386],[121.6802495,38.924364],[121.680285,38.9244135],[121.6803228,38.9244663],[121.6803823,38.9245495],[121.6803429,38.9245697]]}},{"type":"Feature","id":"way/1233853301","properties":{"crossing":"traffic_signals","footway":"crossing","highway":"footway","id":"way/1233853301"},"geometry":{"type":"LineString","coordinates":[[121.6728445,38.9164503],[121.6728047,38.9164211],[121.6727729,38.9163978],[121.6727224,38.9163609]]}},{"type":"Feature","id":"way/1233853302","properties":{"alt_name":"丹东线","alt_name:en":"Dandong - Dongxing Highway","alt_name:zh":"丹东线","highway":"trunk","lanes":"2","name":"华乐街","name:en":"Huale Street","name:zh":"华乐街","oneway":"yes","ref":"G228","surface":"asphalt","id":"way/1233853302"},"geometry":{"type":"LineString","coordinates":[[121.6708366,38.9179072],[121.6709398,38.9178671],[121.6710147,38.917838],[121.671182,38.9177629],[121.6713689,38.917673],[121.671537,38.9175732],[121.6716869,38.9174732],[121.6718479,38.9173541],[121.6720089,38.9172212],[121.6721462,38.9170888],[121.6722817,38.9169353],[121.6724979,38.9166536],[121.6726803,38.9164158],[121.6727224,38.9163609],[121.6728112,38.916295]]}},{"type":"Feature","id":"way/1233853303","properties":{"highway":"service","service":"parking_aisle","id":"way/1233853303"},"geometry":{"type":"LineString","coordinates":[[121.6729627,38.9170592],[121.6727418,38.9171183],[121.6725219,38.9171771]]}},{"type":"Feature","id":"way/1233853304","properties":{"highway":"residential","name":"海乐街","name:en":"Haile Street","name:zh":"海乐街","oneway":"yes","id":"way/1233853304"},"geometry":{"type":"LineString","coordinates":[[121.6728112,38.916295],[121.6728746,38.9163155],[121.672917,38.916332],[121.6729632,38.9163499]]}},{"type":"Feature","id":"way/1233853305","properties":{"alt_name":"丹东线","alt_name:en":"Dandong - Dongxing Highway","alt_name:zh":"丹东线","highway":"trunk","lanes":"2","name":"华乐街","name:en":"Huale Street","name:zh":"华乐街","oneway":"yes","ref":"G228","surface":"asphalt","id":"way/1233853305"},"geometry":{"type":"LineString","coordinates":[[121.6729632,38.9163499],[121.6728959,38.9163944]]}},{"type":"Feature","id":"way/1233853306","properties":{"highway":"residential","name":"海乐街","name:en":"Haile Street","name:zh":"海乐街","oneway":"yes","id":"way/1233853306"},"geometry":{"type":"LineString","coordinates":[[121.6728959,38.9163944],[121.6728547,38.9163785],[121.6728127,38.9163623],[121.6728112,38.916295]]}},{"type":"Feature","id":"way/1233853307","properties":{"crossing":"traffic_signals","footway":"crossing","highway":"footway","id":"way/1233853307"},"geometry":{"type":"LineString","coordinates":[[121.6707679,38.9180597],[121.6707394,38.9180154],[121.6707224,38.9179888],[121.6706993,38.917953]]}},{"type":"Feature","id":"way/1233853308","properties":{"crossing":"traffic_signals","footway":"crossing","highway":"footway","id":"way/1233853308"},"geometry":{"type":"LineString","coordinates":[[121.6710242,38.9179727],[121.6709891,38.9179287],[121.6709688,38.9179033],[121.6709398,38.9178671]]}},{"type":"Feature","id":"way/1233853309","properties":{"highway":"secondary","lanes":"2","name":"鲁迅路","name:en":"Luxun Road","name:zh":"鲁迅路","oneway":"yes","id":"way/1233853309"},"geometry":{"type":"LineString","coordinates":[[121.6701516,38.9182106],[121.6702028,38.9181592],[121.6703006,38.9180608],[121.6704752,38.9180176],[121.6706323,38.9179753],[121.6706993,38.917953],[121.6708366,38.9179072]]}},{"type":"Feature","id":"way/1233853310","properties":{"highway":"secondary","lanes":"2","name":"鲁迅路","name:en":"Luxun Road","name:zh":"鲁迅路","oneway":"yes","id":"way/1233853310"},"geometry":{"type":"LineString","coordinates":[[121.6709191,38.9180121],[121.6707679,38.9180597],[121.6705157,38.9181313],[121.6703385,38.9181726],[121.6702838,38.9181832],[121.6701516,38.9182106]]}},{"type":"Feature","id":"way/1233853311","properties":{"highway":"secondary","lanes":"2","name":"珠莲街","name:en":"Zhulian Street","name:zh":"珠莲街","oneway":"yes","id":"way/1233853311"},"geometry":{"type":"LineString","coordinates":[[121.6727384,38.9205381],[121.6727336,38.9206332],[121.6727281,38.9207406],[121.6727099,38.9211014],[121.6726841,38.9212443],[121.6726492,38.9213664],[121.6719895,38.9234683],[121.6719687,38.9235349],[121.6719293,38.9236601],[121.6718558,38.9238945],[121.6717903,38.9241032],[121.6717666,38.9241785],[121.6713956,38.9253442],[121.6713777,38.9254002],[121.6713411,38.9255153],[121.6712984,38.9256492],[121.6712778,38.9257141],[121.6709245,38.9268237],[121.6709077,38.9268765],[121.6708654,38.9270094],[121.6708398,38.9270897],[121.6707983,38.9270968]]}},{"type":"Feature","id":"way/1233853312","properties":{"highway":"service","service":"parking_aisle","id":"way/1233853312"},"geometry":{"type":"LineString","coordinates":[[121.6720127,38.9222275],[121.6722799,38.922269]]}},{"type":"Feature","id":"way/1233853313","properties":{"alt_name":"丹东线","alt_name:en":"Dandong - Dongxing Highway","alt_name:zh":"丹东线","highway":"trunk","lanes":"2","name":"珠莲街","name:en":"Zhulian Street","name:zh":"珠莲街","oneway":"yes","ref":"G228","id":"way/1233853313"},"geometry":{"type":"LineString","coordinates":[[121.6727421,38.9204651],[121.6727384,38.9205381]]}},{"type":"Feature","id":"way/1233975415","properties":{"alt_name":"丹东线","alt_name:en":"Dandong - Dongxing Highway","alt_name:zh":"丹东线","highway":"trunk","lanes":"1","name":"长江东路","name:en":"Changjiang East Road","name:zh":"长江东路","oneway":"yes","ref":"G228","id":"way/1233975415"},"geometry":{"type":"LineString","coordinates":[[121.6717443,38.9207962],[121.6708092,38.92095],[121.6703039,38.9210177],[121.6695305,38.9211213],[121.669049,38.9212042],[121.66858,38.9212984],[121.6681696,38.9214048],[121.6679872,38.9214694],[121.6678049,38.921534],[121.6677466,38.9215563],[121.6675994,38.9216126],[121.6672419,38.9217495],[121.6664718,38.9220155],[121.6662051,38.9221076],[121.6661592,38.9221235],[121.6615476,38.9237163],[121.6609141,38.9239351],[121.6608436,38.923958],[121.6607317,38.9239943],[121.6605716,38.9240464],[121.6588181,38.9246162],[121.6564448,38.9253874],[121.6563776,38.9254093],[121.6560116,38.9255282],[121.6558947,38.9255662]]}},{"type":"Feature","id":"way/1233975416","properties":{"alt_name":"丹东线","alt_name:en":"Dandong - Dongxing Highway","alt_name:zh":"丹东线","highway":"trunk","lanes":"2","name":"长江东路","name:en":"Changjiang East Road","name:zh":"长江东路","oneway":"yes","ref":"G228","id":"way/1233975416"},"geometry":{"type":"LineString","coordinates":[[121.6727384,38.9205381],[121.6726515,38.9205696],[121.6725293,38.9206139],[121.6724642,38.9206375],[121.6722316,38.9206983],[121.6719966,38.9207513],[121.6717443,38.9207962]]}},{"type":"Feature","id":"way/1233975417","properties":{"alt_name":"丹东线","alt_name:en":"Dandong - Dongxing Highway","alt_name:zh":"丹东线","highway":"trunk","lanes":"2","name":"长江东路","name:en":"Changjiang East Road","name:zh":"长江东路","oneway":"yes","ref":"G228","id":"way/1233975417"},"geometry":{"type":"LineString","coordinates":[[121.6717301,38.9207404],[121.6719807,38.9206939],[121.6722191,38.9206356],[121.6724469,38.9205727],[121.6725348,38.9205407],[121.6727421,38.9204651]]}},{"type":"Feature","id":"way/1233975418","properties":{"highway":"service","service":"parking_aisle","id":"way/1233975418"},"geometry":{"type":"LineString","coordinates":[[121.6703667,38.9213065],[121.6703039,38.9210177]]}},{"type":"Feature","id":"way/1233980450","properties":{"alt_name":"丹东线","alt_name:en":"Dandong - Dongxing Highway","alt_name:zh":"丹东线","bridge":"yes","highway":"trunk","layer":"1","name":"疏港路","name:en":"Shugang Road","name:zh":"疏港路","oneway":"yes","ref":"G228","id":"way/1233980450"},"geometry":{"type":"LineString","coordinates":[[121.6424346,38.9299523],[121.642538,38.9298459],[121.6426093,38.9297625],[121.6436805,38.9284634],[121.6438213,38.928308],[121.644001,38.9281463],[121.6441915,38.9280023],[121.6444758,38.9278588],[121.6447558,38.9277485],[121.6449284,38.92769],[121.6486373,38.9264333],[121.6488545,38.9263519],[121.6490396,38.9262674],[121.6492435,38.9261641],[121.6496817,38.9259116],[121.6498448,38.9258311],[121.6500191,38.9257695],[121.6501868,38.9257288],[121.6503678,38.9257038],[121.6505547,38.9256937],[121.6516763,38.9257122]]}},{"type":"Feature","id":"way/1234019565","properties":{"alt_name":"丹东线","alt_name:en":"Dandong - Dongxing Highway","alt_name:zh":"丹东线","highway":"trunk","name":"长江路","name:en":"Changjiang Road","name:zh":"长江路","oneway":"yes","ref":"G228","id":"way/1234019565"},"geometry":{"type":"LineString","coordinates":[[121.6546952,38.9257964],[121.6532524,38.9257824],[121.6527694,38.9257778]]}},{"type":"Feature","id":"way/1234019566","properties":{"alt_name":"丹东线","alt_name:en":"Dandong - Dongxing Highway","alt_name:zh":"丹东线","highway":"trunk","name":"长江路","name:en":"Changjiang Road","name:zh":"长江路","oneway":"yes","ref":"G228","id":"way/1234019566"},"geometry":{"type":"LineString","coordinates":[[121.6527651,38.9256996],[121.6538308,38.925711],[121.6539423,38.9256956],[121.6540375,38.9256567],[121.6541082,38.9256055],[121.654161,38.9255465],[121.654184,38.9255159]]}},{"type":"Feature","id":"way/1234019567","properties":{"alt_name":"丹东线","alt_name:en":"Dandong - Dongxing Highway","alt_name:zh":"丹东线","highway":"trunk","junction":"roundabout","lanes":"1","name":"长江东路","name:en":"Changjiang East Road","name:ru":"Портовая площадь","name:zh":"长江东路","oneway":"yes","ref":"G228","id":"way/1234019567"},"geometry":{"type":"LineString","coordinates":[[121.6558947,38.9255662],[121.6555607,38.9256626]]}},{"type":"Feature","id":"way/1234019568","properties":{"highway":"tertiary","lanes":"2","name":"港通街","name:en":"Gangtong Street","name:zh":"港通街","oneway":"yes","id":"way/1234019568"},"geometry":{"type":"LineString","coordinates":[[121.6488693,38.9256128],[121.6489375,38.9256902],[121.648972,38.9257649],[121.6490065,38.9258395],[121.6491917,38.9262406],[121.649242,38.9263341],[121.6492708,38.9263877],[121.6493027,38.9264469],[121.6493295,38.9264968],[121.6499552,38.9276597],[121.6499899,38.9277242],[121.6501032,38.9279348],[121.6501489,38.9280199],[121.6501679,38.9280551],[121.6507979,38.929226],[121.6508227,38.9292722],[121.6508675,38.9293554],[121.6509167,38.9294468],[121.6509438,38.9294973],[121.6514323,38.9304051],[121.6514519,38.9304416],[121.6514988,38.9305289],[121.6515222,38.9305723],[121.6514921,38.9306497]]}},{"type":"Feature","id":"way/1234019570","properties":{"highway":"tertiary","name":"跃进路","id":"way/1234019570"},"geometry":{"type":"LineString","coordinates":[[121.6480551,38.9316967],[121.6479606,38.9317066],[121.6478487,38.9317096],[121.6476855,38.9316885],[121.6475574,38.9316357],[121.6474821,38.9315388],[121.646991,38.9311385],[121.6468017,38.931003],[121.6465823,38.9308725],[121.6453592,38.9302336],[121.6451529,38.9301507],[121.6449257,38.9300864],[121.6446883,38.9300503],[121.6437779,38.929963],[121.6435317,38.9299267],[121.6433527,38.9298844],[121.6431653,38.9298332],[121.6430283,38.9297894]]}},{"type":"Feature","id":"way/1234019571","properties":{"highway":"tertiary","lanes":"2","name":"港汇街","name:en":"Ganghui Street","name:zh":"港汇街","oneway":"yes","id":"way/1234019571"},"geometry":{"type":"LineString","coordinates":[[121.6463635,38.9294628],[121.646283,38.9293832],[121.6461769,38.9293021],[121.6460621,38.9292389],[121.6459083,38.9291866],[121.6457634,38.9291564],[121.6455903,38.9291482],[121.645433,38.9291619],[121.6452846,38.9291963],[121.6437174,38.9296876],[121.6431653,38.9298332],[121.6429945,38.9298783],[121.6426589,38.929981],[121.6425722,38.930019],[121.6424963,38.9300625],[121.6424258,38.9301173],[121.6423372,38.930173],[121.6422294,38.9302211],[121.6390308,38.9312852],[121.6389385,38.9313159],[121.6388264,38.9313532],[121.6387161,38.9313899],[121.635562,38.9324392],[121.635262,38.932527],[121.6349554,38.9326053],[121.6346759,38.9326551],[121.6343486,38.9326901],[121.6340378,38.9327014],[121.6337978,38.9326961],[121.6334647,38.9326737],[121.6331392,38.9326411],[121.6325187,38.932566],[121.6324406,38.9325566],[121.6323897,38.9325504]]}},{"type":"Feature","id":"way/1234019572","properties":{"highway":"service","oneway":"yes","id":"way/1234019572"},"geometry":{"type":"LineString","coordinates":[[121.6388378,38.9314701],[121.6388083,38.9314335],[121.6387658,38.9314042],[121.6387161,38.9313899]]}},{"type":"Feature","id":"way/1234019573","properties":{"highway":"service","oneway":"yes","id":"way/1234019573"},"geometry":{"type":"LineString","coordinates":[[121.6388264,38.9313532],[121.6388378,38.9314701]]}},{"type":"Feature","id":"way/1234019574","properties":{"alt_name":"丹东线","alt_name:en":"Dandong - Dongxing Highway","alt_name:zh":"丹东线","bridge":"yes","highway":"trunk","layer":"1","name":"疏港路","name:en":"Shugang Road","name:ru":"Портовая дорога","name:zh":"疏港路","oneway":"yes","ref":"G228","id":"way/1234019574"},"geometry":{"type":"LineString","coordinates":[[121.6406762,38.9309199],[121.640483,38.9309712],[121.640282,38.9310142],[121.639715,38.9311203]]}},{"type":"Feature","id":"way/1234019575","properties":{"highway":"tertiary_link","oneway":"yes","id":"way/1234019575"},"geometry":{"type":"LineString","coordinates":[[121.6459083,38.9291866],[121.6459385,38.929135]]}},{"type":"Feature","id":"way/1234019576","properties":{"highway":"trunk","lanes":"2","name":"疏港路","oneway":"yes","id":"way/1234019576"},"geometry":{"type":"LineString","coordinates":[[121.6466549,38.9306424],[121.6472762,38.9309756],[121.6474665,38.9310912],[121.647652,38.9312259],[121.6478111,38.9313304],[121.6482823,38.9315951],[121.6482934,38.9316832]]}},{"type":"Feature","id":"way/1267318664","properties":{"highway":"path","id":"way/1267318664"},"geometry":{"type":"LineString","coordinates":[[121.63871,38.9206982],[121.6390057,38.920795]]}},{"type":"Feature","id":"way/1271145224","properties":{"highway":"service","service":"parking_aisle","id":"way/1271145224"},"geometry":{"type":"LineString","coordinates":[[121.633123,38.9327843],[121.6325048,38.9327212],[121.6323888,38.9326908]]}},{"type":"Feature","id":"way/1271145226","properties":{"highway":"tertiary","lanes":"2","name":"港汇街","name:en":"Ganghui Street","name:zh":"港汇街","oneway":"yes","id":"way/1271145226"},"geometry":{"type":"LineString","coordinates":[[121.6323897,38.9325504],[121.6321251,38.9325142],[121.631869,38.9324691],[121.6315042,38.9324235]]}},{"type":"Feature","id":"way/1271145227","properties":{"highway":"tertiary","lanes":"1","name":"疏港路辅路","name:en":"Shugang Road Side Road","name:zh":"疏港路辅路","oneway":"yes","id":"way/1271145227"},"geometry":{"type":"LineString","coordinates":[[121.6307042,38.9320519],[121.6308609,38.932176],[121.6312095,38.9322943],[121.6313898,38.9323598],[121.6315042,38.9324235]]}},{"type":"Feature","id":"way/1271145228","properties":{"highway":"tertiary","lanes":"2","name":"疏港路辅路","name:en":"Shugang Road Side Road","name:zh":"疏港路辅路","oneway":"no","id":"way/1271145228"},"geometry":{"type":"LineString","coordinates":[[121.6323888,38.9326908],[121.6322475,38.9326716],[121.6320922,38.9326437],[121.6317441,38.9325573]]}},{"type":"Feature","id":"way/1271145229","properties":{"highway":"tertiary_link","lanes":"1","oneway":"yes","id":"way/1271145229"},"geometry":{"type":"LineString","coordinates":[[121.6307042,38.9320519],[121.6310315,38.9320373],[121.6312323,38.9320609],[121.6321826,38.932317],[121.6322877,38.9323279],[121.6323913,38.9323152]]}},{"type":"Feature","id":"way/1271145230","properties":{"highway":"tertiary","id":"way/1271145230"},"geometry":{"type":"LineString","coordinates":[[121.6323913,38.9323152],[121.6323902,38.9324797]]}},{"type":"Feature","id":"way/1271145231","properties":{"highway":"tertiary","id":"way/1271145231"},"geometry":{"type":"LineString","coordinates":[[121.6323897,38.9325504],[121.6323888,38.9326908],[121.6323883,38.9327666],[121.6323879,38.9328238],[121.6323829,38.9335532],[121.6323452,38.9337126],[121.6323004,38.933843]]}},{"type":"Feature","id":"way/1271145232","properties":{"highway":"tertiary","lanes":"2","name":"港汇街","name:en":"Ganghui Street","name:zh":"港汇街","oneway":"yes","id":"way/1271145232"},"geometry":{"type":"LineString","coordinates":[[121.6323902,38.9324797],[121.632442,38.9324862],[121.6325138,38.9324952],[121.6331474,38.9325745],[121.6334743,38.9326063],[121.6337894,38.9326292],[121.6340421,38.9326336],[121.6343339,38.9326272],[121.6346519,38.9325922],[121.6349289,38.9325416],[121.6352274,38.9324682],[121.6355279,38.9323784],[121.6389081,38.9312492],[121.6421957,38.9301509],[121.6422705,38.9301176],[121.6423369,38.9300856],[121.642549,38.9299414],[121.6426284,38.9298966],[121.6427229,38.9298604],[121.6428338,38.9298284],[121.6429475,38.9298071],[121.6430283,38.9297894],[121.6434934,38.9296873],[121.6436842,38.929636],[121.6452697,38.9291389],[121.6454419,38.929105],[121.6456412,38.9290905],[121.6457868,38.9291026],[121.6459385,38.929135],[121.6459706,38.9290855]]}},{"type":"Feature","id":"way/1271145233","properties":{"highway":"tertiary","id":"way/1271145233"},"geometry":{"type":"LineString","coordinates":[[121.6323902,38.9324797],[121.6323897,38.9325504]]}},{"type":"Feature","id":"way/1271145234","properties":{"highway":"tertiary","lanes":"2","name":"港汇街","name:en":"Ganghui Street","name:zh":"港汇街","oneway":"yes","id":"way/1271145234"},"geometry":{"type":"LineString","coordinates":[[121.6315042,38.9324235],[121.631107,38.932374]]}},{"type":"Feature","id":"way/1271145235","properties":{"highway":"tertiary","lanes":"1","name":"疏港路辅路","name:en":"Shugang Road Side Road","name:zh":"疏港路辅路","oneway":"yes","id":"way/1271145235"},"geometry":{"type":"LineString","coordinates":[[121.6315042,38.9324235],[121.6317441,38.9325573]]}},{"type":"Feature","id":"way/1304273315","properties":{"layer":"-1","waterway":"river","id":"way/1304273315"},"geometry":{"type":"LineString","coordinates":[[121.6873317,38.9231351],[121.6870211,38.9232377],[121.6856322,38.9237309],[121.6840138,38.9242307],[121.6839682,38.9242599],[121.6839092,38.9243433],[121.6839548,38.9246396],[121.684054,38.9248024],[121.6844537,38.9246897],[121.6844912,38.9247461],[121.6857572,38.924335],[121.6858726,38.9243037],[121.6856322,38.9237309]]}},{"type":"Feature","id":"way/1304273316","properties":{"layer":"1","waterway":"river","id":"way/1304273316"},"geometry":{"type":"LineString","coordinates":[[121.6870211,38.9232377],[121.6873934,38.9238342],[121.6891931,38.9232895],[121.6894426,38.9231915],[121.6893755,38.9230391],[121.689118,38.9226114],[121.6874524,38.9231414],[121.6873317,38.9231351]]}},{"type":"Feature","id":"way/1304273317","properties":{"highway":"footway","id":"way/1304273317"},"geometry":{"type":"LineString","coordinates":[[121.6834633,38.9249462],[121.6838685,38.9247774]]}},{"type":"Feature","id":"way/1304273318","properties":{"bridge":"yes","highway":"footway","layer":"1","id":"way/1304273318"},"geometry":{"type":"LineString","coordinates":[[121.6838685,38.9247774],[121.6842119,38.9246501]]}},{"type":"Feature","id":"way/1304273319","properties":{"waterway":"river","id":"way/1304273319"},"geometry":{"type":"LineString","coordinates":[[121.6893755,38.9230391],[121.6897292,38.9229265]]}},{"type":"Feature","id":"way/1304273323","properties":{"highway":"cycleway","id":"way/1304273323"},"geometry":{"type":"LineString","coordinates":[[121.6902482,38.9238046],[121.690098,38.9239131],[121.6899709,38.9239873],[121.6899049,38.9240258],[121.6897332,38.9240842],[121.6895723,38.9241134],[121.6894542,38.9241093],[121.6892772,38.9240968],[121.6890787,38.9241176],[121.6888588,38.9242053],[121.688612,38.9242679],[121.6884243,38.924272],[121.6882365,38.9242637],[121.6880863,38.9242887],[121.6878878,38.9244128]]}},{"type":"Feature","id":"way/1304273324","properties":{"highway":"cycleway","id":"way/1304273324"},"geometry":{"type":"LineString","coordinates":[[121.6876045,38.924571],[121.6874265,38.924656],[121.6873937,38.9246681],[121.6872226,38.9247311],[121.6869866,38.9247854],[121.6868984,38.9247833],[121.6868096,38.9247812],[121.6865306,38.9247895],[121.6862946,38.9248396],[121.6862392,38.9248777],[121.6861122,38.9249648],[121.6860254,38.9250227],[121.6859245,38.92509],[121.6858506,38.9251291],[121.6857474,38.925186],[121.6855856,38.9252333],[121.685506,38.925257],[121.6853322,38.9252646],[121.6852217,38.9252695],[121.6849213,38.9252778],[121.6846424,38.9253154],[121.6840931,38.9255274]]}},{"type":"Feature","id":"way/1304273325","properties":{"highway":"cycleway","id":"way/1304273325"},"geometry":{"type":"LineString","coordinates":[[121.6835002,38.9257049],[121.6829394,38.9258057],[121.6829043,38.925812],[121.6826629,38.9259038],[121.6824537,38.9259956],[121.6822015,38.9261208],[121.6821441,38.9261544],[121.682046,38.9262126],[121.68187,38.9262954],[121.6818153,38.9263211],[121.6816857,38.9263605],[121.6815954,38.9263879],[121.6814559,38.9264004],[121.6813295,38.926405]]}},{"type":"Feature","id":"way/1304273326","properties":{"highway":"cycleway","id":"way/1304273326"},"geometry":{"type":"LineString","coordinates":[[121.6810053,38.9265006],[121.6808014,38.9265966],[121.680706,38.926627],[121.6805654,38.9266717],[121.6798037,38.9269471],[121.6796159,38.9269972],[121.6794174,38.9270306],[121.6792242,38.9270731],[121.6791331,38.9270932],[121.6788273,38.9272017],[121.6785977,38.9272866],[121.6785001,38.9273227]]}},{"type":"Feature","id":"way/1304273327","properties":{"highway":"pedestrian","id":"way/1304273327"},"geometry":{"type":"LineString","coordinates":[[121.6786269,38.9275498],[121.6788059,38.9273937],[121.6789239,38.9273227],[121.6789761,38.9273003],[121.6791277,38.9272351],[121.679353,38.9271892],[121.6795086,38.9271934],[121.6796535,38.9271975],[121.6797446,38.9272059],[121.680324,38.9270389],[121.6804152,38.9269346],[121.680501,38.9268678],[121.6805815,38.9268303],[121.6806995,38.9267927],[121.6808212,38.9267844],[121.6808819,38.9267802],[121.6809946,38.9268511],[121.6811722,38.9268341],[121.6814952,38.9267363],[121.6819548,38.9265632],[121.6819637,38.9265238],[121.6819709,38.9264922],[121.6820621,38.9263837],[121.6821479,38.9263295],[121.6822284,38.9263003],[121.6823713,38.9263109],[121.6827326,38.9263378],[121.6828038,38.9263173],[121.6832228,38.9261961],[121.6836931,38.9260592],[121.6842808,38.9258843],[121.684696,38.9257703],[121.684755,38.9256993],[121.6848784,38.9256033],[121.6850286,38.9255491],[121.6851949,38.9255491],[121.6853773,38.9255741],[121.6858532,38.925433],[121.6863482,38.9252862],[121.6864126,38.925211],[121.6865521,38.9251276],[121.6867452,38.9250525],[121.6869222,38.9250358],[121.68711,38.925065],[121.687565,38.9249303],[121.6877461,38.9248767],[121.6880617,38.9247882],[121.6883836,38.9246905],[121.6887032,38.9245934],[121.6887461,38.9245308],[121.6890358,38.9243597],[121.6891714,38.924328],[121.689304,38.9242971],[121.6895776,38.9242637],[121.6898029,38.9242887],[121.6899809,38.9242386],[121.690419,38.9241152],[121.6908178,38.9239961],[121.6911279,38.9238964],[121.6911977,38.9238088],[121.6912942,38.9237211],[121.6914069,38.9236627],[121.6915839,38.9236168],[121.6917609,38.9236001],[121.6919862,38.9236252],[121.6927053,38.9234053],[121.6929193,38.9233399]]}},{"type":"Feature","id":"way/1304273344","properties":{"highway":"footway","id":"way/1304273344"},"geometry":{"type":"LineString","coordinates":[[121.6994755,38.9208521],[121.6991055,38.9209598],[121.6972378,38.9215026],[121.6965781,38.9216953],[121.6962804,38.921783],[121.6940493,38.9224404],[121.689234,38.9238591],[121.6881888,38.9241671],[121.6878239,38.9242746],[121.6875081,38.9243631],[121.6871219,38.9244773],[121.6861442,38.9247665],[121.6855961,38.9249286],[121.684867,38.9251442],[121.6840275,38.9253925],[121.6834342,38.9255671],[121.6829034,38.9257256],[121.6823807,38.9258862],[121.6816769,38.9261094],[121.6812494,38.9262449],[121.6809402,38.9263577],[121.6802796,38.9265987],[121.6797114,38.9267945],[121.6796083,38.92683],[121.6794659,38.9268791],[121.6793653,38.9269137],[121.6789066,38.9270718],[121.6785466,38.9271568],[121.6784138,38.9271682]]}},{"type":"Feature","id":"way/1304273345","properties":{"highway":"footway","id":"way/1304273345"},"geometry":{"type":"LineString","coordinates":[[121.6802406,38.926547],[121.6802796,38.9265987]]}},{"type":"Feature","id":"way/1304273346","properties":{"highway":"footway","id":"way/1304273346"},"geometry":{"type":"LineString","coordinates":[[121.6784138,38.9271682],[121.6785135,38.9272226],[121.6785977,38.9272866],[121.6786798,38.9273185],[121.6787495,38.927306],[121.6788622,38.9272726],[121.6790392,38.9272059],[121.6791841,38.9271433],[121.6792242,38.9270731],[121.6793074,38.9269722],[121.6793653,38.9269137],[121.6794659,38.9268791],[121.6796083,38.92683],[121.6797114,38.9267945],[121.6798653,38.9267927],[121.6799995,38.9267677],[121.6801121,38.9267468],[121.6802784,38.92668],[121.6803696,38.9266341],[121.6802796,38.9265987]]}},{"type":"Feature","id":"way/1304273347","properties":{"highway":"footway","id":"way/1304273347"},"geometry":{"type":"LineString","coordinates":[[121.6803696,38.9266341],[121.6804769,38.9265674],[121.6805895,38.9265632],[121.68067,38.9265966],[121.680706,38.926627],[121.6808212,38.9267844]]}},{"type":"Feature","id":"way/1304273348","properties":{"highway":"footway","id":"way/1304273348"},"geometry":{"type":"LineString","coordinates":[[121.6810053,38.9265006],[121.6813295,38.926405]]}},{"type":"Feature","id":"way/1304273349","properties":{"highway":"footway","id":"way/1304273349"},"geometry":{"type":"LineString","coordinates":[[121.6819637,38.9265238],[121.6818341,38.9265089],[121.6817536,38.9264881],[121.681641,38.926438],[121.6815954,38.9263879],[121.6815927,38.9263086],[121.6816517,38.9262335],[121.6817268,38.9261834],[121.6818234,38.9261584],[121.6821441,38.9261544],[121.6822311,38.9262085],[121.6822793,38.9262419],[121.6823713,38.9263109]]}},{"type":"Feature","id":"way/1304273350","properties":{"highway":"footway","id":"way/1304273350"},"geometry":{"type":"LineString","coordinates":[[121.6816769,38.9261094],[121.6817268,38.9261834],[121.681759,38.9262669],[121.6817053,38.9263045],[121.6816857,38.9263605]]}},{"type":"Feature","id":"way/1304273351","properties":{"highway":"footway","id":"way/1304273351"},"geometry":{"type":"LineString","coordinates":[[121.681759,38.9262669],[121.6818126,38.9262711],[121.68187,38.9262954]]}},{"type":"Feature","id":"way/1304273352","properties":{"highway":"footway","id":"way/1304273352"},"geometry":{"type":"LineString","coordinates":[[121.6821441,38.9261544],[121.682333,38.9261125],[121.6824939,38.9261167],[121.6825316,38.9261153],[121.6827192,38.9261083],[121.682805,38.9260791],[121.6828855,38.926029],[121.6829338,38.9259956],[121.6829767,38.9259205],[121.6829767,38.9258746],[121.6829394,38.9258057],[121.6829034,38.9257256]]}},{"type":"Feature","id":"way/1304273353","properties":{"highway":"footway","id":"way/1304273353"},"geometry":{"type":"LineString","coordinates":[[121.6823807,38.9258862],[121.6824537,38.9259956],[121.6825316,38.9261153]]}},{"type":"Feature","id":"way/1304273354","properties":{"highway":"footway","id":"way/1304273354"},"geometry":{"type":"LineString","coordinates":[[121.6827192,38.9261083],[121.6828641,38.9261208],[121.6829445,38.9261375],[121.6830464,38.9261167],[121.6831269,38.9261167],[121.683158,38.9261425],[121.6832228,38.9261961]]}},{"type":"Feature","id":"way/1304273355","properties":{"highway":"footway","id":"way/1304273355"},"geometry":{"type":"LineString","coordinates":[[121.6829445,38.9261375],[121.6828587,38.9261793],[121.6828104,38.9262377],[121.6828038,38.9263173]]}},{"type":"Feature","id":"way/1304273356","properties":{"highway":"footway","id":"way/1304273356"},"geometry":{"type":"LineString","coordinates":[[121.683158,38.9261425],[121.6832342,38.9260749],[121.6832557,38.9259956],[121.6832181,38.9259414],[121.6831806,38.9258996],[121.6830947,38.9258913],[121.6829767,38.9258746]]}},{"type":"Feature","id":"way/1304273357","properties":{"highway":"footway","id":"way/1304273357"},"geometry":{"type":"LineString","coordinates":[[121.6832557,38.9259956],[121.6833147,38.9258996],[121.6835493,38.9257982]]}},{"type":"Feature","id":"way/1304273358","properties":{"highway":"footway","id":"way/1304273358"},"geometry":{"type":"LineString","coordinates":[[121.6831806,38.9258996],[121.6833147,38.9258996]]}},{"type":"Feature","id":"way/1304273359","properties":{"highway":"footway","id":"way/1304273359"},"geometry":{"type":"LineString","coordinates":[[121.6841303,38.9255981],[121.6842159,38.925524],[121.6843339,38.9254698],[121.6844251,38.9254656],[121.6845538,38.9254656],[121.6846397,38.9254614],[121.6847231,38.9254389],[121.6847631,38.9254281],[121.6848328,38.9254055],[121.6848918,38.9253863],[121.6849991,38.9253696],[121.6851547,38.9253613],[121.6852727,38.9253988]]}},{"type":"Feature","id":"way/1304273360","properties":{"highway":"footway","id":"way/1304273360"},"geometry":{"type":"LineString","coordinates":[[121.6845538,38.9254656],[121.6846665,38.9255449],[121.684755,38.9256993]]}},{"type":"Feature","id":"way/1304273361","properties":{"highway":"footway","id":"way/1304273361"},"geometry":{"type":"LineString","coordinates":[[121.6846665,38.9255449],[121.6847231,38.9254389]]}},{"type":"Feature","id":"way/1304273362","properties":{"highway":"footway","id":"way/1304273362"},"geometry":{"type":"LineString","coordinates":[[121.6848328,38.9254055],[121.6849213,38.9252778],[121.684867,38.9251442]]}},{"type":"Feature","id":"way/1304273363","properties":{"highway":"footway","id":"way/1304273363"},"geometry":{"type":"LineString","coordinates":[[121.6849213,38.9252778],[121.6849991,38.9253696]]}},{"type":"Feature","id":"way/1304273364","properties":{"highway":"footway","id":"way/1304273364"},"geometry":{"type":"LineString","coordinates":[[121.6851949,38.9255491],[121.6852727,38.9253988],[121.6853322,38.9252646],[121.6854497,38.9251067],[121.6855892,38.9250274],[121.6856413,38.9250199],[121.6857072,38.9249899],[121.6858896,38.9249857],[121.6860254,38.9250227],[121.68619,38.9250566],[121.6864126,38.925211]]}},{"type":"Feature","id":"way/1304273365","properties":{"highway":"footway","id":"way/1304273365"},"geometry":{"type":"LineString","coordinates":[[121.6856378,38.9252989],[121.6856813,38.9253184],[121.6857306,38.9253258],[121.6857804,38.9253204],[121.6858252,38.9253028],[121.6858603,38.9252748],[121.6858818,38.9252395],[121.6858875,38.9252007],[121.6858767,38.9251625],[121.6858506,38.9251291],[121.6858117,38.925104],[121.6857645,38.9250901],[121.6857139,38.9250889],[121.6856657,38.9251006],[121.685625,38.9251239],[121.6855962,38.9251562],[121.6855826,38.9251941],[121.6855856,38.9252333],[121.6856047,38.9252695],[121.6856378,38.9252989]]}},{"type":"Feature","id":"way/1304273366","properties":{"highway":"footway","id":"way/1304273366"},"geometry":{"type":"LineString","coordinates":[[121.6858532,38.925433],[121.6857804,38.9253204]]}},{"type":"Feature","id":"way/1304273367","properties":{"highway":"footway","id":"way/1304273367"},"geometry":{"type":"LineString","coordinates":[[121.6856657,38.9251006],[121.6856413,38.9250199],[121.6855961,38.9249286]]}},{"type":"Feature","id":"way/1304273368","properties":{"highway":"footway","id":"way/1304273368"},"geometry":{"type":"LineString","coordinates":[[121.6861442,38.9247665],[121.6861905,38.9248361],[121.6862392,38.9248777],[121.6863407,38.9249321],[121.6864748,38.9249488],[121.6866304,38.9249321],[121.6867484,38.9248987],[121.6868343,38.9248278],[121.6868984,38.9247833],[121.6869716,38.9246831],[121.6871219,38.9244773]]}},{"type":"Feature","id":"way/1304273369","properties":{"highway":"footway","id":"way/1304273369"},"geometry":{"type":"LineString","coordinates":[[121.6869716,38.9246831],[121.6871561,38.9246233],[121.6872527,38.9246233],[121.6873937,38.9246681],[121.6874565,38.9247193],[121.687565,38.9249303]]}},{"type":"Feature","id":"way/1304273370","properties":{"highway":"footway","id":"way/1304273370"},"geometry":{"type":"LineString","coordinates":[[121.6872527,38.9246233],[121.6871669,38.9245732],[121.6871219,38.9244773]]}},{"type":"Feature","id":"way/1304273371","properties":{"highway":"footway","id":"way/1304273371"},"geometry":{"type":"LineString","coordinates":[[121.6883836,38.9246905],[121.6882987,38.9245983],[121.6882719,38.9245148],[121.6883148,38.9244313],[121.6882987,38.9243645],[121.6882365,38.9242637],[121.6881888,38.9241671]]}},{"type":"Feature","id":"way/1304273372","properties":{"highway":"footway","id":"way/1304273372"},"geometry":{"type":"LineString","coordinates":[[121.6883148,38.9244313],[121.6884597,38.9243437],[121.6886152,38.9243145],[121.6888513,38.9243061],[121.6890712,38.9242519],[121.6891266,38.9242227],[121.6892375,38.9241642],[121.6892772,38.9240968],[121.6892965,38.9239848],[121.689234,38.9238591]]}},{"type":"Feature","id":"way/1304273373","properties":{"highway":"footway","id":"way/1304273373"},"geometry":{"type":"LineString","coordinates":[[121.6891714,38.924328],[121.6891266,38.9242227],[121.6890787,38.9241176]]}},{"type":"Feature","id":"way/1304273374","properties":{"highway":"footway","id":"way/1304273374"},"geometry":{"type":"LineString","coordinates":[[121.6892965,38.9239848],[121.6894467,38.9238846],[121.6895487,38.9238262],[121.6896291,38.9238137],[121.6897579,38.9238429],[121.6898759,38.9239055],[121.6899709,38.9239873],[121.6899939,38.9240849],[121.6899809,38.9242386]]}},{"type":"Feature","id":"way/1304273377","properties":{"highway":"footway","surface":"paving_stones","id":"way/1304273377"},"geometry":{"type":"LineString","coordinates":[[121.6837551,38.9246153],[121.6833847,38.9248366]]}},{"type":"Feature","id":"way/1304273378","properties":{"bridge":"yes","highway":"footway","layer":"1","surface":"paving_stones","id":"way/1304273378"},"geometry":{"type":"LineString","coordinates":[[121.6840531,38.9245314],[121.6837551,38.9246153]]}},{"type":"Feature","id":"way/1305050158","properties":{"highway":"footway","id":"way/1305050158"},"geometry":{"type":"LineString","coordinates":[[121.6896236,38.9217797],[121.6899325,38.9221737],[121.6901598,38.9224637],[121.6902569,38.9225876],[121.6903506,38.9227071],[121.6904913,38.9228865],[121.6905564,38.9229696],[121.6907769,38.9232509],[121.6908038,38.9232722],[121.6908252,38.9232785],[121.6937255,38.9224122],[121.6934274,38.9220045],[121.6928273,38.9211837],[121.6925579,38.9207259],[121.6924247,38.9207695],[121.6919488,38.9209252],[121.6915631,38.9210514],[121.6912664,38.9211485],[121.6909865,38.9212401],[121.6904813,38.9214053],[121.6899525,38.9215784],[121.689637,38.9216816],[121.6896102,38.9217275],[121.6896236,38.9217797]]}},{"type":"Feature","id":"way/1305050184","properties":{"waterway":"stream","id":"way/1305050184"},"geometry":{"type":"LineString","coordinates":[[121.6812413,38.9257805],[121.682459,38.9253569],[121.6823743,38.9251979],[121.6826057,38.9251178],[121.6828586,38.9249709],[121.6829311,38.9249458],[121.6830303,38.9249458]]}},{"type":"Feature","id":"way/1305050185","properties":{"waterway":"stream","id":"way/1305050185"},"geometry":{"type":"LineString","coordinates":[[121.6828586,38.9249709],[121.6827245,38.9246704],[121.6826441,38.9246745],[121.6823785,38.9247622],[121.6823168,38.9247831],[121.6822981,38.9247351],[121.6816516,38.9249437],[121.6817545,38.9251521],[121.6817804,38.9252046],[121.6822873,38.9250439],[121.6823743,38.9251979]]}},{"type":"Feature","id":"way/1305050186","properties":{"waterway":"stream","id":"way/1305050186"},"geometry":{"type":"LineString","coordinates":[[121.6817545,38.9251521],[121.6811588,38.9253384],[121.6801227,38.9256624],[121.6792996,38.9259198],[121.6790445,38.9259996],[121.6790204,38.9259516],[121.6780521,38.9262792],[121.6781835,38.92654],[121.6783686,38.9268655],[121.6784625,38.9268321],[121.6784491,38.9267946],[121.6792752,38.9265087],[121.6791357,38.92625]]}},{"type":"Feature","id":"way/1305050187","properties":{"waterway":"stream","id":"way/1305050187"},"geometry":{"type":"LineString","coordinates":[[121.6801227,38.9256624],[121.6802891,38.9259766]]}},{"type":"Feature","id":"way/1305050188","properties":{"waterway":"stream","id":"way/1305050188"},"geometry":{"type":"LineString","coordinates":[[121.6802891,38.9259766],[121.681252,38.9256511],[121.6812332,38.9256031],[121.6812788,38.9255885],[121.6811588,38.9253384]]}},{"type":"Feature","id":"way/1305050189","properties":{"waterway":"stream","id":"way/1305050189"},"geometry":{"type":"LineString","coordinates":[[121.6802891,38.9259766],[121.6796749,38.9261707]]}},{"type":"Feature","id":"way/1305050190","properties":{"waterway":"stream","id":"way/1305050190"},"geometry":{"type":"LineString","coordinates":[[121.6796749,38.9261707],[121.6796507,38.9261227],[121.6794495,38.9261853],[121.6792996,38.9259198]]}},{"type":"Feature","id":"way/1305050191","properties":{"highway":"footway","id":"way/1305050191"},"geometry":{"type":"LineString","coordinates":[[121.681054,38.9258568],[121.6811129,38.9259546]]}},{"type":"Feature","id":"way/1305050192","properties":{"highway":"footway","id":"way/1305050192"},"geometry":{"type":"LineString","coordinates":[[121.681054,38.9258568],[121.6811129,38.9259546],[121.6812309,38.9258962],[121.6818505,38.9256729],[121.6820329,38.9256145],[121.6820061,38.9255706],[121.6826203,38.9253599],[121.68269,38.9253307],[121.6826471,38.9252597],[121.6827759,38.9251304],[121.6830977,38.925026]]}},{"type":"Feature","id":"way/1305050193","properties":{"highway":"footway","id":"way/1305050193"},"geometry":{"type":"LineString","coordinates":[[121.68269,38.9253307],[121.6828482,38.9256379]]}},{"type":"Feature","id":"way/1305050195","properties":{"highway":"footway","id":"way/1305050195"},"geometry":{"type":"LineString","coordinates":[[121.6786023,38.9261278],[121.6786962,38.9263051]]}},{"type":"Feature","id":"way/1305050196","properties":{"highway":"footway","id":"way/1305050196"},"geometry":{"type":"LineString","coordinates":[[121.6785371,38.9260129],[121.6785647,38.9260615]]}},{"type":"Feature","id":"way/1305050197","properties":{"bridge":"yes","highway":"footway","layer":"1","id":"way/1305050197"},"geometry":{"type":"LineString","coordinates":[[121.6785647,38.9260615],[121.6786023,38.9261278]]}},{"type":"Feature","id":"way/1305050204","properties":{"highway":"footway","id":"way/1305050204"},"geometry":{"type":"LineString","coordinates":[[121.6828348,38.9247944],[121.6828947,38.9247726],[121.6830935,38.9247]]}},{"type":"Feature","id":"way/1305050205","properties":{"bridge":"yes","highway":"footway","layer":"1","id":"way/1305050205"},"geometry":{"type":"LineString","coordinates":[[121.6827404,38.9248289],[121.6828348,38.9247944]]}},{"type":"Feature","id":"way/1305050206","properties":{"highway":"footway","id":"way/1305050206"},"geometry":{"type":"LineString","coordinates":[[121.6827338,38.9248313],[121.6827404,38.9248289]]}},{"type":"Feature","id":"way/1305050207","properties":{"highway":"footway","id":"way/1305050207"},"geometry":{"type":"LineString","coordinates":[[121.6829241,38.9248388],[121.6828947,38.9247726],[121.6827873,38.924555],[121.6829413,38.9244893],[121.6830935,38.9247],[121.683591,38.925389],[121.6828482,38.9256379],[121.6802198,38.9265067],[121.6791367,38.9268815],[121.6786668,38.9270192],[121.6784357,38.927049],[121.6782467,38.9270565],[121.6780187,38.9270025],[121.6778086,38.9269199],[121.6776392,38.926812],[121.6774075,38.926539],[121.6769642,38.9259781],[121.6769616,38.9259364],[121.6769937,38.925853],[121.6797808,38.9248865],[121.6802647,38.924711],[121.6806317,38.9245778],[121.6816752,38.9242788],[121.6825983,38.9240143],[121.6829413,38.9244893]]}},{"type":"Feature","id":"way/1305050208","properties":{"bridge":"yes","highway":"footway","layer":"1","id":"way/1305050208"},"geometry":{"type":"LineString","coordinates":[[121.6821531,38.924738],[121.682195,38.9248122]]}},{"type":"Feature","id":"way/1305050209","properties":{"highway":"footway","id":"way/1305050209"},"geometry":{"type":"LineString","coordinates":[[121.682195,38.9248122],[121.6822,38.9248211],[121.6822214,38.924844],[121.6826479,38.9247022],[121.6826989,38.9247251],[121.6827404,38.9248289]]}},{"type":"Feature","id":"way/1305050210","properties":{"highway":"footway","id":"way/1305050210"},"geometry":{"type":"LineString","coordinates":[[121.6821141,38.9246688],[121.6821531,38.924738]]}},{"type":"Feature","id":"way/1349576296","properties":{"crossing":"uncontrolled","crossing:markings":"zebra","footway":"crossing","highway":"footway","id":"way/1349576296"},"geometry":{"type":"LineString","coordinates":[[121.629853,38.9247435],[121.6298739,38.9247063],[121.6299024,38.9246554],[121.6299211,38.9246221]]}},{"type":"Feature","id":"way/1349576297","properties":{"crossing":"uncontrolled","crossing:markings":"zebra","footway":"crossing","highway":"footway","id":"way/1349576297"},"geometry":{"type":"LineString","coordinates":[[121.6313854,38.9253074],[121.6314063,38.9252691],[121.6314319,38.9252221],[121.6314518,38.9251857]]}},{"type":"Feature","id":"way/1349576298","properties":{"crossing":"uncontrolled","crossing:markings":"yes","footway":"crossing","highway":"footway","id":"way/1349576298"},"geometry":{"type":"LineString","coordinates":[[121.6326486,38.9261885],[121.632698,38.9262238],[121.6327617,38.9262692]]}},{"type":"Feature","id":"way/1349576299","properties":{"crossing":"uncontrolled","crossing:markings":"zebra","footway":"crossing","highway":"footway","id":"way/1349576299"},"geometry":{"type":"LineString","coordinates":[[121.6330853,38.9262169],[121.6329931,38.9262318],[121.6328291,38.9262583],[121.6327617,38.9262692],[121.6325887,38.9263413]]}},{"type":"Feature","id":"way/1349576300","properties":{"crossing":"uncontrolled","crossing:markings":"zebra","footway":"crossing","highway":"footway","id":"way/1349576300"},"geometry":{"type":"LineString","coordinates":[[121.6327636,38.9266076],[121.6328378,38.9266335],[121.6329301,38.9266658]]}},{"type":"Feature","id":"way/1349576301","properties":{"crossing":"uncontrolled","crossing:markings":"zebra","footway":"crossing","highway":"footway","id":"way/1349576301"},"geometry":{"type":"LineString","coordinates":[[121.6329628,38.9266608],[121.6329966,38.9266238],[121.6330273,38.9265902]]}},{"type":"Feature","id":"way/1349576302","properties":{"crossing":"uncontrolled","crossing:markings":"zebra","footway":"crossing","highway":"footway","id":"way/1349576302"},"geometry":{"type":"LineString","coordinates":[[121.6326401,38.9261311],[121.6326617,38.9261104],[121.6327065,38.9260675],[121.6327188,38.9260557],[121.6327496,38.9260263]]}},{"type":"Feature","id":"way/1349576303","properties":{"crossing":"uncontrolled","crossing:markings":"yes","footway":"crossing","highway":"footway","id":"way/1349576303"},"geometry":{"type":"LineString","coordinates":[[121.6342771,38.9251846],[121.6342302,38.9251315],[121.6341583,38.92505]]}},{"type":"Feature","id":"way/1349576304","properties":{"crossing":"uncontrolled","crossing:markings":"zebra","footway":"crossing","highway":"footway","id":"way/1349576304"},"geometry":{"type":"LineString","coordinates":[[121.6343082,38.9251896],[121.6343249,38.9251795],[121.6343796,38.9251464],[121.6343993,38.9251344],[121.6344399,38.9251099],[121.6346444,38.9249861]]}},{"type":"Feature","id":"way/1349576305","properties":{"crossing":"uncontrolled","crossing:markings":"zebra","footway":"crossing","highway":"footway","id":"way/1349576305"},"geometry":{"type":"LineString","coordinates":[[121.6346444,38.9249861],[121.634547,38.9249111],[121.6344744,38.9248551],[121.6344278,38.9248191]]}},{"type":"Feature","id":"way/1349576306","properties":{"crossing":"uncontrolled","crossing:markings":"zebra","footway":"crossing","highway":"footway","id":"way/1349576306"},"geometry":{"type":"LineString","coordinates":[[121.6341435,38.9250018],[121.6341555,38.9249941],[121.6341964,38.9249678],[121.6342155,38.9249555],[121.6342522,38.9249319],[121.6343834,38.9248476],[121.6344278,38.9248191]]}},{"type":"Feature","id":"way/1349576307","properties":{"crossing":"uncontrolled","crossing:markings":"zebra","footway":"crossing","highway":"footway","id":"way/1349576307"},"geometry":{"type":"LineString","coordinates":[[121.6337608,38.9246393],[121.6337753,38.9246259],[121.6337904,38.9246121],[121.6338092,38.9245949],[121.6338289,38.9245769],[121.6339211,38.9244924]]}},{"type":"Feature","id":"way/1349576308","properties":{"crossing":"uncontrolled","crossing:markings":"zebra","footway":"crossing","highway":"footway","id":"way/1349576308"},"geometry":{"type":"LineString","coordinates":[[121.6339211,38.9244924],[121.6340627,38.9245166],[121.6341691,38.9245348]]}},{"type":"Feature","id":"way/1349576309","properties":{"crossing":"uncontrolled","crossing:markings":"zebra","footway":"crossing","highway":"footway","id":"way/1349576309"},"geometry":{"type":"LineString","coordinates":[[121.6355431,38.9240625],[121.6356041,38.924009],[121.6356394,38.923978]]}},{"type":"Feature","id":"way/1349576310","properties":{"crossing":"uncontrolled","crossing:markings":"zebra","footway":"crossing","highway":"footway","id":"way/1349576310"},"geometry":{"type":"LineString","coordinates":[[121.6354687,38.9238409],[121.6355861,38.9239022],[121.6356288,38.9239245]]}},{"type":"Feature","id":"way/1349576311","properties":{"crossing":"uncontrolled","crossing:markings":"zebra","footway":"crossing","highway":"footway","id":"way/1349576311"},"geometry":{"type":"LineString","coordinates":[[121.6359811,38.9233653],[121.6360867,38.9234277],[121.6361152,38.9234446]]}},{"type":"Feature","id":"way/1349576312","properties":{"crossing":"uncontrolled","crossing:markings":"zebra","footway":"crossing","highway":"footway","id":"way/1349576312"},"geometry":{"type":"LineString","coordinates":[[121.6341217,38.9233271],[121.6342034,38.9233323],[121.6342591,38.9233358]]}},{"type":"Feature","id":"way/1349576313","properties":{"crossing":"uncontrolled","crossing:markings":"zebra","footway":"crossing","highway":"footway","id":"way/1349576313"},"geometry":{"type":"LineString","coordinates":[[121.6340879,38.9232815],[121.6340911,38.9232419],[121.634098,38.9231554]]}},{"type":"Feature","id":"way/1349576314","properties":{"crossing":"uncontrolled","crossing:markings":"zebra","footway":"crossing","highway":"footway","id":"way/1349576314"},"geometry":{"type":"LineString","coordinates":[[121.6341431,38.9230835],[121.6342337,38.9230875],[121.6343244,38.9230914]]}},{"type":"Feature","id":"way/1349576315","properties":{"crossing":"uncontrolled","crossing:markings":"zebra","footway":"crossing","highway":"footway","id":"way/1349576315"},"geometry":{"type":"LineString","coordinates":[[121.6327722,38.9238136],[121.6328123,38.9237931],[121.63284,38.9237789],[121.6328623,38.9237674],[121.6329027,38.9237468],[121.6330096,38.9236919]]}},{"type":"Feature","id":"way/1349576316","properties":{"crossing":"uncontrolled","crossing:markings":"zebra","footway":"crossing","highway":"footway","id":"way/1349576316"},"geometry":{"type":"LineString","coordinates":[[121.6330096,38.9236919],[121.6329884,38.9236523],[121.6329318,38.9235467]]}},{"type":"Feature","id":"way/1349576317","properties":{"crossing":"uncontrolled","crossing:markings":"zebra","footway":"crossing","highway":"footway","id":"way/1349576317"},"geometry":{"type":"LineString","coordinates":[[121.6329318,38.9235467],[121.6327931,38.9235811],[121.6327436,38.9235933],[121.6327222,38.9235987],[121.6326861,38.9236076],[121.6326457,38.9236176]]}},{"type":"Feature","id":"way/1349576318","properties":{"crossing":"uncontrolled","crossing:markings":"zebra","footway":"crossing","highway":"footway","id":"way/1349576318"},"geometry":{"type":"LineString","coordinates":[[121.6326457,38.9236176],[121.6327322,38.9237517],[121.6327722,38.9238136]]}},{"type":"Feature","id":"way/1349576319","properties":{"crossing":"uncontrolled","crossing:markings":"zebra","footway":"crossing","highway":"footway","id":"way/1349576319"},"geometry":{"type":"LineString","coordinates":[[121.632082,38.9227203],[121.6321081,38.9227092],[121.6321456,38.9226933],[121.6321751,38.9226807],[121.6322069,38.9226672],[121.6323407,38.9226103]]}},{"type":"Feature","id":"way/1349576320","properties":{"crossing":"uncontrolled","crossing:markings":"zebra","footway":"crossing","highway":"footway","id":"way/1349576320"},"geometry":{"type":"LineString","coordinates":[[121.6323407,38.9226103],[121.6323084,38.9225593],[121.6322695,38.922498],[121.6322473,38.922463]]}},{"type":"Feature","id":"way/1349576321","properties":{"crossing":"uncontrolled","crossing:markings":"zebra","footway":"crossing","highway":"footway","id":"way/1349576321"},"geometry":{"type":"LineString","coordinates":[[121.6322473,38.922463],[121.6321109,38.9225206],[121.632079,38.922534],[121.6320493,38.9225465],[121.6320119,38.9225623],[121.6319793,38.9225761]]}},{"type":"Feature","id":"way/1349576322","properties":{"crossing":"uncontrolled","crossing:markings":"zebra","footway":"crossing","highway":"footway","id":"way/1349576322"},"geometry":{"type":"LineString","coordinates":[[121.6314018,38.9216882],[121.6314343,38.9216749],[121.6314631,38.9216632],[121.6314972,38.9216492],[121.6315326,38.9216348],[121.6316491,38.9215872]]}},{"type":"Feature","id":"way/1349576323","properties":{"crossing":"uncontrolled","crossing:markings":"zebra","footway":"crossing","highway":"footway","id":"way/1349576323"},"geometry":{"type":"LineString","coordinates":[[121.6316491,38.9215872],[121.6316203,38.921536],[121.6315965,38.9214936]]}},{"type":"Feature","id":"way/1349576324","properties":{"crossing":"uncontrolled","crossing:markings":"zebra","footway":"crossing","highway":"footway","id":"way/1349576324"},"geometry":{"type":"LineString","coordinates":[[121.631556,38.9214746],[121.6314533,38.9215139],[121.6314163,38.921528],[121.6313824,38.921541],[121.6313527,38.9215524],[121.6313247,38.9215631]]}},{"type":"Feature","id":"way/1349576325","properties":{"crossing":"uncontrolled","crossing:markings":"zebra","footway":"crossing","highway":"footway","id":"way/1349576325"},"geometry":{"type":"LineString","coordinates":[[121.6313247,38.9215631],[121.63137,38.9216367],[121.6314018,38.9216882]]}},{"type":"Feature","id":"way/1349576326","properties":{"crossing":"uncontrolled","crossing:markings":"zebra","footway":"crossing","highway":"footway","id":"way/1349576326"},"geometry":{"type":"LineString","coordinates":[[121.6309766,38.9210591],[121.6310103,38.9210459],[121.6310471,38.9210314],[121.6310738,38.9210209],[121.6311134,38.9210054],[121.6312514,38.9209512]]}},{"type":"Feature","id":"way/1349576327","properties":{"crossing":"uncontrolled","crossing:markings":"zebra","footway":"crossing","highway":"footway","id":"way/1349576327"},"geometry":{"type":"LineString","coordinates":[[121.6312514,38.9209512],[121.6312239,38.9208988],[121.6311807,38.9208163]]}},{"type":"Feature","id":"way/1349576328","properties":{"crossing":"uncontrolled","crossing:markings":"zebra","footway":"crossing","highway":"footway","id":"way/1349576328"},"geometry":{"type":"LineString","coordinates":[[121.6311807,38.9208163],[121.6310302,38.9208776],[121.6309912,38.9208936],[121.6309656,38.920904],[121.6309262,38.9209201],[121.6308779,38.9209397]]}},{"type":"Feature","id":"way/1349576329","properties":{"crossing":"uncontrolled","crossing:markings":"zebra","footway":"crossing","highway":"footway","id":"way/1349576329"},"geometry":{"type":"LineString","coordinates":[[121.6308779,38.9209397],[121.6309294,38.9210174],[121.6309433,38.9210383]]}},{"type":"Feature","id":"way/1349576331","properties":{"crossing":"uncontrolled","crossing:markings":"zebra","footway":"crossing","highway":"footway","id":"way/1349576331"},"geometry":{"type":"LineString","coordinates":[[121.6298779,38.920154],[121.629928,38.9201744],[121.6299819,38.9201963],[121.630115,38.9202505],[121.6301472,38.9202636],[121.6301944,38.9202828],[121.6302679,38.9203128]]}},{"type":"Feature","id":"way/1349576332","properties":{"crossing":"uncontrolled","crossing:markings":"zebra","footway":"crossing","highway":"footway","id":"way/1349576332"},"geometry":{"type":"LineString","coordinates":[[121.6304897,38.9203686],[121.6305196,38.9203493],[121.6305608,38.9203229],[121.6305891,38.9203047],[121.6306194,38.9202852],[121.6307719,38.9201873]]}},{"type":"Feature","id":"way/1349576333","properties":{"crossing":"uncontrolled","crossing:markings":"zebra","footway":"crossing","highway":"footway","id":"way/1349576333"},"geometry":{"type":"LineString","coordinates":[[121.6307719,38.9201873],[121.6306269,38.9200246],[121.6305573,38.9199465]]}},{"type":"Feature","id":"way/1349576334","properties":{"crossing":"uncontrolled","crossing:markings":"zebra","footway":"crossing","highway":"footway","id":"way/1349576334"},"geometry":{"type":"LineString","coordinates":[[121.6359622,38.9212179],[121.6359509,38.9211586],[121.6359312,38.9210577]]}},{"type":"Feature","id":"way/1349576335","properties":{"crossing":"uncontrolled","crossing:markings":"zebra","footway":"crossing","highway":"footway","id":"way/1349576335"},"geometry":{"type":"LineString","coordinates":[[121.6359904,38.9210401],[121.6361109,38.9210193],[121.6362312,38.9209984]]}},{"type":"Feature","id":"way/1349576336","properties":{"crossing":"uncontrolled","crossing:markings":"zebra","footway":"crossing","highway":"footway","id":"way/1349576336"},"geometry":{"type":"LineString","coordinates":[[121.6363131,38.9211834],[121.6362978,38.9211064],[121.6362748,38.9210209]]}},{"type":"Feature","id":"way/1349576337","properties":{"crossing":"uncontrolled","crossing:markings":"zebra","footway":"crossing","highway":"footway","id":"way/1349576337"},"geometry":{"type":"LineString","coordinates":[[121.6361066,38.9212715],[121.6361874,38.9212361],[121.6363131,38.9211834]]}},{"type":"Feature","id":"way/1349576338","properties":{"crossing":"uncontrolled","crossing:markings":"zebra","footway":"crossing","highway":"footway","id":"way/1349576338"},"geometry":{"type":"LineString","coordinates":[[121.6343228,38.9214747],[121.6344303,38.9214753],[121.6345175,38.9214758]]}},{"type":"Feature","id":"way/1349576339","properties":{"crossing":"uncontrolled","crossing:markings":"yes","footway":"crossing","highway":"footway","id":"way/1349576339"},"geometry":{"type":"LineString","coordinates":[[121.6353478,38.9213236],[121.6353297,38.9212534],[121.6353118,38.9211914]]}},{"type":"Feature","id":"way/1349576340","properties":{"crossing":"uncontrolled","crossing:markings":"zebra","footway":"crossing","highway":"footway","id":"way/1349576340"},"geometry":{"type":"LineString","coordinates":[[121.6345787,38.9214202],[121.6345777,38.9213697],[121.6345768,38.9213036]]}},{"type":"Feature","id":"way/1349576341","properties":{"crossing":"uncontrolled","crossing:markings":"zebra","footway":"crossing","highway":"footway","id":"way/1349576341"},"geometry":{"type":"LineString","coordinates":[[121.6327279,38.9204212],[121.6326657,38.9203348],[121.632637,38.920295],[121.6325116,38.9201207],[121.6324462,38.9200299]]}},{"type":"Feature","id":"way/1349576342","properties":{"crossing":"uncontrolled","crossing:markings":"zebra","footway":"crossing","highway":"footway","id":"way/1349576342"},"geometry":{"type":"LineString","coordinates":[[121.6329143,38.920225],[121.632825,38.9202645],[121.6326657,38.9203348],[121.6325294,38.9203951],[121.6324901,38.9204048],[121.6324579,38.9204033],[121.6324277,38.9203912],[121.6323955,38.9203783]]}},{"type":"Feature","id":"way/1349576343","properties":{"crossing":"uncontrolled","crossing:markings":"zebra","footway":"crossing","highway":"footway","id":"way/1349576343"},"geometry":{"type":"LineString","coordinates":[[121.6314723,38.9186681],[121.6313832,38.9186361],[121.6312695,38.9185954]]}},{"type":"Feature","id":"way/1349576360","properties":{"crossing":"uncontrolled","crossing:markings":"zebra","footway":"crossing","highway":"footway","id":"way/1349576360"},"geometry":{"type":"LineString","coordinates":[[121.6290505,38.9183893],[121.6291374,38.9184221],[121.6292567,38.9184673]]}},{"type":"Feature","id":"way/1349576361","properties":{"crossing":"uncontrolled","crossing:markings":"zebra","footway":"crossing","highway":"footway","id":"way/1349576361"},"geometry":{"type":"LineString","coordinates":[[121.6296525,38.920647],[121.6297213,38.9206924],[121.6297543,38.9207142]]}},{"type":"Feature","id":"way/1349576362","properties":{"highway":"service","service":"parking_aisle","id":"way/1349576362"},"geometry":{"type":"LineString","coordinates":[[121.6288161,38.9199669],[121.6292397,38.9202665],[121.6296009,38.920511]]}},{"type":"Feature","id":"way/1349576363","properties":{"highway":"service","service":"parking_aisle","id":"way/1349576363"},"geometry":{"type":"LineString","coordinates":[[121.6287073,38.9200818],[121.6291171,38.9203728],[121.629457,38.9206141]]}},{"type":"Feature","id":"way/1349576364","properties":{"highway":"service","service":"parking_aisle","id":"way/1349576364"},"geometry":{"type":"LineString","coordinates":[[121.6286234,38.9202391],[121.6293186,38.9207327]]}},{"type":"Feature","id":"way/1349576365","properties":{"highway":"service","service":"parking_aisle","id":"way/1349576365"},"geometry":{"type":"LineString","coordinates":[[121.6285442,38.920364],[121.6288641,38.9205921],[121.6292018,38.9208329]]}},{"type":"Feature","id":"way/1349576366","properties":{"highway":"service","service":"parking_aisle","id":"way/1349576366"},"geometry":{"type":"LineString","coordinates":[[121.6284342,38.9205066],[121.6287277,38.9207103],[121.6290687,38.9209469]]}},{"type":"Feature","id":"way/1349576367","properties":{"highway":"service","oneway":"yes","id":"way/1349576367"},"geometry":{"type":"LineString","coordinates":[[121.6302061,38.9202178],[121.6301472,38.9202636],[121.6299373,38.9204273],[121.6295736,38.9206071],[121.6289909,38.92111],[121.6289569,38.9211323],[121.6289122,38.921131],[121.6288747,38.9211112],[121.6285556,38.9208851],[121.6282599,38.9206756],[121.6282342,38.9206483],[121.6282236,38.9206247],[121.6282396,38.9205942],[121.6287644,38.9199057],[121.6287898,38.9198838],[121.6288381,38.9198723],[121.6298342,38.9202064],[121.6298667,38.9202067],[121.629894,38.9201964],[121.629928,38.9201744],[121.6299777,38.9201331]]}},{"type":"Feature","id":"way/1356007007","properties":{"highway":"tertiary","name":"民康街","name:en":"Minkang Street","name:zh":"民康街","name:zh-Latn-pinyin":"mínkāng jiē","id":"way/1356007007"},"geometry":{"type":"LineString","coordinates":[[121.6350826,38.9212954],[121.6349411,38.9213174],[121.6347123,38.9213529],[121.6345777,38.9213697],[121.6344455,38.9213805]]}},{"type":"Feature","id":"way/1356069656","properties":{"highway":"tertiary","name":"民康街","name:en":"Minkang Street","name:zh":"民康街","name:zh-Latn-pinyin":"mínkāng jiē","id":"way/1356069656"},"geometry":{"type":"LineString","coordinates":[[121.636096,38.9211375],[121.6359509,38.9211586],[121.6353297,38.9212534],[121.6350826,38.9212954]]}},{"type":"Feature","id":"way/1356069657","properties":{"highway":"unclassified","name":"白玉街","name:en":"Baiyu Street","name:zh":"白玉街","name:zh-Latn-pinyin":"báiyù jiē","oneway":"yes","surface":"asphalt","id":"way/1356069657"},"geometry":{"type":"LineString","coordinates":[[121.636096,38.9211375],[121.6361109,38.9210193],[121.6366235,38.920021]]}},{"type":"Feature","id":"way/1356069658","properties":{"highway":"primary","name":"中山路","oneway":"yes","id":"way/1356069658"},"geometry":{"type":"LineString","coordinates":[[121.6376224,38.9203437],[121.6369958,38.9201413],[121.6367829,38.9200725],[121.6366235,38.920021]]}},{"type":"Feature","id":"way/1356170893","properties":{"highway":"unclassified","name":"捷胜街","id":"way/1356170893"},"geometry":{"type":"LineString","coordinates":[[121.659745,38.9191227],[121.659758,38.9191613],[121.6599682,38.9202229]]}},{"type":"Feature","id":"way/1356170894","properties":{"highway":"unclassified","name":"捷胜街","id":"way/1356170894"},"geometry":{"type":"LineString","coordinates":[[121.65953,38.9180668],[121.6596076,38.9184572]]}},{"type":"Feature","id":"way/1356170895","properties":{"highway":"unclassified","name":"学士街","surface":"asphalt","id":"way/1356170895"},"geometry":{"type":"LineString","coordinates":[[121.65953,38.9180668],[121.6596632,38.9180799],[121.6607843,38.9179322]]}},{"type":"Feature","id":"way/1356170896","properties":{"highway":"secondary","name":"港湾街","source":"gps","id":"way/1356170896"},"geometry":{"type":"LineString","coordinates":[[121.6582805,38.9170311],[121.6581089,38.9179367]]}},{"type":"Feature","id":"way/1356170897","properties":{"highway":"unclassified","name":"学士街","surface":"asphalt","id":"way/1356170897"},"geometry":{"type":"LineString","coordinates":[[121.6581089,38.9179367],[121.65953,38.9180668]]}},{"type":"Feature","id":"way/1356170912","properties":{"highway":"secondary","name":"鲁迅路","name:en":"Luxun Road","name:zh":"鲁迅路","name:zh-Latn-pinyin":"lǔxùn lù","id":"way/1356170912"},"geometry":{"type":"LineString","coordinates":[[121.6585447,38.9192912],[121.659745,38.9191227]]}},{"type":"Feature","id":"way/1356170913","properties":{"highway":"unclassified","name":"捷胜街","id":"way/1356170913"},"geometry":{"type":"LineString","coordinates":[[121.6596076,38.9184572],[121.6597349,38.9190749],[121.659745,38.9191227]]}},{"type":"Feature","id":"way/1356187999","properties":{"highway":"unclassified","id":"way/1356187999"},"geometry":{"type":"LineString","coordinates":[[121.6355254,38.9239598],[121.6356041,38.924009],[121.6365023,38.9245717]]}},{"type":"Feature","id":"way/1356188000","properties":{"highway":"secondary","name":"民生街","oneway":"yes","source":"gps","id":"way/1356188000"},"geometry":{"type":"LineString","coordinates":[[121.6384892,38.9247313],[121.6384517,38.9250305],[121.6384072,38.9254579]]}},{"type":"Feature","id":"way/1356188004","properties":{"highway":"secondary","name":"上海路","oneway":"yes","id":"way/1356188004"},"geometry":{"type":"LineString","coordinates":[[121.6343835,38.9250504],[121.634547,38.9249111],[121.6347699,38.9247213],[121.6355254,38.9239598]]}},{"type":"Feature","id":"way/1356201310","properties":{"highway":"tertiary","name":"玉光街","name:en":"Yuguang Street","name:zh":"玉光街","name:zh-Latn-pinyin":"yùguāng jiē","id":"way/1356201310"},"geometry":{"type":"LineString","coordinates":[[121.6363552,38.9177905],[121.6358946,38.9172965]]}},{"type":"Feature","id":"way/1356201311","properties":{"highway":"secondary","name":"民主广场","name:ru":"площадь Демократии","oneway":"yes","id":"way/1356201311"},"geometry":{"type":"LineString","coordinates":[[121.6424097,38.9259409],[121.6423429,38.9258576],[121.6423027,38.9257868],[121.642281,38.92572],[121.6422701,38.9256622],[121.6422666,38.9256029]]}},{"type":"Feature","id":"way/1356833371","properties":{"crossing":"uncontrolled","crossing:markings":"yes","footway":"crossing","highway":"footway","id":"way/1356833371"},"geometry":{"type":"LineString","coordinates":[[121.6338176,38.9163092],[121.6339226,38.9163429],[121.6340018,38.9163661]]}},{"type":"Feature","id":"way/1356833372","properties":{"footway":"sidewalk","highway":"footway","id":"way/1356833372"},"geometry":{"type":"LineString","coordinates":[[121.6340018,38.9163661],[121.6353043,38.9167568]]}},{"type":"Feature","id":"way/1356833378","properties":{"highway":"footway","id":"way/1356833378"},"geometry":{"type":"LineString","coordinates":[[121.6321283,38.918425],[121.6320236,38.9183057]]}},{"type":"Feature","id":"way/1356833379","properties":{"crossing":"uncontrolled","crossing:markings":"yes","footway":"crossing","highway":"footway","id":"way/1356833379"},"geometry":{"type":"LineString","coordinates":[[121.6333225,38.9176116],[121.6333955,38.9175765],[121.6334328,38.9175429]]}},{"type":"Feature","id":"way/1356833380","properties":{"footway":"sidewalk","highway":"footway","id":"way/1356833380"},"geometry":{"type":"LineString","coordinates":[[121.6334328,38.9175429],[121.6340018,38.9163661]]}},{"type":"Feature","id":"way/1356833381","properties":{"footway":"sidewalk","highway":"footway","id":"way/1356833381"},"geometry":{"type":"LineString","coordinates":[[121.6343856,38.9189554],[121.6334328,38.9175429]]}},{"type":"Feature","id":"way/1356833382","properties":{"footway":"sidewalk","highway":"footway","id":"way/1356833382"},"geometry":{"type":"LineString","coordinates":[[121.637651,38.9209785],[121.6363131,38.9211834]]}},{"type":"Feature","id":"way/1357098999","properties":{"highway":"unclassified","name":"安民街","id":"way/1357098999"},"geometry":{"type":"LineString","coordinates":[[121.6465596,38.9184242],[121.6460995,38.9184806]]}},{"type":"Feature","id":"way/1357099000","properties":{"highway":"tertiary","name":"明泽街","name:en":"Mingze Street","name:ru":"улица Мингзе","name:zh":"明泽街","name:zh-Latn-pinyin":"míngzé jiē","source":"gps","surface":"asphalt","id":"way/1357099000"},"geometry":{"type":"LineString","coordinates":[[121.6477037,38.9192378],[121.647517,38.9183042]]}},{"type":"Feature","id":"way/1357099001","properties":{"highway":"tertiary","name":"杏林街","name:en":"Xinlin Street","name:zh":"杏林街","name:zh-Latn-pinyin":"xìnglín jiē","source":"gps","surface":"asphalt","id":"way/1357099001"},"geometry":{"type":"LineString","coordinates":[[121.6458623,38.9172122],[121.6465921,38.9171375],[121.6472717,38.9170679]]}},{"type":"Feature","id":"way/1357099002","properties":{"highway":"tertiary","name":"明泽街","name:en":"Mingze Street","name:ru":"улица Мингзе","name:zh":"明泽街","name:zh-Latn-pinyin":"míngzé jiē","source":"gps","surface":"asphalt","id":"way/1357099002"},"geometry":{"type":"LineString","coordinates":[[121.647517,38.9183042],[121.6472717,38.9170679]]}},{"type":"Feature","id":"way/1357099009","properties":{"highway":"residential","id":"way/1357099009"},"geometry":{"type":"LineString","coordinates":[[121.6468226,38.9183912],[121.6465921,38.9171375]]}},{"type":"Feature","id":"way/1368805805","properties":{"highway":"service","id":"way/1368805805"},"geometry":{"type":"LineString","coordinates":[[121.6557195,38.934294],[121.6559087,38.9346259]]}},{"type":"Feature","id":"way/1368805806","properties":{"highway":"service","id":"way/1368805806"},"geometry":{"type":"LineString","coordinates":[[121.6584953,38.9329783],[121.6583076,38.933052]]}}]}